Victim_ID,Event_Timepoint,T_minus,behaviour_risk,Engagement_Deviation,Missed_Checkin
V0001,18,7,0.2441,0.147,0
V0001,18,6,0.5162,0.054,1
V0001,18,5,0.533,0.11,1
V0001,18,4,0.16160000000000002,-0.128,0
V0001,18,3,0.17600000000000002,-0.08,0
V0001,18,2,0.1988,-0.004,0
V0001,18,1,0.07370000000000002,-0.421,0
V0001,18,0,0.1973,-0.009,0
V0001,22,7,0.17600000000000002,-0.08,0
V0001,22,6,0.1988,-0.004,0
V0001,22,5,0.07370000000000002,-0.421,0
V0001,22,4,0.1973,-0.009,0
V0001,22,3,0.2156,0.052,0
V0001,22,2,0.2039,0.013,0
V0001,22,1,0.10370000000000001,-0.321,0
V0001,22,0,0.11420000000000002,-0.286,0
V0002,1,0,0.45289999999999997,-0.157,1
V0002,20,7,0.1295,-0.235,0
V0002,20,6,0.11180000000000002,-0.294,0
V0002,20,5,0.13430000000000003,-0.219,0
V0002,20,4,0.1265,-0.245,0
V0002,20,3,0.1163,-0.279,0
V0002,20,2,0.14600000000000002,-0.18,0
V0002,20,1,0.07760000000000003,-0.408,0
V0002,20,0,0.07580000000000002,-0.414,0
V0003,1,0,0.1559,-0.147,0
V0003,9,7,0.1451,-0.183,0
V0003,9,6,0.16040000000000001,-0.132,0
V0003,9,5,0.1673,-0.109,0
V0003,9,4,0.191,-0.03,0
V0003,9,3,0.1403,-0.199,0
V0003,9,2,0.10010000000000001,-0.333,0
V0003,9,1,0.2018,0.006,0
V0003,9,0,0.13670000000000002,-0.211,0
V0004,10,7,0.22640000000000002,0.088,0
V0004,10,6,0.5231,0.077,1
V0004,10,5,0.2213,0.071,0
V0004,10,4,0.2633,0.211,0
V0004,10,3,0.1958,-0.014,0
V0004,10,2,0.4994,-0.002,1
V0004,10,1,0.2984,0.328,0
V0004,10,0,0.1652,-0.116,0
V0004,12,7,0.2213,0.071,0
V0004,12,6,0.2633,0.211,0
V0004,12,5,0.1958,-0.014,0
V0004,12,4,0.4994,-0.002,1
V0004,12,3,0.2984,0.328,0
V0004,12,2,0.1652,-0.116,0
V0004,12,1,0.18530000000000002,-0.049,0
V0004,12,0,0.1316,-0.228,0
V0004,13,7,0.2633,0.211,0
V0004,13,6,0.1958,-0.014,0
V0004,13,5,0.4994,-0.002,1
V0004,13,4,0.2984,0.328,0
V0004,13,3,0.1652,-0.116,0
V0004,13,2,0.18530000000000002,-0.049,0
V0004,13,1,0.1316,-0.228,0
V0004,13,0,0.203,0.01,0
V0004,15,7,0.4994,-0.002,1
V0004,15,6,0.2984,0.328,0
V0004,15,5,0.1652,-0.116,0
V0004,15,4,0.18530000000000002,-0.049,0
V0004,15,3,0.1316,-0.228,0
V0004,15,2,0.203,0.01,0
V0004,15,1,0.20090000000000002,0.003,0
V0004,15,0,0.09530000000000002,-0.349,0
V0004,17,7,0.1652,-0.116,0
V0004,17,6,0.18530000000000002,-0.049,0
V0004,17,5,0.1316,-0.228,0
V0004,17,4,0.203,0.01,0
V0004,17,3,0.20090000000000002,0.003,0
V0004,17,2,0.09530000000000002,-0.349,0
V0004,17,1,0.03470000000000001,-0.551,0
V0004,17,0,0.07970000000000001,-0.401,0
V0004,19,7,0.1316,-0.228,0
V0004,19,6,0.203,0.01,0
V0004,19,5,0.20090000000000002,0.003,0
V0004,19,4,0.09530000000000002,-0.349,0
V0004,19,3,0.03470000000000001,-0.551,0
V0004,19,2,0.07970000000000001,-0.401,0
V0004,19,1,0.08810000000000001,-0.373,0
V0004,19,0,0.134,-0.22,0
V0005,11,7,0.07040000000000002,-0.432,0
V0005,11,6,0.13670000000000002,-0.211,0
V0005,11,5,0.065,-0.45,0
V0005,11,4,0.026000000000000023,-0.58,0
V0005,11,3,0.02300000000000002,-0.59,0
V0005,11,2,0.07760000000000003,-0.408,0
V0005,11,1,0.09380000000000002,-0.354,0
V0005,11,0,0.06140000000000001,-0.462,0
V0005,13,7,0.065,-0.45,0
V0005,13,6,0.026000000000000023,-0.58,0
V0005,13,5,0.02300000000000002,-0.59,0
V0005,13,4,0.07760000000000003,-0.408,0
V0005,13,3,0.09380000000000002,-0.354,0
V0005,13,2,0.06140000000000001,-0.462,0
V0005,13,1,0.05750000000000002,-0.475,0
V0005,13,0,0.02300000000000002,-0.59,0
V0005,15,7,0.02300000000000002,-0.59,0
V0005,15,6,0.07760000000000003,-0.408,0
V0005,15,5,0.09380000000000002,-0.354,0
V0005,15,4,0.06140000000000001,-0.462,0
V0005,15,3,0.05750000000000002,-0.475,0
V0005,15,2,0.02300000000000002,-0.59,0
V0005,15,1,0.0,-0.75,0
V0005,15,0,0.0,-0.833,0
V0005,16,7,0.07760000000000003,-0.408,0
V0005,16,6,0.09380000000000002,-0.354,0
V0005,16,5,0.06140000000000001,-0.462,0
V0005,16,4,0.05750000000000002,-0.475,0
V0005,16,3,0.02300000000000002,-0.59,0
V0005,16,2,0.0,-0.75,0
V0005,16,1,0.0,-0.833,0
V0005,16,0,0.036500000000000005,-0.545,0
V0005,17,7,0.09380000000000002,-0.354,0
V0005,17,6,0.06140000000000001,-0.462,0
V0005,17,5,0.05750000000000002,-0.475,0
V0005,17,4,0.02300000000000002,-0.59,0
V0005,17,3,0.0,-0.75,0
V0005,17,2,0.0,-0.833,0
V0005,17,1,0.036500000000000005,-0.545,0
V0005,17,0,0.0,-0.698,0
V0005,18,7,0.06140000000000001,-0.462,0
V0005,18,6,0.05750000000000002,-0.475,0
V0005,18,5,0.02300000000000002,-0.59,0
V0005,18,4,0.0,-0.75,0
V0005,18,3,0.0,-0.833,0
V0005,18,2,0.036500000000000005,-0.545,0
V0005,18,1,0.0,-0.698,0
V0005,18,0,0.0,-0.751,0
V0005,19,7,0.05750000000000002,-0.475,0
V0005,19,6,0.02300000000000002,-0.59,0
V0005,19,5,0.0,-0.75,0
V0005,19,4,0.0,-0.833,0
V0005,19,3,0.036500000000000005,-0.545,0
V0005,19,2,0.0,-0.698,0
V0005,19,1,0.0,-0.751,0
V0005,19,0,0.016400000000000026,-0.612,0
V0005,20,7,0.02300000000000002,-0.59,0
V0005,20,6,0.0,-0.75,0
V0005,20,5,0.0,-0.833,0
V0005,20,4,0.036500000000000005,-0.545,0
V0005,20,3,0.0,-0.698,0
V0005,20,2,0.0,-0.751,0
V0005,20,1,0.016400000000000026,-0.612,0
V0005,20,0,0.3275,-0.575,1
V0005,21,7,0.0,-0.75,0
V0005,21,6,0.0,-0.833,0
V0005,21,5,0.036500000000000005,-0.545,0
V0005,21,4,0.0,-0.698,0
V0005,21,3,0.0,-0.751,0
V0005,21,2,0.016400000000000026,-0.612,0
V0005,21,1,0.3275,-0.575,1
V0005,21,0,0.0,-0.797,0
V0005,22,7,0.0,-0.833,0
V0005,22,6,0.036500000000000005,-0.545,0
V0005,22,5,0.0,-0.698,0
V0005,22,4,0.0,-0.751,0
V0005,22,3,0.016400000000000026,-0.612,0
V0005,22,2,0.3275,-0.575,1
V0005,22,1,0.0,-0.797,0
V0005,22,0,0.0,-0.852,0
V0005,23,7,0.036500000000000005,-0.545,0
V0005,23,6,0.0,-0.698,0
V0005,23,5,0.0,-0.751,0
V0005,23,4,0.016400000000000026,-0.612,0
V0005,23,3,0.3275,-0.575,1
V0005,23,2,0.0,-0.797,0
V0005,23,1,0.0,-0.852,0
V0005,23,0,0.0,-0.722,0
V0007,20,7,0.1658,-0.114,0
V0007,20,6,0.1004,-0.332,0
V0007,20,5,0.1703,-0.099,0
V0007,20,4,0.1655,-0.115,0
V0007,20,3,0.101,-0.33,0
V0007,20,2,0.1817,-0.061,0
V0007,20,1,0.1688,-0.104,0
V0007,20,0,0.13940000000000002,-0.202,0
V0009,10,7,0.19490000000000002,-0.017,0
V0009,10,6,0.22790000000000002,0.093,0
V0009,10,5,0.2339,0.113,0
V0009,10,4,0.164,-0.12,0
V0009,10,3,0.2111,0.037,0
V0009,10,2,0.21710000000000002,0.057,0
V0009,10,1,0.13970000000000002,-0.201,0
V0009,10,0,0.2078,0.026,0
V0015,11,7,0.19160000000000002,-0.028,0
V0015,11,6,0.218,0.06,0
V0015,11,5,0.17720000000000002,-0.076,0
V0015,11,4,0.22790000000000002,0.093,0
V0015,11,3,0.2324,0.108,0
V0015,11,2,0.22910000000000003,0.097,0
V0015,11,1,0.2162,0.054,0
V0015,11,0,0.1685,-0.105,0
V0017,6,5,0.13520000000000001,-0.216,0
V0017,6,4,0.45799999999999996,-0.14,1
V0017,6,3,0.167,-0.11,0
V0017,6,2,0.1544,-0.152,0
V0017,6,1,0.15710000000000002,-0.143,0
V0017,6,0,0.4433,-0.189,1
V0018,5,4,0.07340000000000002,-0.422,0
V0018,5,3,0.06830000000000003,-0.439,0
V0018,5,2,0.029900000000000038,-0.567,0
V0018,5,1,0.10070000000000001,-0.331,0
V0018,5,0,0.03770000000000001,-0.541,0
V0018,19,7,0.0,-0.713,0
V0018,19,6,0.27080000000000004,-0.764,1
V0018,19,5,0.029600000000000043,-0.568,0
V0018,19,4,0.05990000000000001,-0.467,0
V0018,19,3,0.128,-0.24,0
V0018,19,2,0.0,-0.72,0
V0018,19,1,0.00020000000000000573,-0.666,0
V0018,19,0,0.0,-0.691,0
V0019,17,7,0.19130000000000003,-0.029,0
V0019,17,6,0.1499,-0.167,0
V0019,17,5,0.1817,-0.061,0
V0019,17,4,0.2369,0.123,0
V0019,17,3,0.1706,-0.098,0
V0019,17,2,0.1784,-0.072,0
V0019,17,1,0.1613,-0.129,0
V0019,17,0,0.13490000000000002,-0.217,0
V0019,20,7,0.2369,0.123,0
V0019,20,6,0.1706,-0.098,0
V0019,20,5,0.1784,-0.072,0
V0019,20,4,0.1613,-0.129,0
V0019,20,3,0.13490000000000002,-0.217,0
V0019,20,2,0.17120000000000002,-0.096,0
V0019,20,1,0.1451,-0.183,0
V0019,20,0,0.1685,-0.105,0
V0019,23,7,0.1613,-0.129,0
V0019,23,6,0.13490000000000002,-0.217,0
V0019,23,5,0.17120000000000002,-0.096,0
V0019,23,4,0.1451,-0.183,0
V0019,23,3,0.1685,-0.105,0
V0019,23,2,0.2,0.0,0
V0019,23,1,0.11210000000000002,-0.293,0
V0019,23,0,0.14,-0.2,0
V0021,10,7,0.2066,0.022,0
V0021,10,6,0.1418,-0.194,0
V0021,10,5,0.17870000000000003,-0.071,0
V0021,10,4,0.13670000000000002,-0.211,0
V0021,10,3,0.098,-0.34,0
V0021,10,2,0.04340000000000002,-0.522,0
V0021,10,1,0.4268,-0.244,1
V0021,10,0,0.11120000000000002,-0.296,0
V0021,12,7,0.17870000000000003,-0.071,0
V0021,12,6,0.13670000000000002,-0.211,0
V0021,12,5,0.098,-0.34,0
V0021,12,4,0.04340000000000002,-0.522,0
V0021,12,3,0.4268,-0.244,1
V0021,12,2,0.11120000000000002,-0.296,0
V0021,12,1,0.09200000000000001,-0.36,0
V0021,12,0,0.11120000000000002,-0.296,0
V0021,13,7,0.13670000000000002,-0.211,0
V0021,13,6,0.098,-0.34,0
V0021,13,5,0.04340000000000002,-0.522,0
V0021,13,4,0.4268,-0.244,1
V0021,13,3,0.11120000000000002,-0.296,0
V0021,13,2,0.09200000000000001,-0.36,0
V0021,13,1,0.11120000000000002,-0.296,0
V0021,13,0,0.09260000000000002,-0.358,0
V0021,21,7,0.4106,-0.298,1
V0021,21,6,0.10250000000000001,-0.325,0
V0021,21,5,0.05720000000000003,-0.476,0
V0021,21,4,0.01610000000000003,-0.613,0
V0021,21,3,0.060200000000000004,-0.466,0
V0021,21,2,0.03320000000000001,-0.556,0
V0021,21,1,0.04370000000000002,-0.521,0
V0021,21,0,0.0383,-0.539,0
V0021,22,7,0.10250000000000001,-0.325,0
V0021,22,6,0.05720000000000003,-0.476,0
V0021,22,5,0.01610000000000003,-0.613,0
V0021,22,4,0.060200000000000004,-0.466,0
V0021,22,3,0.03320000000000001,-0.556,0
V0021,22,2,0.04370000000000002,-0.521,0
V0021,22,1,0.0383,-0.539,0
V0021,22,0,0.0461,-0.513,0
V0023,18,7,0.09680000000000002,-0.344,0
V0023,18,6,0.05030000000000001,-0.499,0
V0023,18,5,0.06410000000000002,-0.453,0
V0023,18,4,0.09680000000000002,-0.344,0
V0023,18,3,0.08240000000000001,-0.392,0
V0023,18,2,0.06380000000000002,-0.454,0
V0023,18,1,0.08750000000000002,-0.375,0
V0023,18,0,0.09680000000000002,-0.344,0
V0024,15,7,0.1361,-0.213,0
V0024,15,6,0.05990000000000001,-0.467,0
V0024,15,5,0.05090000000000003,-0.497,0
V0024,15,4,0.038000000000000006,-0.54,0
V0024,15,3,0.04880000000000001,-0.504,0
V0024,15,2,0.060200000000000004,-0.466,0
V0024,15,1,0.07700000000000003,-0.41,0
V0024,15,0,0.060200000000000004,-0.466,0
V0024,19,7,0.04880000000000001,-0.504,0
V0024,19,6,0.060200000000000004,-0.466,0
V0024,19,5,0.07700000000000003,-0.41,0
V0024,19,4,0.060200000000000004,-0.466,0
V0024,19,3,0.11210000000000002,-0.293,0
V0024,19,2,0.3533,-0.489,1
V0024,19,1,0.04340000000000002,-0.522,0
V0024,19,0,0.058400000000000035,-0.472,0
V0024,20,7,0.060200000000000004,-0.466,0
V0024,20,6,0.07700000000000003,-0.41,0
V0024,20,5,0.060200000000000004,-0.466,0
V0024,20,4,0.11210000000000002,-0.293,0
V0024,20,3,0.3533,-0.489,1
V0024,20,2,0.04340000000000002,-0.522,0
V0024,20,1,0.058400000000000035,-0.472,0
V0024,20,0,0.03950000000000001,-0.535,0
V0024,23,7,0.11210000000000002,-0.293,0
V0024,23,6,0.3533,-0.489,1
V0024,23,5,0.04340000000000002,-0.522,0
V0024,23,4,0.058400000000000035,-0.472,0
V0024,23,3,0.03950000000000001,-0.535,0
V0024,23,2,0.0635,-0.455,0
V0024,23,1,0.038000000000000006,-0.54,0
V0024,23,0,0.33199999999999996,-0.56,1
V0025,7,6,0.22490000000000002,0.083,0
V0025,7,5,0.233,0.11,0
V0025,7,4,0.2315,0.105,0
V0025,7,3,0.1865,-0.045,0
V0025,7,2,0.1481,-0.173,0
V0025,7,1,0.20450000000000002,0.015,0
V0025,7,0,0.1748,-0.084,0
V0025,14,7,0.1748,-0.084,0
V0025,14,6,0.46399999999999997,-0.12,1
V0025,14,5,0.1811,-0.063,0
V0025,14,4,0.404,-0.32,1
V0025,14,3,0.1322,-0.226,0
V0025,14,2,0.1814,-0.062,0
V0025,14,1,0.13130000000000003,-0.229,0
V0025,14,0,0.1958,-0.014,0
V0025,18,7,0.1322,-0.226,0
V0025,18,6,0.1814,-0.062,0
V0025,18,5,0.13130000000000003,-0.229,0
V0025,18,4,0.1958,-0.014,0
V0025,18,3,0.12620000000000003,-0.246,0
V0025,18,2,0.1628,-0.124,0
V0025,18,1,0.11240000000000001,-0.292,0
V0025,18,0,0.16460000000000002,-0.118,0
V0025,19,7,0.1814,-0.062,0
V0025,19,6,0.13130000000000003,-0.229,0
V0025,19,5,0.1958,-0.014,0
V0025,19,4,0.12620000000000003,-0.246,0
V0025,19,3,0.1628,-0.124,0
V0025,19,2,0.11240000000000001,-0.292,0
V0025,19,1,0.16460000000000002,-0.118,0
V0025,19,0,0.09260000000000002,-0.358,0
V0025,21,7,0.1958,-0.014,0
V0025,21,6,0.12620000000000003,-0.246,0
V0025,21,5,0.1628,-0.124,0
V0025,21,4,0.11240000000000001,-0.292,0
V0025,21,3,0.16460000000000002,-0.118,0
V0025,21,2,0.09260000000000002,-0.358,0
V0025,21,1,0.125,-0.25,0
V0025,21,0,0.09530000000000002,-0.349,0
V0025,22,7,0.12620000000000003,-0.246,0
V0025,22,6,0.1628,-0.124,0
V0025,22,5,0.11240000000000001,-0.292,0
V0025,22,4,0.16460000000000002,-0.118,0
V0025,22,3,0.09260000000000002,-0.358,0
V0025,22,2,0.125,-0.25,0
V0025,22,1,0.09530000000000002,-0.349,0
V0025,22,0,0.10520000000000002,-0.316,0
V0027,17,7,0.1463,-0.179,0
V0027,17,6,0.167,-0.11,0
V0027,17,5,0.1958,-0.014,0
V0027,17,4,0.10460000000000001,-0.318,0
V0027,17,3,0.1592,-0.136,0
V0027,17,2,0.1709,-0.097,0
V0027,17,1,0.09650000000000002,-0.345,0
V0027,17,0,0.09980000000000001,-0.334,0
V0027,21,7,0.1592,-0.136,0
V0027,21,6,0.1709,-0.097,0
V0027,21,5,0.09650000000000002,-0.345,0
V0027,21,4,0.09980000000000001,-0.334,0
V0027,21,3,0.11060000000000002,-0.298,0
V0027,21,2,0.022100000000000036,-0.593,0
V0027,21,1,0.029900000000000038,-0.567,0
V0027,21,0,0.10400000000000001,-0.32,0
V0027,23,7,0.09650000000000002,-0.345,0
V0027,23,6,0.09980000000000001,-0.334,0
V0027,23,5,0.11060000000000002,-0.298,0
V0027,23,4,0.022100000000000036,-0.593,0
V0027,23,3,0.029900000000000038,-0.567,0
V0027,23,2,0.10400000000000001,-0.32,0
V0027,23,1,0.027500000000000024,-0.575,0
V0027,23,0,0.03920000000000001,-0.536,0
V0028,17,7,0.21530000000000002,0.051,0
V0028,17,6,0.07160000000000002,-0.428,0
V0028,17,5,0.1448,-0.184,0
V0028,17,4,0.4406,-0.198,1
V0028,17,3,0.1184,-0.272,0
V0028,17,2,0.17300000000000001,-0.09,0
V0028,17,1,0.20120000000000002,0.004,0
V0028,17,0,0.1967,-0.011,0
V0029,8,7,0.11240000000000001,-0.292,0
V0029,8,6,0.13790000000000002,-0.207,0
V0029,8,5,0.10700000000000001,-0.31,0
V0029,8,4,0.10370000000000001,-0.321,0
V0029,8,3,0.08570000000000001,-0.381,0
V0029,8,2,0.10790000000000001,-0.307,0
V0029,8,1,0.09350000000000001,-0.355,0
V0029,8,0,0.11090000000000001,-0.297,0
V0030,8,7,0.1925,-0.025,0
V0030,8,6,0.1643,-0.119,0
V0030,8,5,0.1685,-0.105,0
V0030,8,4,0.1466,-0.178,0
V0030,8,3,0.16010000000000002,-0.133,0
V0030,8,2,0.45230000000000004,-0.159,1
V0030,8,1,0.1811,-0.063,0
V0030,8,0,0.08630000000000002,-0.379,0
V0030,10,7,0.1685,-0.105,0
V0030,10,6,0.1466,-0.178,0
V0030,10,5,0.16010000000000002,-0.133,0
V0030,10,4,0.45230000000000004,-0.159,1
V0030,10,3,0.1811,-0.063,0
V0030,10,2,0.08630000000000002,-0.379,0
V0030,10,1,0.12350000000000001,-0.255,0
V0030,10,0,0.1625,-0.125,0
V0030,12,7,0.16010000000000002,-0.133,0
V0030,12,6,0.45230000000000004,-0.159,1
V0030,12,5,0.1811,-0.063,0
V0030,12,4,0.08630000000000002,-0.379,0
V0030,12,3,0.12350000000000001,-0.255,0
V0030,12,2,0.1625,-0.125,0
V0030,12,1,0.09290000000000002,-0.357,0
V0030,12,0,0.10490000000000001,-0.317,0
V0030,14,7,0.1811,-0.063,0
V0030,14,6,0.08630000000000002,-0.379,0
V0030,14,5,0.12350000000000001,-0.255,0
V0030,14,4,0.1625,-0.125,0
V0030,14,3,0.09290000000000002,-0.357,0
V0030,14,2,0.10490000000000001,-0.317,0
V0030,14,1,0.05240000000000003,-0.492,0
V0030,14,0,0.11150000000000002,-0.295,0
V0030,15,7,0.08630000000000002,-0.379,0
V0030,15,6,0.12350000000000001,-0.255,0
V0030,15,5,0.1625,-0.125,0
V0030,15,4,0.09290000000000002,-0.357,0
V0030,15,3,0.10490000000000001,-0.317,0
V0030,15,2,0.05240000000000003,-0.492,0
V0030,15,1,0.11150000000000002,-0.295,0
V0030,15,0,0.0971,-0.343,0
V0030,17,7,0.1625,-0.125,0
V0030,17,6,0.09290000000000002,-0.357,0
V0030,17,5,0.10490000000000001,-0.317,0
V0030,17,4,0.05240000000000003,-0.492,0
V0030,17,3,0.11150000000000002,-0.295,0
V0030,17,2,0.0971,-0.343,0
V0030,17,1,0.02870000000000003,-0.571,0
V0030,17,0,0.08270000000000001,-0.391,0
V0030,21,7,0.11150000000000002,-0.295,0
V0030,21,6,0.0971,-0.343,0
V0030,21,5,0.02870000000000003,-0.571,0
V0030,21,4,0.08270000000000001,-0.391,0
V0030,21,3,0.06680000000000003,-0.444,0
V0030,21,2,0.02930000000000002,-0.569,0
V0030,21,1,0.06740000000000002,-0.442,0
V0030,21,0,0.07790000000000002,-0.407,0
V0031,23,7,0.4793,-0.069,1
V0031,23,6,0.2708,0.236,0
V0031,23,5,0.1943,-0.019,0
V0031,23,4,0.21080000000000002,0.036,0
V0031,23,3,0.1736,-0.088,0
V0031,23,2,0.1907,-0.031,0
V0031,23,1,0.2222,0.074,0
V0031,23,0,0.13820000000000002,-0.206,0
V0034,11,7,0.2606,0.202,0
V0034,11,6,0.1895,-0.035,0
V0034,11,5,0.2768,0.256,0
V0034,11,4,0.24710000000000001,0.157,0
V0034,11,3,0.2501,0.167,0
V0034,11,2,0.19340000000000002,-0.022,0
V0034,11,1,0.2306,0.102,0
V0034,11,0,0.22640000000000002,0.088,0
V0034,13,7,0.2768,0.256,0
V0034,13,6,0.24710000000000001,0.157,0
V0034,13,5,0.2501,0.167,0
V0034,13,4,0.19340000000000002,-0.022,0
V0034,13,3,0.2306,0.102,0
V0034,13,2,0.22640000000000002,0.088,0
V0034,13,1,0.2585,0.195,0
V0034,13,0,0.1715,-0.095,0
V0034,16,7,0.19340000000000002,-0.022,0
V0034,16,6,0.2306,0.102,0
V0034,16,5,0.22640000000000002,0.088,0
V0034,16,4,0.2585,0.195,0
V0034,16,3,0.1715,-0.095,0
V0034,16,2,0.20900000000000002,0.03,0
V0034,16,1,0.2021,0.007,0
V0034,16,0,0.1628,-0.124,0
V0034,17,7,0.2306,0.102,0
V0034,17,6,0.22640000000000002,0.088,0
V0034,17,5,0.2585,0.195,0
V0034,17,4,0.1715,-0.095,0
V0034,17,3,0.20900000000000002,0.03,0
V0034,17,2,0.2021,0.007,0
V0034,17,1,0.1628,-0.124,0
V0034,17,0,0.1778,-0.074,0
V0034,21,7,0.20900000000000002,0.03,0
V0034,21,6,0.2021,0.007,0
V0034,21,5,0.1628,-0.124,0
V0034,21,4,0.1778,-0.074,0
V0034,21,3,0.1502,-0.166,0
V0034,21,2,0.16610000000000003,-0.113,0
V0034,21,1,0.1865,-0.045,0
V0034,21,0,0.49160000000000004,-0.028,1
V0034,22,7,0.2021,0.007,0
V0034,22,6,0.1628,-0.124,0
V0034,22,5,0.1778,-0.074,0
V0034,22,4,0.1502,-0.166,0
V0034,22,3,0.16610000000000003,-0.113,0
V0034,22,2,0.1865,-0.045,0
V0034,22,1,0.49160000000000004,-0.028,1
V0034,22,0,0.13640000000000002,-0.212,0
V0035,2,1,0.1652,-0.116,0
V0035,2,0,0.5321,0.107,1
V0036,4,3,0.14720000000000003,-0.176,0
V0036,4,2,0.13670000000000002,-0.211,0
V0036,4,1,0.12890000000000001,-0.237,0
V0036,4,0,0.09200000000000001,-0.36,0
V0036,5,4,0.14720000000000003,-0.176,0
V0036,5,3,0.13670000000000002,-0.211,0
V0036,5,2,0.12890000000000001,-0.237,0
V0036,5,1,0.09200000000000001,-0.36,0
V0036,5,0,0.06890000000000002,-0.437,0
V0036,13,7,0.04940000000000003,-0.502,0
V0036,13,6,0.09320000000000002,-0.356,0
V0036,13,5,0.06380000000000002,-0.454,0
V0036,13,4,0.11240000000000001,-0.292,0
V0036,13,3,0.002600000000000019,-0.658,0
V0036,13,2,0.0368,-0.544,0
V0036,13,1,0.013100000000000028,-0.623,0
V0036,13,0,0.0,-0.672,0
V0039,14,7,0.10070000000000001,-0.331,0
V0039,14,6,0.11870000000000001,-0.271,0
V0039,14,5,0.07670000000000002,-0.411,0
V0039,14,4,0.07880000000000001,-0.404,0
V0039,14,3,0.056900000000000034,-0.477,0
V0039,14,2,0.09440000000000003,-0.352,0
V0039,14,1,0.04040000000000002,-0.532,0
V0039,14,0,0.08960000000000001,-0.368,0
V0039,17,7,0.07880000000000001,-0.404,0
V0039,17,6,0.056900000000000034,-0.477,0
V0039,17,5,0.09440000000000003,-0.352,0
V0039,17,4,0.04040000000000002,-0.532,0
V0039,17,3,0.08960000000000001,-0.368,0
V0039,17,2,0.08480000000000001,-0.384,0
V0039,17,1,0.05090000000000003,-0.497,0
V0039,17,0,0.11720000000000001,-0.276,0
V0039,23,7,0.05090000000000003,-0.497,0
V0039,23,6,0.11720000000000001,-0.276,0
V0039,23,5,0.07760000000000003,-0.408,0
V0039,23,4,0.07970000000000001,-0.401,0
V0039,23,3,0.015200000000000019,-0.616,0
V0039,23,2,0.068,-0.44,0
V0039,23,1,0.06680000000000003,-0.444,0
V0039,23,0,0.15530000000000002,-0.149,0
V0042,14,7,0.1598,-0.134,0
V0042,14,6,0.14570000000000002,-0.181,0
V0042,14,5,0.1925,-0.025,0
V0042,14,4,0.09470000000000002,-0.351,0
V0042,14,3,0.1223,-0.259,0
V0042,14,2,0.12110000000000001,-0.263,0
V0042,14,1,0.1688,-0.104,0
V0042,14,0,0.12530000000000002,-0.249,0
V0042,22,7,0.11510000000000002,-0.283,0
V0042,22,6,0.026000000000000023,-0.58,0
V0042,22,5,0.10460000000000001,-0.318,0
V0042,22,4,0.10760000000000002,-0.308,0
V0042,22,3,0.1169,-0.277,0
V0042,22,2,0.098,-0.34,0
V0042,22,1,0.0989,-0.337,0
V0042,22,0,0.07850000000000001,-0.405,0
V0043,15,7,0.5438000000000001,0.146,1
V0043,15,6,0.1703,-0.099,0
V0043,15,5,0.2117,0.039,0
V0043,15,4,0.1796,-0.068,0
V0043,15,3,0.1598,-0.134,0
V0043,15,2,0.18530000000000002,-0.049,0
V0043,15,1,0.1907,-0.031,0
V0043,15,0,0.22640000000000002,0.088,0
V0043,18,7,0.1796,-0.068,0
V0043,18,6,0.1598,-0.134,0
V0043,18,5,0.18530000000000002,-0.049,0
V0043,18,4,0.1907,-0.031,0
V0043,18,3,0.22640000000000002,0.088,0
V0043,18,2,0.14840000000000003,-0.172,0
V0043,18,1,0.2066,0.022,0
V0043,18,0,0.08180000000000001,-0.394,0
V0047,11,7,0.2465,0.155,0
V0047,11,6,0.2354,0.118,0
V0047,11,5,0.2366,0.122,0
V0047,11,4,0.1799,-0.067,0
V0047,11,3,0.2525,0.175,0
V0047,11,2,0.2162,0.054,0
V0047,11,1,0.164,-0.12,0
V0047,11,0,0.2177,0.059,0
V0047,12,7,0.2354,0.118,0
V0047,12,6,0.2366,0.122,0
V0047,12,5,0.1799,-0.067,0
V0047,12,4,0.2525,0.175,0
V0047,12,3,0.2162,0.054,0
V0047,12,2,0.164,-0.12,0
V0047,12,1,0.2177,0.059,0
V0047,12,0,0.13130000000000003,-0.229,0
V0047,18,7,0.2177,0.059,0
V0047,18,6,0.13130000000000003,-0.229,0
V0047,18,5,0.164,-0.12,0
V0047,18,4,0.1532,-0.156,0
V0047,18,3,0.09860000000000001,-0.338,0
V0047,18,2,0.07490000000000002,-0.417,0
V0047,18,1,0.07220000000000001,-0.426,0
V0047,18,0,0.0635,-0.455,0
V0047,19,7,0.13130000000000003,-0.229,0
V0047,19,6,0.164,-0.12,0
V0047,19,5,0.1532,-0.156,0
V0047,19,4,0.09860000000000001,-0.338,0
V0047,19,3,0.07490000000000002,-0.417,0
V0047,19,2,0.07220000000000001,-0.426,0
V0047,19,1,0.0635,-0.455,0
V0047,19,0,0.1433,-0.189,0
V0047,20,7,0.164,-0.12,0
V0047,20,6,0.1532,-0.156,0
V0047,20,5,0.09860000000000001,-0.338,0
V0047,20,4,0.07490000000000002,-0.417,0
V0047,20,3,0.07220000000000001,-0.426,0
V0047,20,2,0.0635,-0.455,0
V0047,20,1,0.1433,-0.189,0
V0047,20,0,0.04580000000000001,-0.514,0
V0047,21,7,0.1532,-0.156,0
V0047,21,6,0.09860000000000001,-0.338,0
V0047,21,5,0.07490000000000002,-0.417,0
V0047,21,4,0.07220000000000001,-0.426,0
V0047,21,3,0.0635,-0.455,0
V0047,21,2,0.1433,-0.189,0
V0047,21,1,0.04580000000000001,-0.514,0
V0047,21,0,0.09650000000000002,-0.345,0
V0047,22,7,0.09860000000000001,-0.338,0
V0047,22,6,0.07490000000000002,-0.417,0
V0047,22,5,0.07220000000000001,-0.426,0
V0047,22,4,0.0635,-0.455,0
V0047,22,3,0.1433,-0.189,0
V0047,22,2,0.04580000000000001,-0.514,0
V0047,22,1,0.09650000000000002,-0.345,0
V0047,22,0,0.07160000000000002,-0.428,0
V0049,10,7,0.4304,-0.232,1
V0049,10,6,0.4052,-0.316,1
V0049,10,5,0.03770000000000001,-0.541,0
V0049,10,4,0.042200000000000015,-0.526,0
V0049,10,3,0.05600000000000002,-0.48,0
V0049,10,2,0.1466,-0.178,0
V0049,10,1,0.07010000000000002,-0.433,0
V0049,10,0,0.4124,-0.292,1
V0049,16,7,0.07010000000000002,-0.433,0
V0049,16,6,0.4124,-0.292,1
V0049,16,5,0.11450000000000002,-0.285,0
V0049,16,4,0.047000000000000014,-0.51,0
V0049,16,3,0.09350000000000001,-0.355,0
V0049,16,2,0.09380000000000002,-0.354,0
V0049,16,1,0.07880000000000001,-0.404,0
V0049,16,0,0.05990000000000001,-0.467,0
V0049,17,7,0.4124,-0.292,1
V0049,17,6,0.11450000000000002,-0.285,0
V0049,17,5,0.047000000000000014,-0.51,0
V0049,17,4,0.09350000000000001,-0.355,0
V0049,17,3,0.09380000000000002,-0.354,0
V0049,17,2,0.07880000000000001,-0.404,0
V0049,17,1,0.05990000000000001,-0.467,0
V0049,17,0,0.02510000000000004,-0.583,0
V0049,21,7,0.09380000000000002,-0.354,0
V0049,21,6,0.07880000000000001,-0.404,0
V0049,21,5,0.05990000000000001,-0.467,0
V0049,21,4,0.02510000000000004,-0.583,0
V0049,21,3,0.0,-0.701,0
V0049,21,2,0.023900000000000032,-0.587,0
V0049,21,1,0.008300000000000002,-0.639,0
V0049,21,0,0.3332,-0.556,1
V0052,13,7,0.14540000000000003,-0.182,0
V0052,13,6,0.1715,-0.095,0
V0052,13,5,0.1466,-0.178,0
V0052,13,4,0.13430000000000003,-0.219,0
V0052,13,3,0.10880000000000002,-0.304,0
V0052,13,2,0.15230000000000002,-0.159,0
V0052,13,1,0.1526,-0.158,0
V0052,13,0,0.19130000000000003,-0.029,0
V0052,15,7,0.1466,-0.178,0
V0052,15,6,0.13430000000000003,-0.219,0
V0052,15,5,0.10880000000000002,-0.304,0
V0052,15,4,0.15230000000000002,-0.159,0
V0052,15,3,0.1526,-0.158,0
V0052,15,2,0.19130000000000003,-0.029,0
V0052,15,1,0.12620000000000003,-0.246,0
V0052,15,0,0.1628,-0.124,0
V0052,18,7,0.15230000000000002,-0.159,0
V0052,18,6,0.1526,-0.158,0
V0052,18,5,0.19130000000000003,-0.029,0
V0052,18,4,0.12620000000000003,-0.246,0
V0052,18,3,0.1628,-0.124,0
V0052,18,2,0.08570000000000001,-0.381,0
V0052,18,1,0.08000000000000002,-0.4,0
V0052,18,0,0.33199999999999996,-0.56,1
V0052,19,7,0.1526,-0.158,0
V0052,19,6,0.19130000000000003,-0.029,0
V0052,19,5,0.12620000000000003,-0.246,0
V0052,19,4,0.1628,-0.124,0
V0052,19,3,0.08570000000000001,-0.381,0
V0052,19,2,0.08000000000000002,-0.4,0
V0052,19,1,0.33199999999999996,-0.56,1
V0052,19,0,0.0,-0.821,0
V0052,20,7,0.19130000000000003,-0.029,0
V0052,20,6,0.12620000000000003,-0.246,0
V0052,20,5,0.1628,-0.124,0
V0052,20,4,0.08570000000000001,-0.381,0
V0052,20,3,0.08000000000000002,-0.4,0
V0052,20,2,0.33199999999999996,-0.56,1
V0052,20,1,0.0,-0.821,0
V0052,20,0,0.05570000000000003,-0.481,0
V0052,21,7,0.12620000000000003,-0.246,0
V0052,21,6,0.1628,-0.124,0
V0052,21,5,0.08570000000000001,-0.381,0
V0052,21,4,0.08000000000000002,-0.4,0
V0052,21,3,0.33199999999999996,-0.56,1
V0052,21,2,0.0,-0.821,0
V0052,21,1,0.05570000000000003,-0.481,0
V0052,21,0,0.0338,-0.554,0
V0052,22,7,0.1628,-0.124,0
V0052,22,6,0.08570000000000001,-0.381,0
V0052,22,5,0.08000000000000002,-0.4,0
V0052,22,4,0.33199999999999996,-0.56,1
V0052,22,3,0.0,-0.821,0
V0052,22,2,0.05570000000000003,-0.481,0
V0052,22,1,0.0338,-0.554,0
V0052,22,0,0.0431,-0.523,0
V0053,17,7,0.2273,0.091,0
V0053,17,6,0.2129,0.043,0
V0053,17,5,0.15410000000000001,-0.153,0
V0053,17,4,0.16670000000000001,-0.111,0
V0053,17,3,0.13190000000000002,-0.227,0
V0053,17,2,0.20450000000000002,0.015,0
V0053,17,1,0.11810000000000001,-0.273,0
V0053,17,0,0.09200000000000001,-0.36,0
V0054,18,7,0.11480000000000003,-0.284,0
V0054,18,6,0.11330000000000003,-0.289,0
V0054,18,5,0.040700000000000014,-0.531,0
V0054,18,4,0.12350000000000001,-0.255,0
V0054,18,3,0.1658,-0.114,0
V0054,18,2,0.101,-0.33,0
V0054,18,1,0.1532,-0.156,0
V0054,18,0,0.17,-0.1,0
V0054,20,7,0.040700000000000014,-0.531,0
V0054,20,6,0.12350000000000001,-0.255,0
V0054,20,5,0.1658,-0.114,0
V0054,20,4,0.101,-0.33,0
V0054,20,3,0.1532,-0.156,0
V0054,20,2,0.17,-0.1,0
V0054,20,1,0.20600000000000002,0.02,0
V0054,20,0,0.08450000000000002,-0.385,0
V0054,22,7,0.1658,-0.114,0
V0054,22,6,0.101,-0.33,0
V0054,22,5,0.1532,-0.156,0
V0054,22,4,0.17,-0.1,0
V0054,22,3,0.20600000000000002,0.02,0
V0054,22,2,0.08450000000000002,-0.385,0
V0054,22,1,0.08360000000000001,-0.388,0
V0054,22,0,0.1862,-0.046,0
V0056,8,7,0.20420000000000002,0.014,0
V0056,8,6,0.22010000000000002,0.067,0
V0056,8,5,0.1958,-0.014,0
V0056,8,4,0.17120000000000002,-0.096,0
V0056,8,3,0.2141,0.047,0
V0056,8,2,0.1739,-0.087,0
V0056,8,1,0.19160000000000002,-0.028,0
V0056,8,0,0.15650000000000003,-0.145,0
V0056,17,7,0.2393,0.131,0
V0056,17,6,0.1184,-0.272,0
V0056,17,5,0.17450000000000002,-0.085,0
V0056,17,4,0.1904,-0.032,0
V0056,17,3,0.1739,-0.087,0
V0056,17,2,0.11060000000000002,-0.298,0
V0056,17,1,0.1781,-0.073,0
V0056,17,0,0.1034,-0.322,0
V0056,22,7,0.11060000000000002,-0.298,0
V0056,22,6,0.1781,-0.073,0
V0056,22,5,0.1034,-0.322,0
V0056,22,4,0.04550000000000001,-0.515,0
V0056,22,3,0.12560000000000002,-0.248,0
V0056,22,2,0.12470000000000002,-0.251,0
V0056,22,1,0.13490000000000002,-0.217,0
V0056,22,0,0.12470000000000002,-0.251,0
V0058,14,7,0.16610000000000003,-0.113,0
V0058,14,6,0.08090000000000001,-0.397,0
V0058,14,5,0.1496,-0.168,0
V0058,14,4,0.17,-0.1,0
V0058,14,3,0.161,-0.13,0
V0058,14,2,0.24050000000000002,0.135,0
V0058,14,1,0.1706,-0.098,0
V0058,14,0,0.18530000000000002,-0.049,0
V0058,16,7,0.1496,-0.168,0
V0058,16,6,0.17,-0.1,0
V0058,16,5,0.161,-0.13,0
V0058,16,4,0.24050000000000002,0.135,0
V0058,16,3,0.1706,-0.098,0
V0058,16,2,0.18530000000000002,-0.049,0
V0058,16,1,0.20120000000000002,0.004,0
V0058,16,0,0.23450000000000001,0.115,0
V0058,19,7,0.24050000000000002,0.135,0
V0058,19,6,0.1706,-0.098,0
V0058,19,5,0.18530000000000002,-0.049,0
V0058,19,4,0.20120000000000002,0.004,0
V0058,19,3,0.23450000000000001,0.115,0
V0058,19,2,0.2192,0.064,0
V0058,19,1,0.18530000000000002,-0.049,0
V0058,19,0,0.12710000000000002,-0.243,0
V0059,2,1,0.101,-0.33,0
V0059,2,0,0.06290000000000001,-0.457,0
V0059,5,4,0.101,-0.33,0
V0059,5,3,0.06290000000000001,-0.457,0
V0059,5,2,0.035900000000000015,-0.547,0
V0059,5,1,0.13580000000000003,-0.214,0
V0059,5,0,0.11180000000000002,-0.294,0
V0059,6,5,0.101,-0.33,0
V0059,6,4,0.06290000000000001,-0.457,0
V0059,6,3,0.035900000000000015,-0.547,0
V0059,6,2,0.13580000000000003,-0.214,0
V0059,6,1,0.11180000000000002,-0.294,0
V0059,6,0,0.0,-0.809,0
V0059,10,7,0.035900000000000015,-0.547,0
V0059,10,6,0.13580000000000003,-0.214,0
V0059,10,5,0.11180000000000002,-0.294,0
V0059,10,4,0.0,-0.809,0
V0059,10,3,0.0,-0.818,0
V0059,10,2,0.0,-0.697,0
V0059,10,1,0.0,-0.688,0
V0059,10,0,0.0,-0.896,0
V0060,15,7,0.1904,-0.032,0
V0060,15,6,0.18200000000000002,-0.06,0
V0060,15,5,0.2237,0.079,0
V0060,15,4,0.3023,0.341,0
V0060,15,3,0.2039,0.013,0
V0060,15,2,0.2237,0.079,0
V0060,15,1,0.2519,0.173,0
V0060,15,0,0.1841,-0.053,0
V0061,15,7,0.07430000000000003,-0.419,0
V0061,15,6,0.1193,-0.269,0
V0061,15,5,0.08120000000000001,-0.396,0
V0061,15,4,0.04490000000000002,-0.517,0
V0061,15,3,0.03259999999999999,-0.558,0
V0061,15,2,0.03559999999999999,-0.548,0
V0061,15,1,0.10460000000000001,-0.318,0
V0061,15,0,0.058400000000000035,-0.472,0
V0061,19,7,0.03259999999999999,-0.558,0
V0061,19,6,0.03559999999999999,-0.548,0
V0061,19,5,0.10460000000000001,-0.318,0
V0061,19,4,0.058400000000000035,-0.472,0
V0061,19,3,0.116,-0.28,0
V0061,19,2,0.04550000000000001,-0.515,0
V0061,19,1,0.3761,-0.413,1
V0061,19,0,0.1019,-0.327,0
V0066,17,7,0.18560000000000001,-0.048,0
V0066,17,6,0.1607,-0.131,0
V0066,17,5,0.5117,0.039,1
V0066,17,4,0.47509999999999997,-0.083,1
V0066,17,3,0.2084,0.028,0
V0066,17,2,0.1973,-0.009,0
V0066,17,1,0.2411,0.137,0
V0066,17,0,0.2594,0.198,0
V0066,22,7,0.1973,-0.009,0
V0066,22,6,0.2411,0.137,0
V0066,22,5,0.2594,0.198,0
V0066,22,4,0.1748,-0.084,0
V0066,22,3,0.491,-0.03,1
V0066,22,2,0.17420000000000002,-0.086,0
V0066,22,1,0.2033,0.011,0
V0066,22,0,0.18860000000000002,-0.038,0
V0067,8,7,0.4517,-0.161,1
V0067,8,6,0.14840000000000003,-0.172,0
V0067,8,5,0.20600000000000002,0.02,0
V0067,8,4,0.18860000000000002,-0.038,0
V0067,8,3,0.16670000000000001,-0.111,0
V0067,8,2,0.1451,-0.183,0
V0067,8,1,0.1655,-0.115,0
V0067,8,0,0.14420000000000002,-0.186,0
V0070,22,7,0.18980000000000002,-0.034,0
V0070,22,6,0.1703,-0.099,0
V0070,22,5,0.194,-0.02,0
V0070,22,4,0.1889,-0.037,0
V0070,22,3,0.1625,-0.125,0
V0070,22,2,0.1811,-0.063,0
V0070,22,1,0.19610000000000002,-0.013,0
V0070,22,0,0.18080000000000002,-0.064,0
V0072,2,1,0.125,-0.25,0
V0072,2,0,0.1622,-0.126,0
V0072,10,7,0.1799,-0.067,0
V0072,10,6,0.11150000000000002,-0.295,0
V0072,10,5,0.0695,-0.435,0
V0072,10,4,0.06290000000000001,-0.457,0
V0072,10,3,0.12200000000000001,-0.26,0
V0072,10,2,0.0,-0.695,0
V0072,10,1,0.0,-0.722,0
V0072,10,0,0.05210000000000001,-0.493,0
V0072,11,7,0.11150000000000002,-0.295,0
V0072,11,6,0.0695,-0.435,0
V0072,11,5,0.06290000000000001,-0.457,0
V0072,11,4,0.12200000000000001,-0.26,0
V0072,11,3,0.0,-0.695,0
V0072,11,2,0.0,-0.722,0
V0072,11,1,0.05210000000000001,-0.493,0
V0072,11,0,0.02930000000000002,-0.569,0
V0072,19,7,0.0,-0.668,0
V0072,19,6,0.061700000000000005,-0.461,0
V0072,19,5,0.023300000000000015,-0.589,0
V0072,19,4,0.0,-0.685,0
V0072,19,3,0.0368,-0.544,0
V0072,19,2,0.020000000000000018,-0.6,0
V0072,19,1,0.01100000000000001,-0.63,0
V0072,19,0,0.0,-0.703,0
V0072,21,7,0.023300000000000015,-0.589,0
V0072,21,6,0.0,-0.685,0
V0072,21,5,0.0368,-0.544,0
V0072,21,4,0.020000000000000018,-0.6,0
V0072,21,3,0.01100000000000001,-0.63,0
V0072,21,2,0.0,-0.703,0
V0072,21,1,0.004400000000000015,-0.652,0
V0072,21,0,0.009200000000000014,-0.636,0
V0072,22,7,0.0,-0.685,0
V0072,22,6,0.0368,-0.544,0
V0072,22,5,0.020000000000000018,-0.6,0
V0072,22,4,0.01100000000000001,-0.63,0
V0072,22,3,0.0,-0.703,0
V0072,22,2,0.004400000000000015,-0.652,0
V0072,22,1,0.009200000000000014,-0.636,0
V0072,22,0,0.0353,-0.549,0
V0073,20,7,0.12710000000000002,-0.243,0
V0073,20,6,0.09140000000000002,-0.362,0
V0073,20,5,0.18830000000000002,-0.039,0
V0073,20,4,0.14090000000000003,-0.197,0
V0073,20,3,0.116,-0.28,0
V0073,20,2,0.11720000000000001,-0.276,0
V0073,20,1,0.08120000000000001,-0.396,0
V0073,20,0,0.035900000000000015,-0.547,0
V0073,23,7,0.14090000000000003,-0.197,0
V0073,23,6,0.116,-0.28,0
V0073,23,5,0.11720000000000001,-0.276,0
V0073,23,4,0.08120000000000001,-0.396,0
V0073,23,3,0.035900000000000015,-0.547,0
V0073,23,2,0.04490000000000002,-0.517,0
V0073,23,1,0.06770000000000001,-0.441,0
V0073,23,0,0.08450000000000002,-0.385,0
V0075,18,7,0.11150000000000002,-0.295,0
V0075,18,6,0.2036,0.012,0
V0075,18,5,0.4517,-0.161,1
V0075,18,4,0.10250000000000001,-0.325,0
V0075,18,3,0.12830000000000003,-0.239,0
V0075,18,2,0.14780000000000001,-0.174,0
V0075,18,1,0.11750000000000001,-0.275,0
V0075,18,0,0.10910000000000002,-0.303,0
V0076,23,7,0.21050000000000002,0.035,0
V0076,23,6,0.06890000000000002,-0.437,0
V0076,23,5,0.06230000000000002,-0.459,0
V0076,23,4,0.04190000000000002,-0.527,0
V0076,23,3,0.03620000000000001,-0.546,0
V0076,23,2,0.05540000000000003,-0.482,0
V0076,23,1,0.0,-0.697,0
V0076,23,0,0.05810000000000001,-0.473,0
V0078,23,7,0.23600000000000002,0.12,0
V0078,23,6,0.2114,0.038,0
V0078,23,5,0.1985,-0.005,0
V0078,23,4,0.2525,0.175,0
V0078,23,3,0.19130000000000003,-0.029,0
V0078,23,2,0.17600000000000002,-0.08,0
V0078,23,1,0.21830000000000002,0.061,0
V0078,23,0,0.08870000000000001,-0.371,0
V0079,7,6,0.251,0.17,0
V0079,7,5,0.245,0.15,0
V0079,7,4,0.5225,0.075,1
V0079,7,3,0.2204,0.068,0
V0079,7,2,0.22340000000000002,0.078,0
V0079,7,1,0.3014,0.338,0
V0079,7,0,0.20270000000000002,0.009,0
V0079,17,7,0.49970000000000003,-0.001,1
V0079,17,6,0.21680000000000002,0.056,0
V0079,17,5,0.1607,-0.131,0
V0079,17,4,0.2252,0.084,0
V0079,17,3,0.5171,0.057,1
V0079,17,2,0.15410000000000001,-0.153,0
V0079,17,1,0.1496,-0.168,0
V0079,17,0,0.13130000000000003,-0.229,0
V0079,20,7,0.2252,0.084,0
V0079,20,6,0.5171,0.057,1
V0079,20,5,0.15410000000000001,-0.153,0
V0079,20,4,0.1496,-0.168,0
V0079,20,3,0.13130000000000003,-0.229,0
V0079,20,2,0.13580000000000003,-0.214,0
V0079,20,1,0.1562,-0.146,0
V0079,20,0,0.15080000000000002,-0.164,0
V0079,22,7,0.15410000000000001,-0.153,0
V0079,22,6,0.1496,-0.168,0
V0079,22,5,0.13130000000000003,-0.229,0
V0079,22,4,0.13580000000000003,-0.214,0
V0079,22,3,0.1562,-0.146,0
V0079,22,2,0.15080000000000002,-0.164,0
V0079,22,1,0.17570000000000002,-0.081,0
V0079,22,0,0.1829,-0.057,0
V0079,23,7,0.1496,-0.168,0
V0079,23,6,0.13130000000000003,-0.229,0
V0079,23,5,0.13580000000000003,-0.214,0
V0079,23,4,0.1562,-0.146,0
V0079,23,3,0.15080000000000002,-0.164,0
V0079,23,2,0.17570000000000002,-0.081,0
V0079,23,1,0.1829,-0.057,0
V0079,23,0,0.11510000000000002,-0.283,0
V0080,16,7,0.14090000000000003,-0.197,0
V0080,16,6,0.161,-0.13,0
V0080,16,5,0.15860000000000002,-0.138,0
V0080,16,4,0.1544,-0.152,0
V0080,16,3,0.1748,-0.084,0
V0080,16,2,0.12530000000000002,-0.249,0
V0080,16,1,0.09590000000000003,-0.347,0
V0080,16,0,0.10610000000000001,-0.313,0
V0080,17,7,0.161,-0.13,0
V0080,17,6,0.15860000000000002,-0.138,0
V0080,17,5,0.1544,-0.152,0
V0080,17,4,0.1748,-0.084,0
V0080,17,3,0.12530000000000002,-0.249,0
V0080,17,2,0.09590000000000003,-0.347,0
V0080,17,1,0.10610000000000001,-0.313,0
V0080,17,0,0.07040000000000002,-0.432,0
V0080,19,7,0.1544,-0.152,0
V0080,19,6,0.1748,-0.084,0
V0080,19,5,0.12530000000000002,-0.249,0
V0080,19,4,0.09590000000000003,-0.347,0
V0080,19,3,0.10610000000000001,-0.313,0
V0080,19,2,0.07040000000000002,-0.432,0
V0080,19,1,0.07280000000000003,-0.424,0
V0080,19,0,0.10700000000000001,-0.31,0
V0080,20,7,0.1748,-0.084,0
V0080,20,6,0.12530000000000002,-0.249,0
V0080,20,5,0.09590000000000003,-0.347,0
V0080,20,4,0.10610000000000001,-0.313,0
V0080,20,3,0.07040000000000002,-0.432,0
V0080,20,2,0.07280000000000003,-0.424,0
V0080,20,1,0.10700000000000001,-0.31,0
V0080,20,0,0.06770000000000001,-0.441,0
V0080,21,7,0.12530000000000002,-0.249,0
V0080,21,6,0.09590000000000003,-0.347,0
V0080,21,5,0.10610000000000001,-0.313,0
V0080,21,4,0.07040000000000002,-0.432,0
V0080,21,3,0.07280000000000003,-0.424,0
V0080,21,2,0.10700000000000001,-0.31,0
V0080,21,1,0.06770000000000001,-0.441,0
V0080,21,0,0.042800000000000005,-0.524,0
V0081,13,7,0.1892,-0.036,0
V0081,13,6,0.1988,-0.004,0
V0081,13,5,0.19010000000000002,-0.033,0
V0081,13,4,0.15860000000000002,-0.138,0
V0081,13,3,0.1952,-0.016,0
V0081,13,2,0.2411,0.137,0
V0081,13,1,0.1748,-0.084,0
V0081,13,0,0.164,-0.12,0
V0081,21,7,0.1652,-0.116,0
V0081,21,6,0.15530000000000002,-0.149,0
V0081,21,5,0.1004,-0.332,0
V0081,21,4,0.101,-0.33,0
V0081,21,3,0.2285,0.095,0
V0081,21,2,0.16460000000000002,-0.118,0
V0081,21,1,0.4289,-0.237,1
V0081,21,0,0.1928,-0.024,0
V0082,14,7,0.11450000000000002,-0.285,0
V0082,14,6,0.4391,-0.203,1
V0082,14,5,0.16190000000000002,-0.127,0
V0082,14,4,0.13880000000000003,-0.204,0
V0082,14,3,0.2021,0.007,0
V0082,14,2,0.1322,-0.226,0
V0082,14,1,0.09110000000000001,-0.363,0
V0082,14,0,0.1295,-0.235,0
V0082,18,7,0.2021,0.007,0
V0082,18,6,0.1322,-0.226,0
V0082,18,5,0.09110000000000001,-0.363,0
V0082,18,4,0.1295,-0.235,0
V0082,18,3,0.14390000000000003,-0.187,0
V0082,18,2,0.12020000000000002,-0.266,0
V0082,18,1,0.1265,-0.245,0
V0082,18,0,0.13280000000000003,-0.224,0
V0082,19,7,0.1322,-0.226,0
V0082,19,6,0.09110000000000001,-0.363,0
V0082,19,5,0.1295,-0.235,0
V0082,19,4,0.14390000000000003,-0.187,0
V0082,19,3,0.12020000000000002,-0.266,0
V0082,19,2,0.1265,-0.245,0
V0082,19,1,0.13280000000000003,-0.224,0
V0082,19,0,0.14840000000000003,-0.172,0
V0082,20,7,0.09110000000000001,-0.363,0
V0082,20,6,0.1295,-0.235,0
V0082,20,5,0.14390000000000003,-0.187,0
V0082,20,4,0.12020000000000002,-0.266,0
V0082,20,3,0.1265,-0.245,0
V0082,20,2,0.13280000000000003,-0.224,0
V0082,20,1,0.14840000000000003,-0.172,0
V0082,20,0,0.10010000000000001,-0.333,0
V0082,21,7,0.1295,-0.235,0
V0082,21,6,0.14390000000000003,-0.187,0
V0082,21,5,0.12020000000000002,-0.266,0
V0082,21,4,0.1265,-0.245,0
V0082,21,3,0.13280000000000003,-0.224,0
V0082,21,2,0.14840000000000003,-0.172,0
V0082,21,1,0.10010000000000001,-0.333,0
V0082,21,0,0.05360000000000001,-0.488,0
V0082,23,7,0.12020000000000002,-0.266,0
V0082,23,6,0.1265,-0.245,0
V0082,23,5,0.13280000000000003,-0.224,0
V0082,23,4,0.14840000000000003,-0.172,0
V0082,23,3,0.10010000000000001,-0.333,0
V0082,23,2,0.05360000000000001,-0.488,0
V0082,23,1,0.13640000000000002,-0.212,0
V0082,23,0,0.0971,-0.343,0
V0084,17,7,0.1433,-0.189,0
V0084,17,6,0.425,-0.25,1
V0084,17,5,0.1385,-0.205,0
V0084,17,4,0.17600000000000002,-0.08,0
V0084,17,3,0.1433,-0.189,0
V0084,17,2,0.10820000000000002,-0.306,0
V0084,17,1,0.1514,-0.162,0
V0084,17,0,0.1391,-0.203,0
V0085,19,7,0.16190000000000002,-0.127,0
V0085,19,6,0.1004,-0.332,0
V0085,19,5,0.07220000000000001,-0.426,0
V0085,19,4,0.08570000000000001,-0.381,0
V0085,19,3,0.09140000000000002,-0.362,0
V0085,19,2,0.0791,-0.403,0
V0085,19,1,0.046400000000000025,-0.512,0
V0085,19,0,0.0,-0.701,0
V0085,20,7,0.1004,-0.332,0
V0085,20,6,0.07220000000000001,-0.426,0
V0085,20,5,0.08570000000000001,-0.381,0
V0085,20,4,0.09140000000000002,-0.362,0
V0085,20,3,0.0791,-0.403,0
V0085,20,2,0.046400000000000025,-0.512,0
V0085,20,1,0.0,-0.701,0
V0085,20,0,0.0,-0.726,0
V0086,15,7,0.10850000000000001,-0.305,0
V0086,15,6,0.11060000000000002,-0.298,0
V0086,15,5,0.11180000000000002,-0.294,0
V0086,15,4,0.1592,-0.136,0
V0086,15,3,0.13580000000000003,-0.214,0
V0086,15,2,0.1574,-0.142,0
V0086,15,1,0.06560000000000002,-0.448,0
V0086,15,0,0.07670000000000002,-0.411,0
V0087,6,5,0.2267,0.089,0
V0087,6,4,0.16610000000000003,-0.113,0
V0087,6,3,0.1847,-0.051,0
V0087,6,2,0.1937,-0.021,0
V0087,6,1,0.1958,-0.014,0
V0087,6,0,0.1517,-0.161,0
V0089,10,7,0.49219999999999997,-0.026,1
V0089,10,6,0.1652,-0.116,0
V0089,10,5,0.1736,-0.088,0
V0089,10,4,0.1778,-0.074,0
V0089,10,3,0.15080000000000002,-0.164,0
V0089,10,2,0.1724,-0.092,0
V0089,10,1,0.16460000000000002,-0.118,0
V0089,10,0,0.15050000000000002,-0.165,0
V0089,15,7,0.1724,-0.092,0
V0089,15,6,0.16460000000000002,-0.118,0
V0089,15,5,0.15050000000000002,-0.165,0
V0089,15,4,0.1598,-0.134,0
V0089,15,3,0.17450000000000002,-0.085,0
V0089,15,2,0.4631,-0.123,1
V0089,15,1,0.1307,-0.231,0
V0089,15,0,0.13670000000000002,-0.211,0
V0090,8,7,0.2501,0.167,0
V0090,8,6,0.18830000000000002,-0.039,0
V0090,8,5,0.5096,0.032,1
V0090,8,4,0.2495,0.165,0
V0090,8,3,0.2054,0.018,0
V0090,8,2,0.24860000000000002,0.162,0
V0090,8,1,0.2744,0.248,0
V0090,8,0,0.1874,-0.042,0
V0090,9,7,0.18830000000000002,-0.039,0
V0090,9,6,0.5096,0.032,1
V0090,9,5,0.2495,0.165,0
V0090,9,4,0.2054,0.018,0
V0090,9,3,0.24860000000000002,0.162,0
V0090,9,2,0.2744,0.248,0
V0090,9,1,0.1874,-0.042,0
V0090,9,0,0.17720000000000002,-0.076,0
V0090,11,7,0.2495,0.165,0
V0090,11,6,0.2054,0.018,0
V0090,11,5,0.24860000000000002,0.162,0
V0090,11,4,0.2744,0.248,0
V0090,11,3,0.1874,-0.042,0
V0090,11,2,0.17720000000000002,-0.076,0
V0090,11,1,0.1502,-0.166,0
V0090,11,0,0.1595,-0.135,0
V0090,12,7,0.2054,0.018,0
V0090,12,6,0.24860000000000002,0.162,0
V0090,12,5,0.2744,0.248,0
V0090,12,4,0.1874,-0.042,0
V0090,12,3,0.17720000000000002,-0.076,0
V0090,12,2,0.1502,-0.166,0
V0090,12,1,0.1595,-0.135,0
V0090,12,0,0.101,-0.33,0
V0090,13,7,0.24860000000000002,0.162,0
V0090,13,6,0.2744,0.248,0
V0090,13,5,0.1874,-0.042,0
V0090,13,4,0.17720000000000002,-0.076,0
V0090,13,3,0.1502,-0.166,0
V0090,13,2,0.1595,-0.135,0
V0090,13,1,0.101,-0.33,0
V0090,13,0,0.04250000000000001,-0.525,0
V0090,16,7,0.17720000000000002,-0.076,0
V0090,16,6,0.1502,-0.166,0
V0090,16,5,0.1595,-0.135,0
V0090,16,4,0.101,-0.33,0
V0090,16,3,0.04250000000000001,-0.525,0
V0090,16,2,0.10850000000000001,-0.305,0
V0090,16,1,0.08270000000000001,-0.391,0
V0090,16,0,0.0338,-0.554,0
V0090,17,7,0.1502,-0.166,0
V0090,17,6,0.1595,-0.135,0
V0090,17,5,0.101,-0.33,0
V0090,17,4,0.04250000000000001,-0.525,0
V0090,17,3,0.10850000000000001,-0.305,0
V0090,17,2,0.08270000000000001,-0.391,0
V0090,17,1,0.0338,-0.554,0
V0090,17,0,0.09350000000000001,-0.355,0
V0090,19,7,0.101,-0.33,0
V0090,19,6,0.04250000000000001,-0.525,0
V0090,19,5,0.10850000000000001,-0.305,0
V0090,19,4,0.08270000000000001,-0.391,0
V0090,19,3,0.0338,-0.554,0
V0090,19,2,0.09350000000000001,-0.355,0
V0090,19,1,0.4088,-0.304,1
V0090,19,0,0.07010000000000002,-0.433,0
V0090,21,7,0.10850000000000001,-0.305,0
V0090,21,6,0.08270000000000001,-0.391,0
V0090,21,5,0.0338,-0.554,0
V0090,21,4,0.09350000000000001,-0.355,0
V0090,21,3,0.4088,-0.304,1
V0090,21,2,0.07010000000000002,-0.433,0
V0090,21,1,0.054200000000000026,-0.486,0
V0090,21,0,0.044300000000000006,-0.519,0
V0090,22,7,0.08270000000000001,-0.391,0
V0090,22,6,0.0338,-0.554,0
V0090,22,5,0.09350000000000001,-0.355,0
V0090,22,4,0.4088,-0.304,1
V0090,22,3,0.07010000000000002,-0.433,0
V0090,22,2,0.054200000000000026,-0.486,0
V0090,22,1,0.044300000000000006,-0.519,0
V0090,22,0,0.08120000000000001,-0.396,0
V0091,11,7,0.07220000000000001,-0.426,0
V0091,11,6,0.07760000000000003,-0.408,0
V0091,11,5,0.10310000000000001,-0.323,0
V0091,11,4,0.08540000000000002,-0.382,0
V0091,11,3,0.07430000000000003,-0.419,0
V0091,11,2,0.042200000000000015,-0.526,0
V0091,11,1,0.08960000000000001,-0.368,0
V0091,11,0,0.035,-0.55,0
V0091,15,7,0.07430000000000003,-0.419,0
V0091,15,6,0.042200000000000015,-0.526,0
V0091,15,5,0.08960000000000001,-0.368,0
V0091,15,4,0.035,-0.55,0
V0091,15,3,0.07580000000000002,-0.414,0
V0091,15,2,0.10430000000000002,-0.319,0
V0091,15,1,0.08000000000000002,-0.4,0
V0091,15,0,0.0032000000000000084,-0.656,0
V0094,15,7,0.5078,0.026,1
V0094,15,6,0.14570000000000002,-0.181,0
V0094,15,5,0.1403,-0.199,0
V0094,15,4,0.13580000000000003,-0.214,0
V0094,15,3,0.16490000000000002,-0.117,0
V0094,15,2,0.1991,-0.003,0
V0094,15,1,0.1562,-0.146,0
V0094,15,0,0.14600000000000002,-0.18,0
V0094,20,7,0.1991,-0.003,0
V0094,20,6,0.1562,-0.146,0
V0094,20,5,0.14600000000000002,-0.18,0
V0094,20,4,0.03320000000000001,-0.556,0
V0094,20,3,0.0974,-0.342,0
V0094,20,2,0.040700000000000014,-0.531,0
V0094,20,1,0.07610000000000003,-0.413,0
V0094,20,0,0.07520000000000002,-0.416,0
V0094,23,7,0.03320000000000001,-0.556,0
V0094,23,6,0.0974,-0.342,0
V0094,23,5,0.040700000000000014,-0.531,0
V0094,23,4,0.07610000000000003,-0.413,0
V0094,23,3,0.07520000000000002,-0.416,0
V0094,23,2,0.03259999999999999,-0.558,0
V0094,23,1,0.04880000000000001,-0.504,0
V0094,23,0,0.06620000000000001,-0.446,0
V0098,4,3,0.5,0.0,1
V0098,4,2,0.2078,0.026,0
V0098,4,1,0.1721,-0.093,0
V0098,4,0,0.2015,0.005,0
V0098,16,7,0.1784,-0.072,0
V0098,16,6,0.497,-0.01,1
V0098,16,5,0.4904,-0.032,1
V0098,16,4,0.1844,-0.052,0
V0098,16,3,0.1754,-0.082,0
V0098,16,2,0.20570000000000002,0.019,0
V0098,16,1,0.1718,-0.094,0
V0098,16,0,0.1331,-0.223,0
V0098,18,7,0.4904,-0.032,1
V0098,18,6,0.1844,-0.052,0
V0098,18,5,0.1754,-0.082,0
V0098,18,4,0.20570000000000002,0.019,0
V0098,18,3,0.1718,-0.094,0
V0098,18,2,0.1331,-0.223,0
V0098,18,1,0.125,-0.25,0
V0098,18,0,0.1481,-0.173,0
V0098,19,7,0.1844,-0.052,0
V0098,19,6,0.1754,-0.082,0
V0098,19,5,0.20570000000000002,0.019,0
V0098,19,4,0.1718,-0.094,0
V0098,19,3,0.1331,-0.223,0
V0098,19,2,0.125,-0.25,0
V0098,19,1,0.1481,-0.173,0
V0098,19,0,0.0353,-0.549,0
V0098,20,7,0.1754,-0.082,0
V0098,20,6,0.20570000000000002,0.019,0
V0098,20,5,0.1718,-0.094,0
V0098,20,4,0.1331,-0.223,0
V0098,20,3,0.125,-0.25,0
V0098,20,2,0.1481,-0.173,0
V0098,20,1,0.0353,-0.549,0
V0098,20,0,0.0974,-0.342,0
V0098,22,7,0.1718,-0.094,0
V0098,22,6,0.1331,-0.223,0
V0098,22,5,0.125,-0.25,0
V0098,22,4,0.1481,-0.173,0
V0098,22,3,0.0353,-0.549,0
V0098,22,2,0.0974,-0.342,0
V0098,22,1,0.04940000000000003,-0.502,0
V0098,22,0,0.05000000000000002,-0.5,0
V0098,23,7,0.1331,-0.223,0
V0098,23,6,0.125,-0.25,0
V0098,23,5,0.1481,-0.173,0
V0098,23,4,0.0353,-0.549,0
V0098,23,3,0.0974,-0.342,0
V0098,23,2,0.04940000000000003,-0.502,0
V0098,23,1,0.05000000000000002,-0.5,0
V0098,23,0,0.06710000000000002,-0.443,0
V0099,15,7,0.2555,0.185,0
V0099,15,6,0.224,0.08,0
V0099,15,5,0.2054,0.018,0
V0099,15,4,0.1595,-0.135,0
V0099,15,3,0.4835,-0.055,1
V0099,15,2,0.23420000000000002,0.114,0
V0099,15,1,0.2318,0.106,0
V0099,15,0,0.24200000000000002,0.14,0
V0099,20,7,0.23420000000000002,0.114,0
V0099,20,6,0.2318,0.106,0
V0099,20,5,0.24200000000000002,0.14,0
V0099,20,4,0.2651,0.217,0
V0099,20,3,0.22760000000000002,0.092,0
V0099,20,2,0.25970000000000004,0.199,0
V0099,20,1,0.19310000000000002,-0.023,0
V0099,20,0,0.18080000000000002,-0.064,0
V0099,23,7,0.2651,0.217,0
V0099,23,6,0.22760000000000002,0.092,0
V0099,23,5,0.25970000000000004,0.199,0
V0099,23,4,0.19310000000000002,-0.023,0
V0099,23,3,0.18080000000000002,-0.064,0
V0099,23,2,0.12680000000000002,-0.244,0
V0099,23,1,0.11270000000000002,-0.291,0
V0099,23,0,0.13670000000000002,-0.211,0
V0100,14,7,0.1952,-0.016,0
V0100,14,6,0.25070000000000003,0.169,0
V0100,14,5,0.2111,0.037,0
V0100,14,4,0.1592,-0.136,0
V0100,14,3,0.1814,-0.062,0
V0100,14,2,0.12020000000000002,-0.266,0
V0100,14,1,0.11750000000000001,-0.275,0
V0100,14,0,0.08180000000000001,-0.394,0
V0100,17,7,0.1592,-0.136,0
V0100,17,6,0.1814,-0.062,0
V0100,17,5,0.12020000000000002,-0.266,0
V0100,17,4,0.11750000000000001,-0.275,0
V0100,17,3,0.08180000000000001,-0.394,0
V0100,17,2,0.08360000000000001,-0.388,0
V0100,17,1,0.09920000000000001,-0.336,0
V0100,17,0,0.05570000000000003,-0.481,0
V0100,19,7,0.12020000000000002,-0.266,0
V0100,19,6,0.11750000000000001,-0.275,0
V0100,19,5,0.08180000000000001,-0.394,0
V0100,19,4,0.08360000000000001,-0.388,0
V0100,19,3,0.09920000000000001,-0.336,0
V0100,19,2,0.05570000000000003,-0.481,0
V0100,19,1,0.10220000000000001,-0.326,0
V0100,19,0,0.11870000000000001,-0.271,0
V0100,20,7,0.11750000000000001,-0.275,0
V0100,20,6,0.08180000000000001,-0.394,0
V0100,20,5,0.08360000000000001,-0.388,0
V0100,20,4,0.09920000000000001,-0.336,0
V0100,20,3,0.05570000000000003,-0.481,0
V0100,20,2,0.10220000000000001,-0.326,0
V0100,20,1,0.11870000000000001,-0.271,0
V0100,20,0,0.11030000000000002,-0.299,0
V0100,21,7,0.08180000000000001,-0.394,0
V0100,21,6,0.08360000000000001,-0.388,0
V0100,21,5,0.09920000000000001,-0.336,0
V0100,21,4,0.05570000000000003,-0.481,0
V0100,21,3,0.10220000000000001,-0.326,0
V0100,21,2,0.11870000000000001,-0.271,0
V0100,21,1,0.11030000000000002,-0.299,0
V0100,21,0,0.06290000000000001,-0.457,0
V0100,22,7,0.08360000000000001,-0.388,0
V0100,22,6,0.09920000000000001,-0.336,0
V0100,22,5,0.05570000000000003,-0.481,0
V0100,22,4,0.10220000000000001,-0.326,0
V0100,22,3,0.11870000000000001,-0.271,0
V0100,22,2,0.11030000000000002,-0.299,0
V0100,22,1,0.06290000000000001,-0.457,0
V0100,22,0,0.08660000000000001,-0.378,0
V0100,23,7,0.09920000000000001,-0.336,0
V0100,23,6,0.05570000000000003,-0.481,0
V0100,23,5,0.10220000000000001,-0.326,0
V0100,23,4,0.11870000000000001,-0.271,0
V0100,23,3,0.11030000000000002,-0.299,0
V0100,23,2,0.06290000000000001,-0.457,0
V0100,23,1,0.08660000000000001,-0.378,0
V0100,23,0,0.3533,-0.489,1
V0104,12,7,0.09260000000000002,-0.358,0
V0104,12,6,0.10850000000000001,-0.305,0
V0104,12,5,0.09050000000000001,-0.365,0
V0104,12,4,0.14570000000000002,-0.181,0
V0104,12,3,0.09170000000000002,-0.361,0
V0104,12,2,0.08330000000000001,-0.389,0
V0104,12,1,0.15380000000000002,-0.154,0
V0104,12,0,0.0476,-0.508,0
V0105,15,7,0.13790000000000002,-0.207,0
V0105,15,6,0.1622,-0.126,0
V0105,15,5,0.251,0.17,0
V0105,15,4,0.20090000000000002,0.003,0
V0105,15,3,0.185,-0.05,0
V0105,15,2,0.218,0.06,0
V0105,15,1,0.4373,-0.209,1
V0105,15,0,0.455,-0.15,1
V0105,17,7,0.251,0.17,0
V0105,17,6,0.20090000000000002,0.003,0
V0105,17,5,0.185,-0.05,0
V0105,17,4,0.218,0.06,0
V0105,17,3,0.4373,-0.209,1
V0105,17,2,0.455,-0.15,1
V0105,17,1,0.1688,-0.104,0
V0105,17,0,0.11960000000000001,-0.268,0
V0106,17,7,0.18080000000000002,-0.064,0
V0106,17,6,0.16640000000000002,-0.112,0
V0106,17,5,0.2093,0.031,0
V0106,17,4,0.18560000000000001,-0.048,0
V0106,17,3,0.2189,0.063,0
V0106,17,2,0.1865,-0.045,0
V0106,17,1,0.15860000000000002,-0.138,0
V0106,17,0,0.1937,-0.021,0
V0108,4,3,0.2528,0.176,0
V0108,4,2,0.2177,0.059,0
V0108,4,1,0.2522,0.174,0
V0108,4,0,0.2192,0.064,0
V0108,15,7,0.23270000000000002,0.109,0
V0108,15,6,0.515,0.05,1
V0108,15,5,0.1574,-0.142,0
V0108,15,4,0.2048,0.016,0
V0108,15,3,0.1526,-0.158,0
V0108,15,2,0.1448,-0.184,0
V0108,15,1,0.11480000000000003,-0.284,0
V0108,15,0,0.11330000000000003,-0.289,0
V0108,19,7,0.1526,-0.158,0
V0108,19,6,0.1448,-0.184,0
V0108,19,5,0.11480000000000003,-0.284,0
V0108,19,4,0.11330000000000003,-0.289,0
V0108,19,3,0.11330000000000003,-0.289,0
V0108,19,2,0.1688,-0.104,0
V0108,19,1,0.1301,-0.233,0
V0108,19,0,0.09140000000000002,-0.362,0
V0109,17,7,0.23450000000000001,0.115,0
V0109,17,6,0.2048,0.016,0
V0109,17,5,0.5741,0.247,1
V0109,17,4,0.2096,0.032,0
V0109,17,3,0.2426,0.142,0
V0109,17,2,0.2063,0.021,0
V0109,17,1,0.15410000000000001,-0.153,0
V0109,17,0,0.4547,-0.151,1
V0109,23,7,0.15410000000000001,-0.153,0
V0109,23,6,0.4547,-0.151,1
V0109,23,5,0.2114,0.038,0
V0109,23,4,0.17,-0.1,0
V0109,23,3,0.17570000000000002,-0.081,0
V0109,23,2,0.1889,-0.037,0
V0109,23,1,0.1433,-0.189,0
V0109,23,0,0.13940000000000002,-0.202,0
V0110,12,7,0.2099,0.033,0
V0110,12,6,0.2039,0.013,0
V0110,12,5,0.12830000000000003,-0.239,0
V0110,12,4,0.13730000000000003,-0.209,0
V0110,12,3,0.09200000000000001,-0.36,0
V0110,12,2,0.14300000000000002,-0.19,0
V0110,12,1,0.16970000000000002,-0.101,0
V0110,12,0,0.12320000000000002,-0.256,0
V0110,17,7,0.14300000000000002,-0.19,0
V0110,17,6,0.16970000000000002,-0.101,0
V0110,17,5,0.12320000000000002,-0.256,0
V0110,17,4,0.1433,-0.189,0
V0110,17,3,0.11420000000000002,-0.286,0
V0110,17,2,0.0791,-0.403,0
V0110,17,1,0.05120000000000002,-0.496,0
V0110,17,0,0.05990000000000001,-0.467,0
V0110,18,7,0.16970000000000002,-0.101,0
V0110,18,6,0.12320000000000002,-0.256,0
V0110,18,5,0.1433,-0.189,0
V0110,18,4,0.11420000000000002,-0.286,0
V0110,18,3,0.0791,-0.403,0
V0110,18,2,0.05120000000000002,-0.496,0
V0110,18,1,0.05990000000000001,-0.467,0
V0110,18,0,0.07640000000000002,-0.412,0
V0110,19,7,0.12320000000000002,-0.256,0
V0110,19,6,0.1433,-0.189,0
V0110,19,5,0.11420000000000002,-0.286,0
V0110,19,4,0.0791,-0.403,0
V0110,19,3,0.05120000000000002,-0.496,0
V0110,19,2,0.05990000000000001,-0.467,0
V0110,19,1,0.07640000000000002,-0.412,0
V0110,19,0,0.02720000000000003,-0.576,0
V0110,20,7,0.1433,-0.189,0
V0110,20,6,0.11420000000000002,-0.286,0
V0110,20,5,0.0791,-0.403,0
V0110,20,4,0.05120000000000002,-0.496,0
V0110,20,3,0.05990000000000001,-0.467,0
V0110,20,2,0.07640000000000002,-0.412,0
V0110,20,1,0.02720000000000003,-0.576,0
V0110,20,0,0.03290000000000001,-0.557,0
V0110,21,7,0.11420000000000002,-0.286,0
V0110,21,6,0.0791,-0.403,0
V0110,21,5,0.05120000000000002,-0.496,0
V0110,21,4,0.05990000000000001,-0.467,0
V0110,21,3,0.07640000000000002,-0.412,0
V0110,21,2,0.02720000000000003,-0.576,0
V0110,21,1,0.03290000000000001,-0.557,0
V0110,21,0,0.03890000000000002,-0.537,0
V0111,13,7,0.11570000000000001,-0.281,0
V0111,13,6,0.19490000000000002,-0.017,0
V0111,13,5,0.09650000000000002,-0.345,0
V0111,13,4,0.4145,-0.285,1
V0111,13,3,0.12470000000000002,-0.251,0
V0111,13,2,0.2033,0.011,0
V0111,13,1,0.14900000000000002,-0.17,0
V0111,13,0,0.4649,-0.117,1
V0111,15,7,0.09650000000000002,-0.345,0
V0111,15,6,0.4145,-0.285,1
V0111,15,5,0.12470000000000002,-0.251,0
V0111,15,4,0.2033,0.011,0
V0111,15,3,0.14900000000000002,-0.17,0
V0111,15,2,0.4649,-0.117,1
V0111,15,1,0.197,-0.01,0
V0111,15,0,0.1496,-0.168,0
V0111,18,7,0.2033,0.011,0
V0111,18,6,0.14900000000000002,-0.17,0
V0111,18,5,0.4649,-0.117,1
V0111,18,4,0.197,-0.01,0
V0111,18,3,0.1496,-0.168,0
V0111,18,2,0.12380000000000001,-0.254,0
V0111,18,1,0.013100000000000028,-0.623,0
V0111,18,0,0.060200000000000004,-0.466,0
V0111,20,7,0.4649,-0.117,1
V0111,20,6,0.197,-0.01,0
V0111,20,5,0.1496,-0.168,0
V0111,20,4,0.12380000000000001,-0.254,0
V0111,20,3,0.013100000000000028,-0.623,0
V0111,20,2,0.060200000000000004,-0.466,0
V0111,20,1,0.08450000000000002,-0.385,0
V0111,20,0,0.03890000000000002,-0.537,0
V0111,21,7,0.197,-0.01,0
V0111,21,6,0.1496,-0.168,0
V0111,21,5,0.12380000000000001,-0.254,0
V0111,21,4,0.013100000000000028,-0.623,0
V0111,21,3,0.060200000000000004,-0.466,0
V0111,21,2,0.08450000000000002,-0.385,0
V0111,21,1,0.03890000000000002,-0.537,0
V0111,21,0,0.05450000000000002,-0.485,0
V0111,23,7,0.12380000000000001,-0.254,0
V0111,23,6,0.013100000000000028,-0.623,0
V0111,23,5,0.060200000000000004,-0.466,0
V0111,23,4,0.08450000000000002,-0.385,0
V0111,23,3,0.03890000000000002,-0.537,0
V0111,23,2,0.05450000000000002,-0.485,0
V0111,23,1,0.01460000000000003,-0.618,0
V0111,23,0,0.06290000000000001,-0.457,0
V0112,6,5,0.16940000000000002,-0.102,0
V0112,6,4,0.15530000000000002,-0.149,0
V0112,6,3,0.09560000000000002,-0.348,0
V0112,6,2,0.1406,-0.198,0
V0112,6,1,0.12770000000000004,-0.241,0
V0112,6,0,0.09650000000000002,-0.345,0
V0117,9,7,0.1754,-0.082,0
V0117,9,6,0.1376,-0.208,0
V0117,9,5,0.1628,-0.124,0
V0117,9,4,0.12320000000000002,-0.256,0
V0117,9,3,0.1433,-0.189,0
V0117,9,2,0.2006,0.002,0
V0117,9,1,0.17120000000000002,-0.096,0
V0117,9,0,0.1643,-0.119,0
V0117,15,7,0.17120000000000002,-0.096,0
V0117,15,6,0.1643,-0.119,0
V0117,15,5,0.16940000000000002,-0.102,0
V0117,15,4,0.2015,0.005,0
V0117,15,3,0.1718,-0.094,0
V0117,15,2,0.1715,-0.095,0
V0117,15,1,0.20270000000000002,0.009,0
V0117,15,0,0.1577,-0.141,0
V0118,9,7,0.16670000000000001,-0.111,0
V0118,9,6,0.15710000000000002,-0.143,0
V0118,9,5,0.18200000000000002,-0.06,0
V0118,9,4,0.18200000000000002,-0.06,0
V0118,9,3,0.1466,-0.178,0
V0118,9,2,0.14300000000000002,-0.19,0
V0118,9,1,0.1337,-0.221,0
V0118,9,0,0.09560000000000002,-0.348,0
V0118,22,7,0.0632,-0.456,0
V0118,22,6,0.04970000000000002,-0.501,0
V0118,22,5,0.10250000000000001,-0.325,0
V0118,22,4,0.09830000000000001,-0.339,0
V0118,22,3,0.14570000000000002,-0.181,0
V0118,22,2,0.07580000000000002,-0.414,0
V0118,22,1,0.1169,-0.277,0
V0118,22,0,0.167,-0.11,0
V0118,23,7,0.04970000000000002,-0.501,0
V0118,23,6,0.10250000000000001,-0.325,0
V0118,23,5,0.09830000000000001,-0.339,0
V0118,23,4,0.14570000000000002,-0.181,0
V0118,23,3,0.07580000000000002,-0.414,0
V0118,23,2,0.1169,-0.277,0
V0118,23,1,0.167,-0.11,0
V0118,23,0,0.1193,-0.269,0
V0122,1,0,0.1463,-0.179,0
V0126,12,7,0.1316,-0.228,0
V0126,12,6,0.16760000000000003,-0.108,0
V0126,12,5,0.12380000000000001,-0.254,0
V0126,12,4,0.1688,-0.104,0
V0126,12,3,0.1673,-0.109,0
V0126,12,2,0.1595,-0.135,0
V0126,12,1,0.12890000000000001,-0.237,0
V0126,12,0,0.1325,-0.225,0
V0126,20,7,0.11420000000000002,-0.286,0
V0126,20,6,0.1832,-0.056,0
V0126,20,5,0.2,0.0,0
V0126,20,4,0.1643,-0.119,0
V0126,20,3,0.13970000000000002,-0.201,0
V0126,20,2,0.2063,0.021,0
V0126,20,1,0.1193,-0.269,0
V0126,20,0,0.04490000000000002,-0.517,0
V0128,10,7,0.2303,0.101,0
V0128,10,6,0.5423,0.141,1
V0128,10,5,0.5099,0.033,1
V0128,10,4,0.2735,0.245,0
V0128,10,3,0.2195,0.065,0
V0128,10,2,0.2267,0.089,0
V0128,10,1,0.2969,0.323,0
V0128,10,0,0.2213,0.071,0
V0129,11,7,0.4445,-0.185,1
V0129,11,6,0.1559,-0.147,0
V0129,11,5,0.14840000000000003,-0.172,0
V0129,11,4,0.1331,-0.223,0
V0129,11,3,0.1889,-0.037,0
V0129,11,2,0.1865,-0.045,0
V0129,11,1,0.1802,-0.066,0
V0129,11,0,0.17450000000000002,-0.085,0
V0129,12,7,0.1559,-0.147,0
V0129,12,6,0.14840000000000003,-0.172,0
V0129,12,5,0.1331,-0.223,0
V0129,12,4,0.1889,-0.037,0
V0129,12,3,0.1865,-0.045,0
V0129,12,2,0.1802,-0.066,0
V0129,12,1,0.17450000000000002,-0.085,0
V0129,12,0,0.09770000000000001,-0.341,0
V0129,16,7,0.1865,-0.045,0
V0129,16,6,0.1802,-0.066,0
V0129,16,5,0.17450000000000002,-0.085,0
V0129,16,4,0.09770000000000001,-0.341,0
V0129,16,3,0.1544,-0.152,0
V0129,16,2,0.08840000000000002,-0.372,0
V0129,16,1,0.3905,-0.365,1
V0129,16,0,0.11750000000000001,-0.275,0
V0129,22,7,0.3905,-0.365,1
V0129,22,6,0.11750000000000001,-0.275,0
V0129,22,5,0.06290000000000001,-0.457,0
V0129,22,4,0.09440000000000003,-0.352,0
V0129,22,3,0.12320000000000002,-0.256,0
V0129,22,2,0.1514,-0.162,0
V0129,22,1,0.11450000000000002,-0.285,0
V0129,22,0,0.05780000000000002,-0.474,0
V0131,1,0,0.18080000000000002,-0.064,0
V0131,14,7,0.17120000000000002,-0.096,0
V0131,14,6,0.1517,-0.161,0
V0131,14,5,0.1487,-0.171,0
V0131,14,4,0.1652,-0.116,0
V0131,14,3,0.5105,0.035,1
V0131,14,2,0.14840000000000003,-0.172,0
V0131,14,1,0.5081,0.027,1
V0131,14,0,0.17720000000000002,-0.076,0
V0132,16,7,0.18860000000000002,-0.038,0
V0132,16,6,0.16820000000000002,-0.106,0
V0132,16,5,0.2021,0.007,0
V0132,16,4,0.1847,-0.051,0
V0132,16,3,0.1406,-0.198,0
V0132,16,2,0.06470000000000001,-0.451,0
V0132,16,1,0.3893,-0.369,1
V0132,16,0,0.1193,-0.269,0
V0132,18,7,0.2021,0.007,0
V0132,18,6,0.1847,-0.051,0
V0132,18,5,0.1406,-0.198,0
V0132,18,4,0.06470000000000001,-0.451,0
V0132,18,3,0.3893,-0.369,1
V0132,18,2,0.1193,-0.269,0
V0132,18,1,0.07850000000000001,-0.405,0
V0132,18,0,0.08690000000000002,-0.377,0
V0139,4,3,0.19940000000000002,-0.002,0
V0139,4,2,0.1355,-0.215,0
V0139,4,1,0.2189,0.063,0
V0139,4,0,0.131,-0.23,0
V0139,6,5,0.19940000000000002,-0.002,0
V0139,6,4,0.1355,-0.215,0
V0139,6,3,0.2189,0.063,0
V0139,6,2,0.131,-0.23,0
V0139,6,1,0.25070000000000003,0.169,0
V0139,6,0,0.1928,-0.024,0
V0139,12,7,0.25070000000000003,0.169,0
V0139,12,6,0.1928,-0.024,0
V0139,12,5,0.1988,-0.004,0
V0139,12,4,0.15050000000000002,-0.165,0
V0139,12,3,0.16460000000000002,-0.118,0
V0139,12,2,0.15560000000000002,-0.148,0
V0139,12,1,0.1559,-0.147,0
V0139,12,0,0.449,-0.17,1
V0139,14,7,0.1988,-0.004,0
V0139,14,6,0.15050000000000002,-0.165,0
V0139,14,5,0.16460000000000002,-0.118,0
V0139,14,4,0.15560000000000002,-0.148,0
V0139,14,3,0.1559,-0.147,0
V0139,14,2,0.449,-0.17,1
V0139,14,1,0.1559,-0.147,0
V0139,14,0,0.20900000000000002,0.03,0
V0139,20,7,0.1559,-0.147,0
V0139,20,6,0.20900000000000002,0.03,0
V0139,20,5,0.19160000000000002,-0.028,0
V0139,20,4,0.09350000000000001,-0.355,0
V0139,20,3,0.08810000000000001,-0.373,0
V0139,20,2,0.3785,-0.405,1
V0139,20,1,0.389,-0.37,1
V0139,20,0,0.1193,-0.269,0
V0139,21,7,0.20900000000000002,0.03,0
V0139,21,6,0.19160000000000002,-0.028,0
V0139,21,5,0.09350000000000001,-0.355,0
V0139,21,4,0.08810000000000001,-0.373,0
V0139,21,3,0.3785,-0.405,1
V0139,21,2,0.389,-0.37,1
V0139,21,1,0.1193,-0.269,0
V0139,21,0,0.11330000000000003,-0.289,0
V0141,18,7,0.09620000000000002,-0.346,0
V0141,18,6,0.19490000000000002,-0.017,0
V0141,18,5,0.4568,-0.144,1
V0141,18,4,0.47450000000000003,-0.085,1
V0141,18,3,0.11870000000000001,-0.271,0
V0141,18,2,0.12860000000000002,-0.238,0
V0141,18,1,0.15710000000000002,-0.143,0
V0141,18,0,0.12620000000000003,-0.246,0
V0141,23,7,0.12860000000000002,-0.238,0
V0141,23,6,0.15710000000000002,-0.143,0
V0141,23,5,0.12620000000000003,-0.246,0
V0141,23,4,0.11330000000000003,-0.289,0
V0141,23,3,0.11150000000000002,-0.295,0
V0141,23,2,0.09440000000000003,-0.352,0
V0141,23,1,0.164,-0.12,0
V0141,23,0,0.05630000000000002,-0.479,0
V0144,4,3,0.4082,-0.306,1
V0144,4,2,0.16640000000000002,-0.112,0
V0144,4,1,0.11330000000000003,-0.289,0
V0144,4,0,0.13580000000000003,-0.214,0
V0144,6,5,0.4082,-0.306,1
V0144,6,4,0.16640000000000002,-0.112,0
V0144,6,3,0.11330000000000003,-0.289,0
V0144,6,2,0.13580000000000003,-0.214,0
V0144,6,1,0.11510000000000002,-0.283,0
V0144,6,0,0.0368,-0.544,0
V0144,10,7,0.11330000000000003,-0.289,0
V0144,10,6,0.13580000000000003,-0.214,0
V0144,10,5,0.11510000000000002,-0.283,0
V0144,10,4,0.0368,-0.544,0
V0144,10,3,0.35450000000000004,-0.485,1
V0144,10,2,0.14,-0.2,0
V0144,10,1,0.07550000000000003,-0.415,0
V0144,10,0,0.15080000000000002,-0.164,0
V0144,16,7,0.07550000000000003,-0.415,0
V0144,16,6,0.15080000000000002,-0.164,0
V0144,16,5,0.06680000000000003,-0.444,0
V0144,16,4,0.08720000000000001,-0.376,0
V0144,16,3,0.1406,-0.198,0
V0144,16,2,0.08690000000000002,-0.377,0
V0144,16,1,0.09350000000000001,-0.355,0
V0144,16,0,0.10610000000000001,-0.313,0
V0144,18,7,0.06680000000000003,-0.444,0
V0144,18,6,0.08720000000000001,-0.376,0
V0144,18,5,0.1406,-0.198,0
V0144,18,4,0.08690000000000002,-0.377,0
V0144,18,3,0.09350000000000001,-0.355,0
V0144,18,2,0.10610000000000001,-0.313,0
V0144,18,1,0.08030000000000001,-0.399,0
V0144,18,0,0.05930000000000002,-0.469,0
V0144,20,7,0.1406,-0.198,0
V0144,20,6,0.08690000000000002,-0.377,0
V0144,20,5,0.09350000000000001,-0.355,0
V0144,20,4,0.10610000000000001,-0.313,0
V0144,20,3,0.08030000000000001,-0.399,0
V0144,20,2,0.05930000000000002,-0.469,0
V0144,20,1,0.08540000000000002,-0.382,0
V0144,20,0,0.08930000000000002,-0.369,0
V0144,21,7,0.08690000000000002,-0.377,0
V0144,21,6,0.09350000000000001,-0.355,0
V0144,21,5,0.10610000000000001,-0.313,0
V0144,21,4,0.08030000000000001,-0.399,0
V0144,21,3,0.05930000000000002,-0.469,0
V0144,21,2,0.08540000000000002,-0.382,0
V0144,21,1,0.08930000000000002,-0.369,0
V0144,21,0,0.05870000000000003,-0.471,0
V0145,20,7,0.188,-0.04,0
V0145,20,6,0.1502,-0.166,0
V0145,20,5,0.1781,-0.073,0
V0145,20,4,0.21680000000000002,0.056,0
V0145,20,3,0.23600000000000002,0.12,0
V0145,20,2,0.11180000000000002,-0.294,0
V0145,20,1,0.12830000000000003,-0.239,0
V0145,20,0,0.14270000000000002,-0.191,0
V0147,15,7,0.09530000000000002,-0.349,0
V0147,15,6,0.3713,-0.429,1
V0147,15,5,0.0,-0.677,0
V0147,15,4,0.0,-0.861,0
V0147,15,3,0.0,-0.724,0
V0147,15,2,0.0,-0.683,0
V0147,15,1,0.0,-0.732,0
V0147,15,0,0.0,-0.718,0
V0147,16,7,0.3713,-0.429,1
V0147,16,6,0.0,-0.677,0
V0147,16,5,0.0,-0.861,0
V0147,16,4,0.0,-0.724,0
V0147,16,3,0.0,-0.683,0
V0147,16,2,0.0,-0.732,0
V0147,16,1,0.0,-0.718,0
V0147,16,0,0.01670000000000002,-0.611,0
V0147,17,7,0.0,-0.677,0
V0147,17,6,0.0,-0.861,0
V0147,17,5,0.0,-0.724,0
V0147,17,4,0.0,-0.683,0
V0147,17,3,0.0,-0.732,0
V0147,17,2,0.0,-0.718,0
V0147,17,1,0.01670000000000002,-0.611,0
V0147,17,0,0.037099999999999994,-0.543,0
V0147,19,7,0.0,-0.724,0
V0147,19,6,0.0,-0.683,0
V0147,19,5,0.0,-0.732,0
V0147,19,4,0.0,-0.718,0
V0147,19,3,0.01670000000000002,-0.611,0
V0147,19,2,0.037099999999999994,-0.543,0
V0147,19,1,0.0,-0.722,0
V0147,19,0,0.014300000000000007,-0.619,0
V0147,20,7,0.0,-0.683,0
V0147,20,6,0.0,-0.732,0
V0147,20,5,0.0,-0.718,0
V0147,20,4,0.01670000000000002,-0.611,0
V0147,20,3,0.037099999999999994,-0.543,0
V0147,20,2,0.0,-0.722,0
V0147,20,1,0.014300000000000007,-0.619,0
V0147,20,0,0.0,-0.736,0
V0147,21,7,0.0,-0.732,0
V0147,21,6,0.0,-0.718,0
V0147,21,5,0.01670000000000002,-0.611,0
V0147,21,4,0.037099999999999994,-0.543,0
V0147,21,3,0.0,-0.722,0
V0147,21,2,0.014300000000000007,-0.619,0
V0147,21,1,0.0,-0.736,0
V0147,21,0,0.05930000000000002,-0.469,0
V0147,23,7,0.01670000000000002,-0.611,0
V0147,23,6,0.037099999999999994,-0.543,0
V0147,23,5,0.0,-0.722,0
V0147,23,4,0.014300000000000007,-0.619,0
V0147,23,3,0.0,-0.736,0
V0147,23,2,0.05930000000000002,-0.469,0
V0147,23,1,0.0,-0.749,0
V0147,23,0,0.0,-0.848,0
V0148,21,7,0.14750000000000002,-0.175,0
V0148,21,6,0.11000000000000001,-0.3,0
V0148,21,5,0.07970000000000001,-0.401,0
V0148,21,4,0.12440000000000001,-0.252,0
V0148,21,3,0.12470000000000002,-0.251,0
V0148,21,2,0.07550000000000003,-0.415,0
V0148,21,1,0.08150000000000002,-0.395,0
V0148,21,0,0.12350000000000001,-0.255,0
V0148,22,7,0.11000000000000001,-0.3,0
V0148,22,6,0.07970000000000001,-0.401,0
V0148,22,5,0.12440000000000001,-0.252,0
V0148,22,4,0.12470000000000002,-0.251,0
V0148,22,3,0.07550000000000003,-0.415,0
V0148,22,2,0.08150000000000002,-0.395,0
V0148,22,1,0.12350000000000001,-0.255,0
V0148,22,0,0.07520000000000002,-0.416,0
V0149,18,7,0.2051,0.017,0
V0149,18,6,0.2591,0.197,0
V0149,18,5,0.2318,0.106,0
V0149,18,4,0.2675,0.225,0
V0149,18,3,0.2369,0.123,0
V0149,18,2,0.2882,0.294,0
V0149,18,1,0.2834,0.278,0
V0149,18,0,0.23,0.1,0
V0151,23,7,0.07400000000000001,-0.42,0
V0151,23,6,0.4508,-0.164,1
V0151,23,5,0.39949999999999997,-0.335,1
V0151,23,4,0.4079,-0.307,1
V0151,23,3,0.158,-0.14,0
V0151,23,2,0.10910000000000002,-0.303,0
V0151,23,1,0.11750000000000001,-0.275,0
V0151,23,0,0.09650000000000002,-0.345,0
V0154,3,2,0.15560000000000002,-0.148,0
V0154,3,1,0.22490000000000002,0.083,0
V0154,3,0,0.13820000000000002,-0.206,0
V0155,23,7,0.06980000000000003,-0.434,0
V0155,23,6,0.10310000000000001,-0.323,0
V0155,23,5,0.07700000000000003,-0.41,0
V0155,23,4,0.07730000000000002,-0.409,0
V0155,23,3,0.07580000000000002,-0.414,0
V0155,23,2,0.12320000000000002,-0.256,0
V0155,23,1,0.08450000000000002,-0.385,0
V0155,23,0,0.0,-0.756,0
V0156,15,7,0.137,-0.21,0
V0156,15,6,0.2033,0.011,0
V0156,15,5,0.22460000000000002,0.082,0
V0156,15,4,0.19190000000000002,-0.027,0
V0156,15,3,0.17300000000000001,-0.09,0
V0156,15,2,0.2381,0.127,0
V0156,15,1,0.16910000000000003,-0.103,0
V0156,15,0,0.2285,0.095,0
V0157,20,7,0.1796,-0.068,0
V0157,20,6,0.14570000000000002,-0.181,0
V0157,20,5,0.10280000000000002,-0.324,0
V0157,20,4,0.4136,-0.288,1
V0157,20,3,0.3488,-0.504,1
V0157,20,2,0.07610000000000003,-0.413,0
V0157,20,1,0.05750000000000002,-0.475,0
V0157,20,0,0.0665,-0.445,0
V0158,16,7,0.5096,0.032,1
V0158,16,6,0.2561,0.187,0
V0158,16,5,0.221,0.07,0
V0158,16,4,0.16910000000000003,-0.103,0
V0158,16,3,0.18680000000000002,-0.044,0
V0158,16,2,0.1574,-0.142,0
V0158,16,1,0.18560000000000001,-0.048,0
V0158,16,0,0.2003,0.001,0
V0158,20,7,0.18680000000000002,-0.044,0
V0158,20,6,0.1574,-0.142,0
V0158,20,5,0.18560000000000001,-0.048,0
V0158,20,4,0.2003,0.001,0
V0158,20,3,0.12050000000000001,-0.265,0
V0158,20,2,0.09920000000000001,-0.336,0
V0158,20,1,0.1613,-0.129,0
V0158,20,0,0.07940000000000001,-0.402,0
V0159,18,7,0.14690000000000003,-0.177,0
V0159,18,6,0.09860000000000001,-0.338,0
V0159,18,5,0.15530000000000002,-0.149,0
V0159,18,4,0.11450000000000002,-0.285,0
V0159,18,3,0.431,-0.23,1
V0159,18,2,0.11030000000000002,-0.299,0
V0159,18,1,0.1622,-0.126,0
V0159,18,0,0.3761,-0.413,1
V0159,21,7,0.11450000000000002,-0.285,0
V0159,21,6,0.431,-0.23,1
V0159,21,5,0.11030000000000002,-0.299,0
V0159,21,4,0.1622,-0.126,0
V0159,21,3,0.3761,-0.413,1
V0159,21,2,0.1385,-0.205,0
V0159,21,1,0.09920000000000001,-0.336,0
V0159,21,0,0.07010000000000002,-0.433,0
V0160,9,7,0.131,-0.23,0
V0160,9,6,0.1466,-0.178,0
V0160,9,5,0.13280000000000003,-0.224,0
V0160,9,4,0.1385,-0.205,0
V0160,9,3,0.16910000000000003,-0.103,0
V0160,9,2,0.1607,-0.131,0
V0160,9,1,0.1892,-0.036,0
V0160,9,0,0.09680000000000002,-0.344,0
V0161,11,7,0.17600000000000002,-0.08,0
V0161,11,6,0.22790000000000002,0.093,0
V0161,11,5,0.1655,-0.115,0
V0161,11,4,0.1721,-0.093,0
V0161,11,3,0.11030000000000002,-0.299,0
V0161,11,2,0.17900000000000002,-0.07,0
V0161,11,1,0.16460000000000002,-0.118,0
V0161,11,0,0.1817,-0.061,0
V0163,13,7,0.21500000000000002,0.05,0
V0163,13,6,0.2069,0.023,0
V0163,13,5,0.1517,-0.161,0
V0163,13,4,0.14300000000000002,-0.19,0
V0163,13,3,0.19130000000000003,-0.029,0
V0163,13,2,0.101,-0.33,0
V0163,13,1,0.1208,-0.264,0
V0163,13,0,0.10250000000000001,-0.325,0
V0163,17,7,0.19130000000000003,-0.029,0
V0163,17,6,0.101,-0.33,0
V0163,17,5,0.1208,-0.264,0
V0163,17,4,0.10250000000000001,-0.325,0
V0163,17,3,0.14270000000000002,-0.191,0
V0163,17,2,0.11450000000000002,-0.285,0
V0163,17,1,0.15500000000000003,-0.15,0
V0163,17,0,0.13130000000000003,-0.229,0
V0163,18,7,0.101,-0.33,0
V0163,18,6,0.1208,-0.264,0
V0163,18,5,0.10250000000000001,-0.325,0
V0163,18,4,0.14270000000000002,-0.191,0
V0163,18,3,0.11450000000000002,-0.285,0
V0163,18,2,0.15500000000000003,-0.15,0
V0163,18,1,0.13130000000000003,-0.229,0
V0163,18,0,0.09320000000000002,-0.356,0
V0163,20,7,0.10250000000000001,-0.325,0
V0163,20,6,0.14270000000000002,-0.191,0
V0163,20,5,0.11450000000000002,-0.285,0
V0163,20,4,0.15500000000000003,-0.15,0
V0163,20,3,0.13130000000000003,-0.229,0
V0163,20,2,0.09320000000000002,-0.356,0
V0163,20,1,0.09380000000000002,-0.354,0
V0163,20,0,0.05540000000000003,-0.482,0
V0163,23,7,0.15500000000000003,-0.15,0
V0163,23,6,0.13130000000000003,-0.229,0
V0163,23,5,0.09320000000000002,-0.356,0
V0163,23,4,0.09380000000000002,-0.354,0
V0163,23,3,0.05540000000000003,-0.482,0
V0163,23,2,0.1193,-0.269,0
V0163,23,1,0.11180000000000002,-0.294,0
V0163,23,0,0.06230000000000002,-0.459,0
V0164,15,7,0.1811,-0.063,0
V0164,15,6,0.13670000000000002,-0.211,0
V0164,15,5,0.09980000000000001,-0.334,0
V0164,15,4,0.1346,-0.218,0
V0164,15,3,0.1589,-0.137,0
V0164,15,2,0.13580000000000003,-0.214,0
V0164,15,1,0.1436,-0.188,0
V0164,15,0,0.08030000000000001,-0.399,0
V0167,7,6,0.1907,-0.031,0
V0167,7,5,0.2144,0.048,0
V0167,7,4,0.1784,-0.072,0
V0167,7,3,0.1652,-0.116,0
V0167,7,2,0.1826,-0.058,0
V0167,7,1,0.17720000000000002,-0.076,0
V0167,7,0,0.4481,-0.173,1
V0167,19,7,0.5246,0.082,1
V0167,19,6,0.5063,0.021,1
V0167,19,5,0.18830000000000002,-0.039,0
V0167,19,4,0.11090000000000001,-0.297,0
V0167,19,3,0.1331,-0.223,0
V0167,19,2,0.15860000000000002,-0.138,0
V0167,19,1,0.12560000000000002,-0.248,0
V0167,19,0,0.10430000000000002,-0.319,0
V0167,22,7,0.11090000000000001,-0.297,0
V0167,22,6,0.1331,-0.223,0
V0167,22,5,0.15860000000000002,-0.138,0
V0167,22,4,0.12560000000000002,-0.248,0
V0167,22,3,0.10430000000000002,-0.319,0
V0167,22,2,0.09020000000000002,-0.366,0
V0167,22,1,0.1178,-0.274,0
V0167,22,0,0.11360000000000002,-0.288,0
V0170,15,7,0.06830000000000003,-0.439,0
V0170,15,6,0.08390000000000002,-0.387,0
V0170,15,5,0.3743,-0.419,1
V0170,15,4,0.07010000000000002,-0.433,0
V0170,15,3,0.11480000000000003,-0.284,0
V0170,15,2,0.3668,-0.444,1
V0170,15,1,0.042200000000000015,-0.526,0
V0170,15,0,0.061100000000000015,-0.463,0
V0170,20,7,0.3668,-0.444,1
V0170,20,6,0.042200000000000015,-0.526,0
V0170,20,5,0.061100000000000015,-0.463,0
V0170,20,4,0.1169,-0.277,0
V0170,20,3,0.06410000000000002,-0.453,0
V0170,20,2,0.3785,-0.405,1
V0170,20,1,0.04670000000000002,-0.511,0
V0170,20,0,0.4154,-0.282,1
V0171,5,4,0.1583,-0.139,0
V0171,5,3,0.1814,-0.062,0
V0171,5,2,0.1199,-0.267,0
V0171,5,1,0.15650000000000003,-0.145,0
V0171,5,0,0.1763,-0.079,0
V0171,16,7,0.1436,-0.188,0
V0171,16,6,0.13430000000000003,-0.219,0
V0171,16,5,0.09020000000000002,-0.366,0
V0171,16,4,0.12680000000000002,-0.244,0
V0171,16,3,0.08390000000000002,-0.387,0
V0171,16,2,0.042800000000000005,-0.524,0
V0171,16,1,0.09770000000000001,-0.341,0
V0171,16,0,0.14540000000000003,-0.182,0
V0171,22,7,0.09770000000000001,-0.341,0
V0171,22,6,0.14540000000000003,-0.182,0
V0171,22,5,0.11450000000000002,-0.285,0
V0171,22,4,0.11150000000000002,-0.295,0
V0171,22,3,0.07430000000000003,-0.419,0
V0171,22,2,0.11090000000000001,-0.297,0
V0171,22,1,0.134,-0.22,0
V0171,22,0,0.09260000000000002,-0.358,0
V0174,17,7,0.1688,-0.104,0
V0174,17,6,0.2336,0.112,0
V0174,17,5,0.19640000000000002,-0.012,0
V0174,17,4,0.1832,-0.056,0
V0174,17,3,0.14900000000000002,-0.17,0
V0174,17,2,0.1862,-0.046,0
V0174,17,1,0.2111,0.037,0
V0174,17,0,0.42110000000000003,-0.263,1
V0175,13,7,0.1592,-0.136,0
V0175,13,6,0.0974,-0.342,0
V0175,13,5,0.16310000000000002,-0.123,0
V0175,13,4,0.11210000000000002,-0.293,0
V0175,13,3,0.3695,-0.435,1
V0175,13,2,0.07010000000000002,-0.433,0
V0175,13,1,0.046400000000000025,-0.512,0
V0175,13,0,0.023600000000000038,-0.588,0
V0175,20,7,0.023600000000000038,-0.588,0
V0175,20,6,0.029600000000000043,-0.568,0
V0175,20,5,0.01880000000000001,-0.604,0
V0175,20,4,0.06890000000000002,-0.437,0
V0175,20,3,0.0022999999999999965,-0.659,0
V0175,20,2,0.013700000000000018,-0.621,0
V0175,20,1,0.02660000000000004,-0.578,0
V0175,20,0,0.3206,-0.598,1
V0177,6,5,0.08840000000000002,-0.372,0
V0177,6,4,0.12860000000000002,-0.238,0
V0177,6,3,0.10160000000000001,-0.328,0
V0177,6,2,0.11480000000000003,-0.284,0
V0177,6,1,0.05810000000000001,-0.473,0
V0177,6,0,0.08660000000000001,-0.378,0
V0177,22,7,0.07730000000000002,-0.409,0
V0177,22,6,0.016400000000000026,-0.612,0
V0177,22,5,0.1781,-0.073,0
V0177,22,4,0.08420000000000001,-0.386,0
V0177,22,3,0.053300000000000014,-0.489,0
V0177,22,2,0.07310000000000003,-0.423,0
V0177,22,1,0.07970000000000001,-0.401,0
V0177,22,0,0.028400000000000036,-0.572,0
V0180,15,7,0.1721,-0.093,0
V0180,15,6,0.4616,-0.128,1
V0180,15,5,0.13190000000000002,-0.227,0
V0180,15,4,0.3677,-0.441,1
V0180,15,3,0.44630000000000003,-0.179,1
V0180,15,2,0.16340000000000002,-0.122,0
V0180,15,1,0.08870000000000001,-0.371,0
V0180,15,0,0.12980000000000003,-0.234,0
V0180,19,7,0.44630000000000003,-0.179,1
V0180,19,6,0.16340000000000002,-0.122,0
V0180,19,5,0.08870000000000001,-0.371,0
V0180,19,4,0.12980000000000003,-0.234,0
V0180,19,3,0.0782,-0.406,0
V0180,19,2,0.07970000000000001,-0.401,0
V0180,19,1,0.05180000000000001,-0.494,0
V0180,19,0,0.1688,-0.104,0
V0180,21,7,0.08870000000000001,-0.371,0
V0180,21,6,0.12980000000000003,-0.234,0
V0180,21,5,0.0782,-0.406,0
V0180,21,4,0.07970000000000001,-0.401,0
V0180,21,3,0.05180000000000001,-0.494,0
V0180,21,2,0.1688,-0.104,0
V0180,21,1,0.09560000000000002,-0.348,0
V0180,21,0,0.06260000000000002,-0.458,0
V0180,22,7,0.12980000000000003,-0.234,0
V0180,22,6,0.0782,-0.406,0
V0180,22,5,0.07970000000000001,-0.401,0
V0180,22,4,0.05180000000000001,-0.494,0
V0180,22,3,0.1688,-0.104,0
V0180,22,2,0.09560000000000002,-0.348,0
V0180,22,1,0.06260000000000002,-0.458,0
V0180,22,0,0.04970000000000002,-0.501,0
V0180,23,7,0.0782,-0.406,0
V0180,23,6,0.07970000000000001,-0.401,0
V0180,23,5,0.05180000000000001,-0.494,0
V0180,23,4,0.1688,-0.104,0
V0180,23,3,0.09560000000000002,-0.348,0
V0180,23,2,0.06260000000000002,-0.458,0
V0180,23,1,0.04970000000000002,-0.501,0
V0180,23,0,0.048500000000000015,-0.505,0
V0181,12,7,0.2396,0.132,0
V0181,12,6,0.2624,0.208,0
V0181,12,5,0.2555,0.185,0
V0181,12,4,0.2702,0.234,0
V0181,12,3,0.3107,0.369,0
V0181,12,2,0.2948,0.316,0
V0181,12,1,0.5912,0.304,1
V0181,12,0,0.2399,0.133,0
V0183,15,7,0.1589,-0.137,0
V0183,15,6,0.12620000000000003,-0.246,0
V0183,15,5,0.2351,0.117,0
V0183,15,4,0.5051,0.017,1
V0183,15,3,0.1844,-0.052,0
V0183,15,2,0.18050000000000002,-0.065,0
V0183,15,1,0.1625,-0.125,0
V0183,15,0,0.1265,-0.245,0
V0185,9,7,0.25670000000000004,0.189,0
V0185,9,6,0.21680000000000002,0.056,0
V0185,9,5,0.233,0.11,0
V0185,9,4,0.18680000000000002,-0.044,0
V0185,9,3,0.2228,0.076,0
V0185,9,2,0.2363,0.121,0
V0185,9,1,0.21680000000000002,0.056,0
V0185,9,0,0.4865,-0.045,1
V0185,16,7,0.4865,-0.045,1
V0185,16,6,0.17120000000000002,-0.096,0
V0185,16,5,0.16160000000000002,-0.128,0
V0185,16,4,0.16340000000000002,-0.122,0
V0185,16,3,0.1937,-0.021,0
V0185,16,2,0.16160000000000002,-0.128,0
V0185,16,1,0.1889,-0.037,0
V0185,16,0,0.2084,0.028,0
V0185,23,7,0.2084,0.028,0
V0185,23,6,0.2777,0.259,0
V0185,23,5,0.2132,0.044,0
V0185,23,4,0.1847,-0.051,0
V0185,23,3,0.1406,-0.198,0
V0185,23,2,0.1925,-0.025,0
V0185,23,1,0.17600000000000002,-0.08,0
V0185,23,0,0.0635,-0.455,0
V0186,2,1,0.16970000000000002,-0.101,0
V0186,2,0,0.2504,0.168,0
V0186,10,7,0.2711,0.237,0
V0186,10,6,0.2303,0.101,0
V0186,10,5,0.4733,-0.089,1
V0186,10,4,0.1763,-0.079,0
V0186,10,3,0.197,-0.01,0
V0186,10,2,0.1781,-0.073,0
V0186,10,1,0.2195,0.065,0
V0186,10,0,0.2021,0.007,0
V0186,17,7,0.2021,0.007,0
V0186,17,6,0.2552,0.184,0
V0186,17,5,0.22790000000000002,0.093,0
V0186,17,4,0.2435,0.145,0
V0186,17,3,0.18380000000000002,-0.054,0
V0186,17,2,0.5498000000000001,0.166,1
V0186,17,1,0.21710000000000002,0.057,0
V0186,17,0,0.16160000000000002,-0.128,0
V0186,23,7,0.21710000000000002,0.057,0
V0186,23,6,0.16160000000000002,-0.128,0
V0186,23,5,0.1847,-0.051,0
V0186,23,4,0.11960000000000001,-0.268,0
V0186,23,3,0.5084,0.028,1
V0186,23,2,0.2228,0.076,0
V0186,23,1,0.4691,-0.103,1
V0186,23,0,0.13340000000000002,-0.222,0
V0187,6,5,0.14720000000000003,-0.176,0
V0187,6,4,0.13430000000000003,-0.219,0
V0187,6,3,0.14240000000000003,-0.192,0
V0187,6,2,0.4091,-0.303,1
V0187,6,1,0.04190000000000002,-0.527,0
V0187,6,0,0.06590000000000001,-0.447,0
V0187,11,7,0.4091,-0.303,1
V0187,11,6,0.04190000000000002,-0.527,0
V0187,11,5,0.06590000000000001,-0.447,0
V0187,11,4,0.05510000000000001,-0.483,0
V0187,11,3,0.08090000000000001,-0.397,0
V0187,11,2,0.05540000000000003,-0.482,0
V0187,11,1,0.07370000000000002,-0.421,0
V0187,11,0,0.10730000000000002,-0.309,0
V0187,12,7,0.04190000000000002,-0.527,0
V0187,12,6,0.06590000000000001,-0.447,0
V0187,12,5,0.05510000000000001,-0.483,0
V0187,12,4,0.08090000000000001,-0.397,0
V0187,12,3,0.05540000000000003,-0.482,0
V0187,12,2,0.07370000000000002,-0.421,0
V0187,12,1,0.10730000000000002,-0.309,0
V0187,12,0,0.029900000000000038,-0.567,0
V0187,18,7,0.10730000000000002,-0.309,0
V0187,18,6,0.029900000000000038,-0.567,0
V0187,18,5,0.0605,-0.465,0
V0187,18,4,0.12920000000000004,-0.236,0
V0187,18,3,0.0995,-0.335,0
V0187,18,2,0.08720000000000001,-0.376,0
V0187,18,1,0.062,-0.46,0
V0187,18,0,0.06770000000000001,-0.441,0
V0187,22,7,0.0995,-0.335,0
V0187,22,6,0.08720000000000001,-0.376,0
V0187,22,5,0.062,-0.46,0
V0187,22,4,0.06770000000000001,-0.441,0
V0187,22,3,0.020300000000000012,-0.599,0
V0187,22,2,0.02090000000000003,-0.597,0
V0187,22,1,0.054800000000000015,-0.484,0
V0187,22,0,0.0461,-0.513,0
V0191,8,7,0.116,-0.28,0
V0191,8,6,0.14450000000000002,-0.185,0
V0191,8,5,0.14,-0.2,0
V0191,8,4,0.11240000000000001,-0.292,0
V0191,8,3,0.14420000000000002,-0.186,0
V0191,8,2,0.11750000000000001,-0.275,0
V0191,8,1,0.062,-0.46,0
V0191,8,0,0.06920000000000001,-0.436,0
V0191,22,7,0.12320000000000002,-0.256,0
V0191,22,6,0.08990000000000002,-0.367,0
V0191,22,5,0.134,-0.22,0
V0191,22,4,0.07610000000000003,-0.413,0
V0191,22,3,0.13940000000000002,-0.202,0
V0191,22,2,0.11390000000000002,-0.287,0
V0191,22,1,0.14570000000000002,-0.181,0
V0191,22,0,0.362,-0.46,1
V0193,21,7,0.2006,0.002,0
V0193,21,6,0.20420000000000002,0.014,0
V0193,21,5,0.1937,-0.021,0
V0193,21,4,0.18530000000000002,-0.049,0
V0193,21,3,0.164,-0.12,0
V0193,21,2,0.1544,-0.152,0
V0193,21,1,0.185,-0.05,0
V0193,21,0,0.1748,-0.084,0
V0196,10,7,0.1889,-0.037,0
V0196,10,6,0.1598,-0.134,0
V0196,10,5,0.422,-0.26,1
V0196,10,4,0.4589,-0.137,1
V0196,10,3,0.1613,-0.129,0
V0196,10,2,0.10550000000000001,-0.315,0
V0196,10,1,0.09470000000000002,-0.351,0
V0196,10,0,0.11060000000000002,-0.298,0
V0196,19,7,0.1826,-0.058,0
V0196,19,6,0.14570000000000002,-0.181,0
V0196,19,5,0.1562,-0.146,0
V0196,19,4,0.161,-0.13,0
V0196,19,3,0.17900000000000002,-0.07,0
V0196,19,2,0.1376,-0.208,0
V0196,19,1,0.10910000000000002,-0.303,0
V0196,19,0,0.11390000000000002,-0.287,0
V0196,21,7,0.1562,-0.146,0
V0196,21,6,0.161,-0.13,0
V0196,21,5,0.17900000000000002,-0.07,0
V0196,21,4,0.1376,-0.208,0
V0196,21,3,0.10910000000000002,-0.303,0
V0196,21,2,0.11390000000000002,-0.287,0
V0196,21,1,0.12980000000000003,-0.234,0
V0196,21,0,0.12170000000000002,-0.261,0
V0197,14,7,0.1589,-0.137,0
V0197,14,6,0.1418,-0.194,0
V0197,14,5,0.13880000000000003,-0.204,0
V0197,14,4,0.1784,-0.072,0
V0197,14,3,0.11450000000000002,-0.285,0
V0197,14,2,0.21710000000000002,0.057,0
V0197,14,1,0.15860000000000002,-0.138,0
V0197,14,0,0.18050000000000002,-0.065,0
V0198,17,7,0.18080000000000002,-0.064,0
V0198,17,6,0.2303,0.101,0
V0198,17,5,0.14840000000000003,-0.172,0
V0198,17,4,0.1802,-0.066,0
V0198,17,3,0.1733,-0.089,0
V0198,17,2,0.2192,0.064,0
V0198,17,1,0.158,-0.14,0
V0198,17,0,0.16760000000000003,-0.108,0
V0198,22,7,0.2192,0.064,0
V0198,22,6,0.158,-0.14,0
V0198,22,5,0.16760000000000003,-0.108,0
V0198,22,4,0.17720000000000002,-0.076,0
V0198,22,3,0.09920000000000001,-0.336,0
V0198,22,2,0.15560000000000002,-0.148,0
V0198,22,1,0.14270000000000002,-0.191,0
V0198,22,0,0.14120000000000002,-0.196,0
V0198,23,7,0.158,-0.14,0
V0198,23,6,0.16760000000000003,-0.108,0
V0198,23,5,0.17720000000000002,-0.076,0
V0198,23,4,0.09920000000000001,-0.336,0
V0198,23,3,0.15560000000000002,-0.148,0
V0198,23,2,0.14270000000000002,-0.191,0
V0198,23,1,0.14120000000000002,-0.196,0
V0198,23,0,0.14600000000000002,-0.18,0
V0200,12,7,0.2033,0.011,0
V0200,12,6,0.5174,0.058,1
V0200,12,5,0.1463,-0.179,0
V0200,12,4,0.2447,0.149,0
V0200,12,3,0.2303,0.101,0
V0200,12,2,0.2018,0.006,0
V0200,12,1,0.2339,0.113,0
V0200,12,0,0.24830000000000002,0.161,0
V0200,18,7,0.2339,0.113,0
V0200,18,6,0.24830000000000002,0.161,0
V0200,18,5,0.1889,-0.037,0
V0200,18,4,0.1316,-0.228,0
V0200,18,3,0.5,0.0,1
V0200,18,2,0.137,-0.21,0
V0200,18,1,0.1376,-0.208,0
V0200,18,0,0.1718,-0.094,0
V0201,16,7,0.15530000000000002,-0.149,0
V0201,16,6,0.12620000000000003,-0.246,0
V0201,16,5,0.1184,-0.272,0
V0201,16,4,0.09530000000000002,-0.349,0
V0201,16,3,0.16970000000000002,-0.101,0
V0201,16,2,0.11570000000000001,-0.281,0
V0201,16,1,0.1403,-0.199,0
V0201,16,0,0.09560000000000002,-0.348,0
V0202,10,7,0.2366,0.122,0
V0202,10,6,0.1721,-0.093,0
V0202,10,5,0.2195,0.065,0
V0202,10,4,0.218,0.06,0
V0202,10,3,0.25070000000000003,0.169,0
V0202,10,2,0.22910000000000003,0.097,0
V0202,10,1,0.22970000000000002,0.099,0
V0202,10,0,0.22340000000000002,0.078,0
V0202,14,7,0.25070000000000003,0.169,0
V0202,14,6,0.22910000000000003,0.097,0
V0202,14,5,0.22970000000000002,0.099,0
V0202,14,4,0.22340000000000002,0.078,0
V0202,14,3,0.1967,-0.011,0
V0202,14,2,0.14120000000000002,-0.196,0
V0202,14,1,0.2162,0.054,0
V0202,14,0,0.1985,-0.005,0
V0202,17,7,0.22340000000000002,0.078,0
V0202,17,6,0.1967,-0.011,0
V0202,17,5,0.14120000000000002,-0.196,0
V0202,17,4,0.2162,0.054,0
V0202,17,3,0.1985,-0.005,0
V0202,17,2,0.1937,-0.021,0
V0202,17,1,0.2066,0.022,0
V0202,17,0,0.1751,-0.083,0
V0203,18,7,0.2144,0.048,0
V0203,18,6,0.2552,0.184,0
V0203,18,5,0.19340000000000002,-0.022,0
V0203,18,4,0.2117,0.039,0
V0203,18,3,0.2492,0.164,0
V0203,18,2,0.2051,0.017,0
V0203,18,1,0.5054,0.018,1
V0203,18,0,0.2516,0.172,0
V0203,22,7,0.2492,0.164,0
V0203,22,6,0.2051,0.017,0
V0203,22,5,0.5054,0.018,1
V0203,22,4,0.2516,0.172,0
V0203,22,3,0.3038,0.346,0
V0203,22,2,0.1937,-0.021,0
V0203,22,1,0.5156000000000001,0.052,1
V0203,22,0,0.19310000000000002,-0.023,0
V0204,2,1,0.16910000000000003,-0.103,0
V0204,2,0,0.23,0.1,0
V0205,7,6,0.41000000000000003,-0.3,1
V0205,7,5,0.11570000000000001,-0.281,0
V0205,7,4,0.08600000000000002,-0.38,0
V0205,7,3,0.0791,-0.403,0
V0205,7,2,0.09770000000000001,-0.341,0
V0205,7,1,0.12770000000000004,-0.241,0
V0205,7,0,0.08720000000000001,-0.376,0
V0205,11,7,0.0791,-0.403,0
V0205,11,6,0.09770000000000001,-0.341,0
V0205,11,5,0.12770000000000004,-0.241,0
V0205,11,4,0.08720000000000001,-0.376,0
V0205,11,3,0.1904,-0.032,0
V0205,11,2,0.11540000000000002,-0.282,0
V0205,11,1,0.04550000000000001,-0.515,0
V0205,11,0,0.1532,-0.156,0
V0205,16,7,0.11540000000000002,-0.282,0
V0205,16,6,0.04550000000000001,-0.515,0
V0205,16,5,0.1532,-0.156,0
V0205,16,4,0.10730000000000002,-0.309,0
V0205,16,3,0.09410000000000002,-0.353,0
V0205,16,2,0.13970000000000002,-0.201,0
V0205,16,1,0.10220000000000001,-0.326,0
V0205,16,0,0.1295,-0.235,0
V0205,21,7,0.13970000000000002,-0.201,0
V0205,21,6,0.10220000000000001,-0.326,0
V0205,21,5,0.1295,-0.235,0
V0205,21,4,0.12680000000000002,-0.244,0
V0205,21,3,0.1178,-0.274,0
V0205,21,2,0.1706,-0.098,0
V0205,21,1,0.1481,-0.173,0
V0205,21,0,0.06410000000000002,-0.453,0
V0205,23,7,0.1295,-0.235,0
V0205,23,6,0.12680000000000002,-0.244,0
V0205,23,5,0.1178,-0.274,0
V0205,23,4,0.1706,-0.098,0
V0205,23,3,0.1481,-0.173,0
V0205,23,2,0.06410000000000002,-0.453,0
V0205,23,1,0.08450000000000002,-0.385,0
V0205,23,0,0.1658,-0.114,0
V0206,13,7,0.10520000000000002,-0.316,0
V0206,13,6,0.0446,-0.518,0
V0206,13,5,0.06710000000000002,-0.443,0
V0206,13,4,0.13670000000000002,-0.211,0
V0206,13,3,0.08120000000000001,-0.396,0
V0206,13,2,0.04970000000000002,-0.501,0
V0206,13,1,0.12050000000000001,-0.265,0
V0206,13,0,0.07580000000000002,-0.414,0
V0206,15,7,0.06710000000000002,-0.443,0
V0206,15,6,0.13670000000000002,-0.211,0
V0206,15,5,0.08120000000000001,-0.396,0
V0206,15,4,0.04970000000000002,-0.501,0
V0206,15,3,0.12050000000000001,-0.265,0
V0206,15,2,0.07580000000000002,-0.414,0
V0206,15,1,0.06260000000000002,-0.458,0
V0206,15,0,0.0695,-0.435,0
V0206,18,7,0.04970000000000002,-0.501,0
V0206,18,6,0.12050000000000001,-0.265,0
V0206,18,5,0.07580000000000002,-0.414,0
V0206,18,4,0.06260000000000002,-0.458,0
V0206,18,3,0.0695,-0.435,0
V0206,18,2,0.015200000000000019,-0.616,0
V0206,18,1,0.0,-0.844,0
V0206,18,0,0.05660000000000001,-0.478,0
V0206,19,7,0.12050000000000001,-0.265,0
V0206,19,6,0.07580000000000002,-0.414,0
V0206,19,5,0.06260000000000002,-0.458,0
V0206,19,4,0.0695,-0.435,0
V0206,19,3,0.015200000000000019,-0.616,0
V0206,19,2,0.0,-0.844,0
V0206,19,1,0.05660000000000001,-0.478,0
V0206,19,0,0.0,-0.74,0
V0206,23,7,0.015200000000000019,-0.616,0
V0206,23,6,0.0,-0.844,0
V0206,23,5,0.05660000000000001,-0.478,0
V0206,23,4,0.0,-0.74,0
V0206,23,3,0.0,-0.697,0
V0206,23,2,0.0,-0.804,0
V0206,23,1,0.0398,-0.534,0
V0206,23,0,0.01670000000000002,-0.611,0
V0208,8,7,0.15350000000000003,-0.155,0
V0208,8,6,0.1361,-0.213,0
V0208,8,5,0.1406,-0.198,0
V0208,8,4,0.14450000000000002,-0.185,0
V0208,8,3,0.0806,-0.398,0
V0208,8,2,0.10760000000000002,-0.308,0
V0208,8,1,0.09230000000000002,-0.359,0
V0208,8,0,0.07760000000000003,-0.408,0
V0210,14,7,0.14150000000000001,-0.195,0
V0210,14,6,0.11450000000000002,-0.285,0
V0210,14,5,0.12410000000000002,-0.253,0
V0210,14,4,0.15380000000000002,-0.154,0
V0210,14,3,0.17270000000000002,-0.091,0
V0210,14,2,0.07010000000000002,-0.433,0
V0210,14,1,0.07340000000000002,-0.422,0
V0210,14,0,0.1583,-0.139,0
V0210,15,7,0.11450000000000002,-0.285,0
V0210,15,6,0.12410000000000002,-0.253,0
V0210,15,5,0.15380000000000002,-0.154,0
V0210,15,4,0.17270000000000002,-0.091,0
V0210,15,3,0.07010000000000002,-0.433,0
V0210,15,2,0.07340000000000002,-0.422,0
V0210,15,1,0.1583,-0.139,0
V0210,15,0,0.042800000000000005,-0.524,0
V0210,19,7,0.07010000000000002,-0.433,0
V0210,19,6,0.07340000000000002,-0.422,0
V0210,19,5,0.1583,-0.139,0
V0210,19,4,0.042800000000000005,-0.524,0
V0210,19,3,0.03950000000000001,-0.535,0
V0210,19,2,0.02300000000000002,-0.59,0
V0210,19,1,0.07160000000000002,-0.428,0
V0210,19,0,0.05630000000000002,-0.479,0
V0210,22,7,0.042800000000000005,-0.524,0
V0210,22,6,0.03950000000000001,-0.535,0
V0210,22,5,0.02300000000000002,-0.59,0
V0210,22,4,0.07160000000000002,-0.428,0
V0210,22,3,0.05630000000000002,-0.479,0
V0210,22,2,0.01670000000000002,-0.611,0
V0210,22,1,0.0383,-0.539,0
V0210,22,0,0.08540000000000002,-0.382,0
V0213,8,7,0.2624,0.208,0
V0213,8,6,0.2501,0.167,0
V0213,8,5,0.2426,0.142,0
V0213,8,4,0.233,0.11,0
V0213,8,3,0.2765,0.255,0
V0213,8,2,0.2489,0.163,0
V0213,8,1,0.2126,0.042,0
V0213,8,0,0.21350000000000002,0.045,0
V0213,15,7,0.21350000000000002,0.045,0
V0213,15,6,0.2204,0.068,0
V0213,15,5,0.20600000000000002,0.02,0
V0213,15,4,0.4502,-0.166,1
V0213,15,3,0.1841,-0.053,0
V0213,15,2,0.2315,0.105,0
V0213,15,1,0.21980000000000002,0.066,0
V0213,15,0,0.19190000000000002,-0.027,0
V0213,16,7,0.2204,0.068,0
V0213,16,6,0.20600000000000002,0.02,0
V0213,16,5,0.4502,-0.166,1
V0213,16,4,0.1841,-0.053,0
V0213,16,3,0.2315,0.105,0
V0213,16,2,0.21980000000000002,0.066,0
V0213,16,1,0.19190000000000002,-0.027,0
V0213,16,0,0.116,-0.28,0
V0214,3,2,0.2252,0.084,0
V0214,3,1,0.48260000000000003,-0.058,1
V0214,3,0,0.3002,0.334,0
V0214,5,4,0.2252,0.084,0
V0214,5,3,0.48260000000000003,-0.058,1
V0214,5,2,0.3002,0.334,0
V0214,5,1,0.5495,0.165,1
V0214,5,0,0.2213,0.071,0
V0214,10,7,0.3002,0.334,0
V0214,10,6,0.5495,0.165,1
V0214,10,5,0.2213,0.071,0
V0214,10,4,0.1307,-0.231,0
V0214,10,3,0.17270000000000002,-0.091,0
V0214,10,2,0.10670000000000002,-0.311,0
V0214,10,1,0.14570000000000002,-0.181,0
V0214,10,0,0.1223,-0.259,0
V0217,22,7,0.1706,-0.098,0
V0217,22,6,0.1547,-0.151,0
V0217,22,5,0.1595,-0.135,0
V0217,22,4,0.1376,-0.208,0
V0217,22,3,0.2066,0.022,0
V0217,22,2,0.10850000000000001,-0.305,0
V0217,22,1,0.1448,-0.184,0
V0217,22,0,0.1673,-0.109,0
V0218,7,6,0.2228,0.076,0
V0218,7,5,0.2579,0.193,0
V0218,7,4,0.5312,0.104,1
V0218,7,3,0.20600000000000002,0.02,0
V0218,7,2,0.22970000000000002,0.099,0
V0218,7,1,0.20240000000000002,0.008,0
V0218,7,0,0.1976,-0.008,0
V0218,15,7,0.1685,-0.105,0
V0218,15,6,0.2252,0.084,0
V0218,15,5,0.1655,-0.115,0
V0218,15,4,0.15500000000000003,-0.15,0
V0218,15,3,0.1199,-0.267,0
V0218,15,2,0.1991,-0.003,0
V0218,15,1,0.1832,-0.056,0
V0218,15,0,0.19970000000000002,-0.001,0
V0218,17,7,0.1655,-0.115,0
V0218,17,6,0.15500000000000003,-0.15,0
V0218,17,5,0.1199,-0.267,0
V0218,17,4,0.1991,-0.003,0
V0218,17,3,0.1832,-0.056,0
V0218,17,2,0.19970000000000002,-0.001,0
V0218,17,1,0.08660000000000001,-0.378,0
V0218,17,0,0.07310000000000003,-0.423,0
V0218,19,7,0.1199,-0.267,0
V0218,19,6,0.1991,-0.003,0
V0218,19,5,0.1832,-0.056,0
V0218,19,4,0.19970000000000002,-0.001,0
V0218,19,3,0.08660000000000001,-0.378,0
V0218,19,2,0.07310000000000003,-0.423,0
V0218,19,1,0.11120000000000002,-0.296,0
V0218,19,0,0.08600000000000002,-0.38,0
V0218,20,7,0.1991,-0.003,0
V0218,20,6,0.1832,-0.056,0
V0218,20,5,0.19970000000000002,-0.001,0
V0218,20,4,0.08660000000000001,-0.378,0
V0218,20,3,0.07310000000000003,-0.423,0
V0218,20,2,0.11120000000000002,-0.296,0
V0218,20,1,0.08600000000000002,-0.38,0
V0218,20,0,0.12890000000000001,-0.237,0
V0218,23,7,0.08660000000000001,-0.378,0
V0218,23,6,0.07310000000000003,-0.423,0
V0218,23,5,0.11120000000000002,-0.296,0
V0218,23,4,0.08600000000000002,-0.38,0
V0218,23,3,0.12890000000000001,-0.237,0
V0218,23,2,0.1361,-0.213,0
V0218,23,1,0.11210000000000002,-0.293,0
V0218,23,0,0.11570000000000001,-0.281,0
V0221,22,7,0.14270000000000002,-0.191,0
V0221,22,6,0.13970000000000002,-0.201,0
V0221,22,5,0.0989,-0.337,0
V0221,22,4,0.0632,-0.456,0
V0221,22,3,0.1574,-0.142,0
V0221,22,2,0.06290000000000001,-0.457,0
V0221,22,1,0.05030000000000001,-0.499,0
V0221,22,0,0.10310000000000001,-0.323,0
V0223,21,7,0.5177,0.059,1
V0223,21,6,0.24230000000000002,0.141,0
V0223,21,5,0.2366,0.122,0
V0223,21,4,0.5650999999999999,0.217,1
V0223,21,3,0.27590000000000003,0.253,0
V0223,21,2,0.25070000000000003,0.169,0
V0223,21,1,0.21710000000000002,0.057,0
V0223,21,0,0.19610000000000002,-0.013,0
V0223,23,7,0.2366,0.122,0
V0223,23,6,0.5650999999999999,0.217,1
V0223,23,5,0.27590000000000003,0.253,0
V0223,23,4,0.25070000000000003,0.169,0
V0223,23,3,0.21710000000000002,0.057,0
V0223,23,2,0.19610000000000002,-0.013,0
V0223,23,1,0.1889,-0.037,0
V0223,23,0,0.17900000000000002,-0.07,0
V0224,5,4,0.07190000000000002,-0.427,0
V0224,5,3,0.05000000000000002,-0.5,0
V0224,5,2,0.3971,-0.343,1
V0224,5,1,0.07010000000000002,-0.433,0
V0224,5,0,0.06830000000000003,-0.439,0
V0224,7,6,0.07190000000000002,-0.427,0
V0224,7,5,0.05000000000000002,-0.5,0
V0224,7,4,0.3971,-0.343,1
V0224,7,3,0.07010000000000002,-0.433,0
V0224,7,2,0.06830000000000003,-0.439,0
V0224,7,1,0.10550000000000001,-0.315,0
V0224,7,0,0.009800000000000003,-0.634,0
V0224,15,7,0.07310000000000003,-0.423,0
V0224,15,6,0.04100000000000001,-0.53,0
V0224,15,5,0.05780000000000002,-0.474,0
V0224,15,4,0.005299999999999999,-0.649,0
V0224,15,3,0.09920000000000001,-0.336,0
V0224,15,2,0.011300000000000004,-0.629,0
V0224,15,1,0.02870000000000003,-0.571,0
V0224,15,0,0.0,-0.725,0
V0224,19,7,0.09920000000000001,-0.336,0
V0224,19,6,0.011300000000000004,-0.629,0
V0224,19,5,0.02870000000000003,-0.571,0
V0224,19,4,0.0,-0.725,0
V0224,19,3,0.006500000000000006,-0.645,0
V0224,19,2,0.02810000000000004,-0.573,0
V0224,19,1,0.001700000000000007,-0.661,0
V0224,19,0,0.024800000000000016,-0.584,0
V0224,23,7,0.006500000000000006,-0.645,0
V0224,23,6,0.02810000000000004,-0.573,0
V0224,23,5,0.001700000000000007,-0.661,0
V0224,23,4,0.024800000000000016,-0.584,0
V0224,23,3,0.0068000000000000005,-0.644,0
V0224,23,2,0.014900000000000024,-0.617,0
V0224,23,1,0.3422,-0.526,1
V0224,23,0,0.0,-0.701,0
V0226,21,7,0.05150000000000002,-0.495,0
V0226,21,6,0.06590000000000001,-0.447,0
V0226,21,5,0.38029999999999997,-0.399,1
V0226,21,4,0.10280000000000002,-0.324,0
V0226,21,3,0.07160000000000002,-0.428,0
V0226,21,2,0.05720000000000003,-0.476,0
V0226,21,1,0.0461,-0.513,0
V0226,21,0,0.01940000000000003,-0.602,0
V0227,7,6,0.17930000000000001,-0.069,0
V0227,7,5,0.12350000000000001,-0.255,0
V0227,7,4,0.1733,-0.089,0
V0227,7,3,0.12410000000000002,-0.253,0
V0227,7,2,0.45740000000000003,-0.142,1
V0227,7,1,0.15050000000000002,-0.165,0
V0227,7,0,0.1385,-0.205,0
V0228,8,7,0.12260000000000001,-0.258,0
V0228,8,6,0.049100000000000005,-0.503,0
V0228,8,5,0.10550000000000001,-0.315,0
V0228,8,4,0.1322,-0.226,0
V0228,8,3,0.0401,-0.533,0
V0228,8,2,0.08840000000000002,-0.372,0
V0228,8,1,0.11120000000000002,-0.296,0
V0228,8,0,0.12980000000000003,-0.234,0
V0228,9,7,0.049100000000000005,-0.503,0
V0228,9,6,0.10550000000000001,-0.315,0
V0228,9,5,0.1322,-0.226,0
V0228,9,4,0.0401,-0.533,0
V0228,9,3,0.08840000000000002,-0.372,0
V0228,9,2,0.11120000000000002,-0.296,0
V0228,9,1,0.12980000000000003,-0.234,0
V0228,9,0,0.09470000000000002,-0.351,0
V0228,10,7,0.10550000000000001,-0.315,0
V0228,10,6,0.1322,-0.226,0
V0228,10,5,0.0401,-0.533,0
V0228,10,4,0.08840000000000002,-0.372,0
V0228,10,3,0.11120000000000002,-0.296,0
V0228,10,2,0.12980000000000003,-0.234,0
V0228,10,1,0.09470000000000002,-0.351,0
V0228,10,0,0.07700000000000003,-0.41,0
V0228,11,7,0.1322,-0.226,0
V0228,11,6,0.0401,-0.533,0
V0228,11,5,0.08840000000000002,-0.372,0
V0228,11,4,0.11120000000000002,-0.296,0
V0228,11,3,0.12980000000000003,-0.234,0
V0228,11,2,0.09470000000000002,-0.351,0
V0228,11,1,0.07700000000000003,-0.41,0
V0228,11,0,0.09410000000000002,-0.353,0
V0231,11,7,0.09440000000000003,-0.352,0
V0231,11,6,0.13490000000000002,-0.217,0
V0231,11,5,0.12260000000000001,-0.258,0
V0231,11,4,0.1448,-0.184,0
V0231,11,3,0.1316,-0.228,0
V0231,11,2,0.08780000000000002,-0.374,0
V0231,11,1,0.12110000000000001,-0.263,0
V0231,11,0,0.10910000000000002,-0.303,0
V0231,14,7,0.1448,-0.184,0
V0231,14,6,0.1316,-0.228,0
V0231,14,5,0.08780000000000002,-0.374,0
V0231,14,4,0.12110000000000001,-0.263,0
V0231,14,3,0.10910000000000002,-0.303,0
V0231,14,2,0.09020000000000002,-0.366,0
V0231,14,1,0.07550000000000003,-0.415,0
V0231,14,0,0.1295,-0.235,0
V0231,15,7,0.1316,-0.228,0
V0231,15,6,0.08780000000000002,-0.374,0
V0231,15,5,0.12110000000000001,-0.263,0
V0231,15,4,0.10910000000000002,-0.303,0
V0231,15,3,0.09020000000000002,-0.366,0
V0231,15,2,0.07550000000000003,-0.415,0
V0231,15,1,0.1295,-0.235,0
V0231,15,0,0.065,-0.45,0
V0234,3,2,0.14390000000000003,-0.187,0
V0234,3,1,0.2126,0.042,0
V0234,3,0,0.191,-0.03,0
V0235,22,7,0.1754,-0.082,0
V0235,22,6,0.1859,-0.047,0
V0235,22,5,0.2006,0.002,0
V0235,22,4,0.1463,-0.179,0
V0235,22,3,0.1562,-0.146,0
V0235,22,2,0.1361,-0.213,0
V0235,22,1,0.11420000000000002,-0.286,0
V0235,22,0,0.4226,-0.258,1
V0237,21,7,0.1163,-0.279,0
V0237,21,6,0.11000000000000001,-0.3,0
V0237,21,5,0.12290000000000001,-0.257,0
V0237,21,4,0.1295,-0.235,0
V0237,21,3,0.2066,0.022,0
V0237,21,2,0.2039,0.013,0
V0237,21,1,0.17420000000000002,-0.086,0
V0237,21,0,0.15530000000000002,-0.149,0
V0238,7,6,0.269,0.23,0
V0238,7,5,0.251,0.17,0
V0238,7,4,0.221,0.07,0
V0238,7,3,0.26780000000000004,0.226,0
V0238,7,2,0.2393,0.131,0
V0238,7,1,0.2591,0.197,0
V0238,7,0,0.2675,0.225,0
V0238,9,7,0.251,0.17,0
V0238,9,6,0.221,0.07,0
V0238,9,5,0.26780000000000004,0.226,0
V0238,9,4,0.2393,0.131,0
V0238,9,3,0.2591,0.197,0
V0238,9,2,0.2675,0.225,0
V0238,9,1,0.22340000000000002,0.078,0
V0238,9,0,0.2156,0.052,0
V0238,10,7,0.221,0.07,0
V0238,10,6,0.26780000000000004,0.226,0
V0238,10,5,0.2393,0.131,0
V0238,10,4,0.2591,0.197,0
V0238,10,3,0.2675,0.225,0
V0238,10,2,0.22340000000000002,0.078,0
V0238,10,1,0.2156,0.052,0
V0238,10,0,0.2132,0.044,0
V0238,11,7,0.26780000000000004,0.226,0
V0238,11,6,0.2393,0.131,0
V0238,11,5,0.2591,0.197,0
V0238,11,4,0.2675,0.225,0
V0238,11,3,0.22340000000000002,0.078,0
V0238,11,2,0.2156,0.052,0
V0238,11,1,0.2132,0.044,0
V0238,11,0,0.218,0.06,0
V0238,16,7,0.2156,0.052,0
V0238,16,6,0.2132,0.044,0
V0238,16,5,0.218,0.06,0
V0238,16,4,0.5996,0.332,1
V0238,16,3,0.2411,0.137,0
V0238,16,2,0.3008,0.336,0
V0238,16,1,0.16190000000000002,-0.127,0
V0238,16,0,0.18080000000000002,-0.064,0
V0238,20,7,0.2411,0.137,0
V0238,20,6,0.3008,0.336,0
V0238,20,5,0.16190000000000002,-0.127,0
V0238,20,4,0.18080000000000002,-0.064,0
V0238,20,3,0.224,0.08,0
V0238,20,2,0.14690000000000003,-0.177,0
V0238,20,1,0.11060000000000002,-0.298,0
V0238,20,0,0.2141,0.047,0
V0239,3,2,0.06740000000000002,-0.442,0
V0239,3,1,0.07460000000000003,-0.418,0
V0239,3,0,0.3482,-0.506,1
V0239,5,4,0.06740000000000002,-0.442,0
V0239,5,3,0.07460000000000003,-0.418,0
V0239,5,2,0.3482,-0.506,1
V0239,5,1,0.056900000000000034,-0.477,0
V0239,5,0,0.07280000000000003,-0.424,0
V0239,23,7,0.027500000000000024,-0.575,0
V0239,23,6,0.06890000000000002,-0.437,0
V0239,23,5,0.017900000000000027,-0.607,0
V0239,23,4,0.06260000000000002,-0.458,0
V0239,23,3,0.3089,-0.637,1
V0239,23,2,0.29869999999999997,-0.671,1
V0239,23,1,0.026900000000000035,-0.577,0
V0239,23,0,0.03409999999999999,-0.553,0
V0240,12,7,0.2033,0.011,0
V0240,12,6,0.21680000000000002,0.056,0
V0240,12,5,0.2309,0.103,0
V0240,12,4,0.22010000000000002,0.067,0
V0240,12,3,0.2021,0.007,0
V0240,12,2,0.1847,-0.051,0
V0240,12,1,0.14300000000000002,-0.19,0
V0240,12,0,0.2081,0.027,0
V0240,20,7,0.2333,0.111,0
V0240,20,6,0.2039,0.013,0
V0240,20,5,0.1991,-0.003,0
V0240,20,4,0.18830000000000002,-0.039,0
V0240,20,3,0.1826,-0.058,0
V0240,20,2,0.14900000000000002,-0.17,0
V0240,20,1,0.1628,-0.124,0
V0240,20,0,0.17120000000000002,-0.096,0
V0240,21,7,0.2039,0.013,0
V0240,21,6,0.1991,-0.003,0
V0240,21,5,0.18830000000000002,-0.039,0
V0240,21,4,0.1826,-0.058,0
V0240,21,3,0.14900000000000002,-0.17,0
V0240,21,2,0.1628,-0.124,0
V0240,21,1,0.17120000000000002,-0.096,0
V0240,21,0,0.17420000000000002,-0.086,0
V0243,17,7,0.19130000000000003,-0.029,0
V0243,17,6,0.2069,0.023,0
V0243,17,5,0.1628,-0.124,0
V0243,17,4,0.2195,0.065,0
V0243,17,3,0.17450000000000002,-0.085,0
V0243,17,2,0.1826,-0.058,0
V0243,17,1,0.16190000000000002,-0.127,0
V0243,17,0,0.24830000000000002,0.161,0
V0246,19,7,0.11390000000000002,-0.287,0
V0246,19,6,0.1376,-0.208,0
V0246,19,5,0.12290000000000001,-0.257,0
V0246,19,4,0.04970000000000002,-0.501,0
V0246,19,3,0.11810000000000001,-0.273,0
V0246,19,2,0.12440000000000001,-0.252,0
V0246,19,1,0.08840000000000002,-0.372,0
V0246,19,0,0.08300000000000002,-0.39,0
V0248,9,7,0.5432,0.144,1
V0248,9,6,0.23600000000000002,0.12,0
V0248,9,5,0.2033,0.011,0
V0248,9,4,0.22190000000000001,0.073,0
V0248,9,3,0.2096,0.032,0
V0248,9,2,0.09230000000000002,-0.359,0
V0248,9,1,0.07010000000000002,-0.433,0
V0248,9,0,0.09260000000000002,-0.358,0
V0248,10,7,0.23600000000000002,0.12,0
V0248,10,6,0.2033,0.011,0
V0248,10,5,0.22190000000000001,0.073,0
V0248,10,4,0.2096,0.032,0
V0248,10,3,0.09230000000000002,-0.359,0
V0248,10,2,0.07010000000000002,-0.433,0
V0248,10,1,0.09260000000000002,-0.358,0
V0248,10,0,0.12860000000000002,-0.238,0
V0248,16,7,0.09260000000000002,-0.358,0
V0248,16,6,0.12860000000000002,-0.238,0
V0248,16,5,0.09170000000000002,-0.361,0
V0248,16,4,0.03559999999999999,-0.548,0
V0248,16,3,0.36260000000000003,-0.458,1
V0248,16,2,0.08900000000000001,-0.37,0
V0248,16,1,0.06230000000000002,-0.459,0
V0248,16,0,0.04400000000000001,-0.52,0
V0248,18,7,0.09170000000000002,-0.361,0
V0248,18,6,0.03559999999999999,-0.548,0
V0248,18,5,0.36260000000000003,-0.458,1
V0248,18,4,0.08900000000000001,-0.37,0
V0248,18,3,0.06230000000000002,-0.459,0
V0248,18,2,0.04400000000000001,-0.52,0
V0248,18,1,0.02810000000000004,-0.573,0
V0248,18,0,0.09500000000000001,-0.35,0
V0248,20,7,0.36260000000000003,-0.458,1
V0248,20,6,0.08900000000000001,-0.37,0
V0248,20,5,0.06230000000000002,-0.459,0
V0248,20,4,0.04400000000000001,-0.52,0
V0248,20,3,0.02810000000000004,-0.573,0
V0248,20,2,0.09500000000000001,-0.35,0
V0248,20,1,0.008000000000000007,-0.64,0
V0248,20,0,0.07220000000000001,-0.426,0
V0248,22,7,0.06230000000000002,-0.459,0
V0248,22,6,0.04400000000000001,-0.52,0
V0248,22,5,0.02810000000000004,-0.573,0
V0248,22,4,0.09500000000000001,-0.35,0
V0248,22,3,0.008000000000000007,-0.64,0
V0248,22,2,0.07220000000000001,-0.426,0
V0248,22,1,0.05240000000000003,-0.492,0
V0248,22,0,0.09020000000000002,-0.366,0
V0250,11,7,0.15080000000000002,-0.164,0
V0250,11,6,0.16970000000000002,-0.101,0
V0250,11,5,0.1451,-0.183,0
V0250,11,4,0.08000000000000002,-0.4,0
V0250,11,3,0.054200000000000026,-0.486,0
V0250,11,2,0.03320000000000001,-0.556,0
V0250,11,1,0.04580000000000001,-0.514,0
V0250,11,0,0.3731,-0.423,1
V0250,20,7,0.06590000000000001,-0.447,0
V0250,20,6,0.0,-0.718,0
V0250,20,5,0.05240000000000003,-0.492,0
V0250,20,4,0.0413,-0.529,0
V0250,20,3,0.009200000000000014,-0.636,0
V0250,20,2,0.0476,-0.508,0
V0250,20,1,0.10280000000000002,-0.324,0
V0250,20,0,0.08540000000000002,-0.382,0
V0251,7,6,0.1751,-0.083,0
V0251,7,5,0.1739,-0.087,0
V0251,7,4,0.1613,-0.129,0
V0251,7,3,0.15230000000000002,-0.159,0
V0251,7,2,0.15410000000000001,-0.153,0
V0251,7,1,0.09650000000000002,-0.345,0
V0251,7,0,0.13820000000000002,-0.206,0
V0251,20,7,0.1346,-0.218,0
V0251,20,6,0.10820000000000002,-0.306,0
V0251,20,5,0.3893,-0.369,1
V0251,20,4,0.054200000000000026,-0.486,0
V0251,20,3,0.08120000000000001,-0.396,0
V0251,20,2,0.05630000000000002,-0.479,0
V0251,20,1,0.3758,-0.414,1
V0251,20,0,0.13580000000000003,-0.214,0
V0253,12,7,0.1811,-0.063,0
V0253,12,6,0.1928,-0.024,0
V0253,12,5,0.19340000000000002,-0.022,0
V0253,12,4,0.16940000000000002,-0.102,0
V0253,12,3,0.4565,-0.145,1
V0253,12,2,0.10220000000000001,-0.326,0
V0253,12,1,0.14930000000000002,-0.169,0
V0253,12,0,0.11180000000000002,-0.294,0
V0253,15,7,0.16940000000000002,-0.102,0
V0253,15,6,0.4565,-0.145,1
V0253,15,5,0.10220000000000001,-0.326,0
V0253,15,4,0.14930000000000002,-0.169,0
V0253,15,3,0.11180000000000002,-0.294,0
V0253,15,2,0.07490000000000002,-0.417,0
V0253,15,1,0.1481,-0.173,0
V0253,15,0,0.1754,-0.082,0
V0253,17,7,0.10220000000000001,-0.326,0
V0253,17,6,0.14930000000000002,-0.169,0
V0253,17,5,0.11180000000000002,-0.294,0
V0253,17,4,0.07490000000000002,-0.417,0
V0253,17,3,0.1481,-0.173,0
V0253,17,2,0.1754,-0.082,0
V0253,17,1,0.14090000000000003,-0.197,0
V0253,17,0,0.13730000000000003,-0.209,0
V0253,19,7,0.11180000000000002,-0.294,0
V0253,19,6,0.07490000000000002,-0.417,0
V0253,19,5,0.1481,-0.173,0
V0253,19,4,0.1754,-0.082,0
V0253,19,3,0.14090000000000003,-0.197,0
V0253,19,2,0.13730000000000003,-0.209,0
V0253,19,1,0.08420000000000001,-0.386,0
V0253,19,0,0.07730000000000002,-0.409,0
V0255,19,7,0.16010000000000002,-0.133,0
V0255,19,6,0.10160000000000001,-0.328,0
V0255,19,5,0.125,-0.25,0
V0255,19,4,0.024500000000000022,-0.585,0
V0255,19,3,0.07940000000000001,-0.402,0
V0255,19,2,0.1034,-0.322,0
V0255,19,1,0.098,-0.34,0
V0255,19,0,0.07370000000000002,-0.421,0
V0255,22,7,0.024500000000000022,-0.585,0
V0255,22,6,0.07940000000000001,-0.402,0
V0255,22,5,0.1034,-0.322,0
V0255,22,4,0.098,-0.34,0
V0255,22,3,0.07370000000000002,-0.421,0
V0255,22,2,0.08510000000000001,-0.383,0
V0255,22,1,0.08270000000000001,-0.391,0
V0255,22,0,0.05300000000000002,-0.49,0
V0256,5,4,0.07100000000000001,-0.43,0
V0256,5,3,0.10160000000000001,-0.328,0
V0256,5,2,0.116,-0.28,0
V0256,5,1,0.14420000000000002,-0.186,0
V0256,5,0,0.11330000000000003,-0.289,0
V0257,4,3,0.18230000000000002,-0.059,0
V0257,4,2,0.21680000000000002,0.056,0
V0257,4,1,0.2132,0.044,0
V0257,4,0,0.2348,0.116,0
V0258,16,7,0.2222,0.074,0
V0258,16,6,0.2039,0.013,0
V0258,16,5,0.1514,-0.162,0
V0258,16,4,0.2579,0.193,0
V0258,16,3,0.2306,0.102,0
V0258,16,2,0.16610000000000003,-0.113,0
V0258,16,1,0.449,-0.17,1
V0258,16,0,0.1169,-0.277,0
V0258,17,7,0.2039,0.013,0
V0258,17,6,0.1514,-0.162,0
V0258,17,5,0.2579,0.193,0
V0258,17,4,0.2306,0.102,0
V0258,17,3,0.16610000000000003,-0.113,0
V0258,17,2,0.449,-0.17,1
V0258,17,1,0.1169,-0.277,0
V0258,17,0,0.1778,-0.074,0
V0258,18,7,0.1514,-0.162,0
V0258,18,6,0.2579,0.193,0
V0258,18,5,0.2306,0.102,0
V0258,18,4,0.16610000000000003,-0.113,0
V0258,18,3,0.449,-0.17,1
V0258,18,2,0.1169,-0.277,0
V0258,18,1,0.1778,-0.074,0
V0258,18,0,0.13640000000000002,-0.212,0
V0258,20,7,0.2306,0.102,0
V0258,20,6,0.16610000000000003,-0.113,0
V0258,20,5,0.449,-0.17,1
V0258,20,4,0.1169,-0.277,0
V0258,20,3,0.1778,-0.074,0
V0258,20,2,0.13640000000000002,-0.212,0
V0258,20,1,0.137,-0.21,0
V0258,20,0,0.065,-0.45,0
V0260,8,7,0.2258,0.086,0
V0260,8,6,0.20270000000000002,0.009,0
V0260,8,5,0.2531,0.177,0
V0260,8,4,0.2378,0.126,0
V0260,8,3,0.24230000000000002,0.141,0
V0260,8,2,0.5258,0.086,1
V0260,8,1,0.21500000000000002,0.05,0
V0260,8,0,0.22310000000000002,0.077,0
V0262,14,7,0.4577,-0.141,1
V0262,14,6,0.19310000000000002,-0.023,0
V0262,14,5,0.16940000000000002,-0.102,0
V0262,14,4,0.1718,-0.094,0
V0262,14,3,0.4226,-0.258,1
V0262,14,2,0.161,-0.13,0
V0262,14,1,0.11240000000000001,-0.292,0
V0262,14,0,0.21080000000000002,0.036,0
V0262,16,7,0.16940000000000002,-0.102,0
V0262,16,6,0.1718,-0.094,0
V0262,16,5,0.4226,-0.258,1
V0262,16,4,0.161,-0.13,0
V0262,16,3,0.11240000000000001,-0.292,0
V0262,16,2,0.21080000000000002,0.036,0
V0262,16,1,0.19790000000000002,-0.007,0
V0262,16,0,0.13730000000000003,-0.209,0
V0262,20,7,0.11240000000000001,-0.292,0
V0262,20,6,0.21080000000000002,0.036,0
V0262,20,5,0.19790000000000002,-0.007,0
V0262,20,4,0.13730000000000003,-0.209,0
V0262,20,3,0.1835,-0.055,0
V0262,20,2,0.10910000000000002,-0.303,0
V0262,20,1,0.10280000000000002,-0.324,0
V0262,20,0,0.14120000000000002,-0.196,0
V0262,21,7,0.21080000000000002,0.036,0
V0262,21,6,0.19790000000000002,-0.007,0
V0262,21,5,0.13730000000000003,-0.209,0
V0262,21,4,0.1835,-0.055,0
V0262,21,3,0.10910000000000002,-0.303,0
V0262,21,2,0.10280000000000002,-0.324,0
V0262,21,1,0.14120000000000002,-0.196,0
V0262,21,0,0.1325,-0.225,0
V0262,22,7,0.19790000000000002,-0.007,0
V0262,22,6,0.13730000000000003,-0.209,0
V0262,22,5,0.1835,-0.055,0
V0262,22,4,0.10910000000000002,-0.303,0
V0262,22,3,0.10280000000000002,-0.324,0
V0262,22,2,0.14120000000000002,-0.196,0
V0262,22,1,0.1325,-0.225,0
V0262,22,0,0.11240000000000001,-0.292,0
V0262,23,7,0.13730000000000003,-0.209,0
V0262,23,6,0.1835,-0.055,0
V0262,23,5,0.10910000000000002,-0.303,0
V0262,23,4,0.10280000000000002,-0.324,0
V0262,23,3,0.14120000000000002,-0.196,0
V0262,23,2,0.1325,-0.225,0
V0262,23,1,0.11240000000000001,-0.292,0
V0262,23,0,0.0695,-0.435,0
V0264,18,7,0.21500000000000002,0.05,0
V0264,18,6,0.1361,-0.213,0
V0264,18,5,0.16640000000000002,-0.112,0
V0264,18,4,0.1544,-0.152,0
V0264,18,3,0.21080000000000002,0.036,0
V0264,18,2,0.19640000000000002,-0.012,0
V0264,18,1,0.19640000000000002,-0.012,0
V0264,18,0,0.1874,-0.042,0
V0268,15,7,0.2096,0.032,0
V0268,15,6,0.22190000000000001,0.073,0
V0268,15,5,0.1418,-0.194,0
V0268,15,4,0.1763,-0.079,0
V0268,15,3,0.1832,-0.056,0
V0268,15,2,0.19790000000000002,-0.007,0
V0268,15,1,0.15530000000000002,-0.149,0
V0268,15,0,0.16040000000000001,-0.132,0
V0269,23,7,0.13880000000000003,-0.204,0
V0269,23,6,0.1511,-0.163,0
V0269,23,5,0.12200000000000001,-0.26,0
V0269,23,4,0.1658,-0.114,0
V0269,23,3,0.1502,-0.166,0
V0269,23,2,0.1496,-0.168,0
V0269,23,1,0.4508,-0.164,1
V0269,23,0,0.1004,-0.332,0
V0272,8,7,0.16910000000000003,-0.103,0
V0272,8,6,0.21050000000000002,0.035,0
V0272,8,5,0.15680000000000002,-0.144,0
V0272,8,4,0.11210000000000002,-0.293,0
V0272,8,3,0.1643,-0.119,0
V0272,8,2,0.10970000000000002,-0.301,0
V0272,8,1,0.13640000000000002,-0.212,0
V0272,8,0,0.1865,-0.045,0
V0272,19,7,0.11090000000000001,-0.297,0
V0272,19,6,0.09350000000000001,-0.355,0
V0272,19,5,0.10160000000000001,-0.328,0
V0272,19,4,0.07760000000000003,-0.408,0
V0272,19,3,0.08030000000000001,-0.399,0
V0272,19,2,0.3857,-0.381,1
V0272,19,1,0.08090000000000001,-0.397,0
V0272,19,0,0.4343,-0.219,1
V0272,23,7,0.08030000000000001,-0.399,0
V0272,23,6,0.3857,-0.381,1
V0272,23,5,0.08090000000000001,-0.397,0
V0272,23,4,0.4343,-0.219,1
V0272,23,3,0.0446,-0.518,0
V0272,23,2,0.0476,-0.508,0
V0272,23,1,0.08930000000000002,-0.369,0
V0272,23,0,0.3458,-0.514,1
V0273,10,7,0.1748,-0.084,0
V0273,10,6,0.2141,0.047,0
V0273,10,5,0.20420000000000002,0.014,0
V0273,10,4,0.16160000000000002,-0.128,0
V0273,10,3,0.1904,-0.032,0
V0273,10,2,0.11750000000000001,-0.275,0
V0273,10,1,0.14090000000000003,-0.197,0
V0273,10,0,0.1763,-0.079,0
V0273,11,7,0.2141,0.047,0
V0273,11,6,0.20420000000000002,0.014,0
V0273,11,5,0.16160000000000002,-0.128,0
V0273,11,4,0.1904,-0.032,0
V0273,11,3,0.11750000000000001,-0.275,0
V0273,11,2,0.14090000000000003,-0.197,0
V0273,11,1,0.1763,-0.079,0
V0273,11,0,0.1391,-0.203,0
V0273,17,7,0.1763,-0.079,0
V0273,17,6,0.1391,-0.203,0
V0273,17,5,0.3953,-0.349,1
V0273,17,4,0.07460000000000003,-0.418,0
V0273,17,3,0.042800000000000005,-0.524,0
V0273,17,2,0.05750000000000002,-0.475,0
V0273,17,1,0.09560000000000002,-0.348,0
V0273,17,0,0.10370000000000001,-0.321,0
V0273,18,7,0.1391,-0.203,0
V0273,18,6,0.3953,-0.349,1
V0273,18,5,0.07460000000000003,-0.418,0
V0273,18,4,0.042800000000000005,-0.524,0
V0273,18,3,0.05750000000000002,-0.475,0
V0273,18,2,0.09560000000000002,-0.348,0
V0273,18,1,0.10370000000000001,-0.321,0
V0273,18,0,0.323,-0.59,1
V0273,19,7,0.3953,-0.349,1
V0273,19,6,0.07460000000000003,-0.418,0
V0273,19,5,0.042800000000000005,-0.524,0
V0273,19,4,0.05750000000000002,-0.475,0
V0273,19,3,0.09560000000000002,-0.348,0
V0273,19,2,0.10370000000000001,-0.321,0
V0273,19,1,0.323,-0.59,1
V0273,19,0,0.05780000000000002,-0.474,0
V0273,20,7,0.07460000000000003,-0.418,0
V0273,20,6,0.042800000000000005,-0.524,0
V0273,20,5,0.05750000000000002,-0.475,0
V0273,20,4,0.09560000000000002,-0.348,0
V0273,20,3,0.10370000000000001,-0.321,0
V0273,20,2,0.323,-0.59,1
V0273,20,1,0.05780000000000002,-0.474,0
V0273,20,0,0.09380000000000002,-0.354,0
V0273,22,7,0.05750000000000002,-0.475,0
V0273,22,6,0.09560000000000002,-0.348,0
V0273,22,5,0.10370000000000001,-0.321,0
V0273,22,4,0.323,-0.59,1
V0273,22,3,0.05780000000000002,-0.474,0
V0273,22,2,0.09380000000000002,-0.354,0
V0273,22,1,0.06680000000000003,-0.444,0
V0273,22,0,0.07700000000000003,-0.41,0
V0273,23,7,0.09560000000000002,-0.348,0
V0273,23,6,0.10370000000000001,-0.321,0
V0273,23,5,0.323,-0.59,1
V0273,23,4,0.05780000000000002,-0.474,0
V0273,23,3,0.09380000000000002,-0.354,0
V0273,23,2,0.06680000000000003,-0.444,0
V0273,23,1,0.07700000000000003,-0.41,0
V0273,23,0,0.056900000000000034,-0.477,0
V0276,16,7,0.2039,0.013,0
V0276,16,6,0.4979,-0.007,1
V0276,16,5,0.19460000000000002,-0.018,0
V0276,16,4,0.4895,-0.035,1
V0276,16,3,0.15710000000000002,-0.143,0
V0276,16,2,0.1502,-0.166,0
V0276,16,1,0.0974,-0.342,0
V0276,16,0,0.08360000000000001,-0.388,0
V0276,17,7,0.4979,-0.007,1
V0276,17,6,0.19460000000000002,-0.018,0
V0276,17,5,0.4895,-0.035,1
V0276,17,4,0.15710000000000002,-0.143,0
V0276,17,3,0.1502,-0.166,0
V0276,17,2,0.0974,-0.342,0
V0276,17,1,0.08360000000000001,-0.388,0
V0276,17,0,0.11480000000000003,-0.284,0
V0276,22,7,0.0974,-0.342,0
V0276,22,6,0.08360000000000001,-0.388,0
V0276,22,5,0.11480000000000003,-0.284,0
V0276,22,4,0.08690000000000002,-0.377,0
V0276,22,3,0.08900000000000001,-0.37,0
V0276,22,2,0.065,-0.45,0
V0276,22,1,0.06830000000000003,-0.439,0
V0276,22,0,0.05720000000000003,-0.476,0
V0276,23,7,0.08360000000000001,-0.388,0
V0276,23,6,0.11480000000000003,-0.284,0
V0276,23,5,0.08690000000000002,-0.377,0
V0276,23,4,0.08900000000000001,-0.37,0
V0276,23,3,0.065,-0.45,0
V0276,23,2,0.06830000000000003,-0.439,0
V0276,23,1,0.05720000000000003,-0.476,0
V0276,23,0,0.05210000000000001,-0.493,0
V0277,12,7,0.13430000000000003,-0.219,0
V0277,12,6,0.08750000000000002,-0.375,0
V0277,12,5,0.08960000000000001,-0.368,0
V0277,12,4,0.08480000000000001,-0.384,0
V0277,12,3,0.09320000000000002,-0.356,0
V0277,12,2,0.128,-0.24,0
V0277,12,1,0.161,-0.13,0
V0277,12,0,0.11450000000000002,-0.285,0
V0280,22,7,0.2858,0.286,0
V0280,22,6,0.2006,0.002,0
V0280,22,5,0.16670000000000001,-0.111,0
V0280,22,4,0.16670000000000001,-0.111,0
V0280,22,3,0.1892,-0.036,0
V0280,22,2,0.1331,-0.223,0
V0280,22,1,0.10970000000000002,-0.301,0
V0280,22,0,0.1562,-0.146,0
V0281,11,7,0.2843,0.281,0
V0281,11,6,0.1715,-0.095,0
V0281,11,5,0.1589,-0.137,0
V0281,11,4,0.17270000000000002,-0.091,0
V0281,11,3,0.1406,-0.198,0
V0281,11,2,0.2132,0.044,0
V0281,11,1,0.15680000000000002,-0.144,0
V0281,11,0,0.1532,-0.156,0
V0281,17,7,0.15680000000000002,-0.144,0
V0281,17,6,0.1532,-0.156,0
V0281,17,5,0.10940000000000001,-0.302,0
V0281,17,4,0.12830000000000003,-0.239,0
V0281,17,3,0.13670000000000002,-0.211,0
V0281,17,2,0.1376,-0.208,0
V0281,17,1,0.1781,-0.073,0
V0281,17,0,0.17900000000000002,-0.07,0
V0282,9,7,0.05210000000000001,-0.493,0
V0282,9,6,0.10640000000000001,-0.312,0
V0282,9,5,0.2777,-0.741,1
V0282,9,4,0.06620000000000001,-0.446,0
V0282,9,3,0.11390000000000002,-0.287,0
V0282,9,2,0.10160000000000001,-0.328,0
V0282,9,1,0.026900000000000035,-0.577,0
V0282,9,0,0.047000000000000014,-0.51,0
V0286,7,6,0.2657,0.219,0
V0286,7,5,0.24710000000000001,0.157,0
V0286,7,4,0.20420000000000002,0.014,0
V0286,7,3,0.20450000000000002,0.015,0
V0286,7,2,0.2273,0.091,0
V0286,7,1,0.16010000000000002,-0.133,0
V0286,7,0,0.14240000000000003,-0.192,0
V0286,8,7,0.2657,0.219,0
V0286,8,6,0.24710000000000001,0.157,0
V0286,8,5,0.20420000000000002,0.014,0
V0286,8,4,0.20450000000000002,0.015,0
V0286,8,3,0.2273,0.091,0
V0286,8,2,0.16010000000000002,-0.133,0
V0286,8,1,0.14240000000000003,-0.192,0
V0286,8,0,0.1532,-0.156,0
V0286,14,7,0.14240000000000003,-0.192,0
V0286,14,6,0.1532,-0.156,0
V0286,14,5,0.0821,-0.393,0
V0286,14,4,0.4037,-0.321,1
V0286,14,3,0.06980000000000003,-0.434,0
V0286,14,2,0.08300000000000002,-0.39,0
V0286,14,1,0.08360000000000001,-0.388,0
V0286,14,0,0.14840000000000003,-0.172,0
V0286,15,7,0.1532,-0.156,0
V0286,15,6,0.0821,-0.393,0
V0286,15,5,0.4037,-0.321,1
V0286,15,4,0.06980000000000003,-0.434,0
V0286,15,3,0.08300000000000002,-0.39,0
V0286,15,2,0.08360000000000001,-0.388,0
V0286,15,1,0.14840000000000003,-0.172,0
V0286,15,0,0.09920000000000001,-0.336,0
V0286,17,7,0.4037,-0.321,1
V0286,17,6,0.06980000000000003,-0.434,0
V0286,17,5,0.08300000000000002,-0.39,0
V0286,17,4,0.08360000000000001,-0.388,0
V0286,17,3,0.14840000000000003,-0.172,0
V0286,17,2,0.09920000000000001,-0.336,0
V0286,17,1,0.125,-0.25,0
V0286,17,0,0.09860000000000001,-0.338,0
V0286,20,7,0.08360000000000001,-0.388,0
V0286,20,6,0.14840000000000003,-0.172,0
V0286,20,5,0.09920000000000001,-0.336,0
V0286,20,4,0.125,-0.25,0
V0286,20,3,0.09860000000000001,-0.338,0
V0286,20,2,0.13190000000000002,-0.227,0
V0286,20,1,0.06920000000000001,-0.436,0
V0286,20,0,0.10460000000000001,-0.318,0
V0292,8,7,0.14570000000000002,-0.181,0
V0292,8,6,0.1376,-0.208,0
V0292,8,5,0.164,-0.12,0
V0292,8,4,0.14420000000000002,-0.186,0
V0292,8,3,0.18080000000000002,-0.064,0
V0292,8,2,0.1481,-0.173,0
V0292,8,1,0.1811,-0.063,0
V0292,8,0,0.09500000000000001,-0.35,0
V0292,15,7,0.09500000000000001,-0.35,0
V0292,15,6,0.1301,-0.233,0
V0292,15,5,0.1685,-0.105,0
V0292,15,4,0.1514,-0.162,0
V0292,15,3,0.1799,-0.067,0
V0292,15,2,0.08900000000000001,-0.37,0
V0292,15,1,0.1826,-0.058,0
V0292,15,0,0.1433,-0.189,0
V0292,23,7,0.05030000000000001,-0.499,0
V0292,23,6,0.038599999999999995,-0.538,0
V0292,23,5,0.024500000000000022,-0.585,0
V0292,23,4,0.037099999999999994,-0.543,0
V0292,23,3,0.3398,-0.534,1
V0292,23,2,0.0632,-0.456,0
V0292,23,1,0.05450000000000002,-0.485,0
V0292,23,0,0.0416,-0.528,0
V0293,23,7,0.1322,-0.226,0
V0293,23,6,0.1922,-0.026,0
V0293,23,5,0.14,-0.2,0
V0293,23,4,0.4925,-0.025,1
V0293,23,3,0.1658,-0.114,0
V0293,23,2,0.23270000000000002,0.109,0
V0293,23,1,0.1724,-0.092,0
V0293,23,0,0.13820000000000002,-0.206,0
V0294,16,7,0.1322,-0.226,0
V0294,16,6,0.1163,-0.279,0
V0294,16,5,0.09560000000000002,-0.348,0
V0294,16,4,0.09320000000000002,-0.356,0
V0294,16,3,0.09980000000000001,-0.334,0
V0294,16,2,0.1337,-0.221,0
V0294,16,1,0.09830000000000001,-0.339,0
V0294,16,0,0.05540000000000003,-0.482,0
V0294,19,7,0.09320000000000002,-0.356,0
V0294,19,6,0.09980000000000001,-0.334,0
V0294,19,5,0.1337,-0.221,0
V0294,19,4,0.09830000000000001,-0.339,0
V0294,19,3,0.05540000000000003,-0.482,0
V0294,19,2,0.05930000000000002,-0.469,0
V0294,19,1,0.07220000000000001,-0.426,0
V0294,19,0,0.09350000000000001,-0.355,0
V0294,21,7,0.1337,-0.221,0
V0294,21,6,0.09830000000000001,-0.339,0
V0294,21,5,0.05540000000000003,-0.482,0
V0294,21,4,0.05930000000000002,-0.469,0
V0294,21,3,0.07220000000000001,-0.426,0
V0294,21,2,0.09350000000000001,-0.355,0
V0294,21,1,0.065,-0.45,0
V0294,21,0,0.35450000000000004,-0.485,1
V0295,10,7,0.025400000000000034,-0.582,0
V0295,10,6,0.026900000000000035,-0.577,0
V0295,10,5,0.07940000000000001,-0.402,0
V0295,10,4,0.07700000000000003,-0.41,0
V0295,10,3,0.022100000000000036,-0.593,0
V0295,10,2,0.05750000000000002,-0.475,0
V0295,10,1,0.007400000000000018,-0.642,0
V0295,10,0,0.01580000000000001,-0.614,0
V0295,15,7,0.05750000000000002,-0.475,0
V0295,15,6,0.007400000000000018,-0.642,0
V0295,15,5,0.01580000000000001,-0.614,0
V0295,15,4,0.0338,-0.554,0
V0295,15,3,0.0,-0.694,0
V0295,15,2,0.0,-0.742,0
V0295,15,1,0.0,-0.703,0
V0295,15,0,0.0032000000000000084,-0.656,0
V0295,16,7,0.007400000000000018,-0.642,0
V0295,16,6,0.01580000000000001,-0.614,0
V0295,16,5,0.0338,-0.554,0
V0295,16,4,0.0,-0.694,0
V0295,16,3,0.0,-0.742,0
V0295,16,2,0.0,-0.703,0
V0295,16,1,0.0032000000000000084,-0.656,0
V0295,16,0,0.003500000000000003,-0.655,0
V0295,17,7,0.01580000000000001,-0.614,0
V0295,17,6,0.0338,-0.554,0
V0295,17,5,0.0,-0.694,0
V0295,17,4,0.0,-0.742,0
V0295,17,3,0.0,-0.703,0
V0295,17,2,0.0032000000000000084,-0.656,0
V0295,17,1,0.003500000000000003,-0.655,0
V0295,17,0,0.0,-0.715,0
V0295,18,7,0.0338,-0.554,0
V0295,18,6,0.0,-0.694,0
V0295,18,5,0.0,-0.742,0
V0295,18,4,0.0,-0.703,0
V0295,18,3,0.0032000000000000084,-0.656,0
V0295,18,2,0.003500000000000003,-0.655,0
V0295,18,1,0.0,-0.715,0
V0295,18,0,0.023300000000000015,-0.589,0
V0295,20,7,0.0,-0.742,0
V0295,20,6,0.0,-0.703,0
V0295,20,5,0.0032000000000000084,-0.656,0
V0295,20,4,0.003500000000000003,-0.655,0
V0295,20,3,0.0,-0.715,0
V0295,20,2,0.023300000000000015,-0.589,0
V0295,20,1,0.021800000000000014,-0.594,0
V0295,20,0,0.0,-0.797,0
V0295,23,7,0.003500000000000003,-0.655,0
V0295,23,6,0.0,-0.715,0
V0295,23,5,0.023300000000000015,-0.589,0
V0295,23,4,0.021800000000000014,-0.594,0
V0295,23,3,0.0,-0.797,0
V0295,23,2,0.024800000000000016,-0.584,0
V0295,23,1,0.0,-0.759,0
V0295,23,0,0.0,-0.74,0
V0296,7,6,0.164,-0.12,0
V0296,7,5,0.04490000000000002,-0.517,0
V0296,7,4,0.12110000000000001,-0.263,0
V0296,7,3,0.06740000000000002,-0.442,0
V0296,7,2,0.07700000000000003,-0.41,0
V0296,7,1,0.09440000000000003,-0.352,0
V0296,7,0,0.09620000000000002,-0.346,0
V0296,14,7,0.09620000000000002,-0.346,0
V0296,14,6,0.10550000000000001,-0.315,0
V0296,14,5,0.09320000000000002,-0.356,0
V0296,14,4,0.07580000000000002,-0.414,0
V0296,14,3,0.05930000000000002,-0.469,0
V0296,14,2,0.05750000000000002,-0.475,0
V0296,14,1,0.028400000000000036,-0.572,0
V0296,14,0,0.12470000000000002,-0.251,0
V0297,16,7,0.4748,-0.084,1
V0297,16,6,0.1892,-0.036,0
V0297,16,5,0.266,0.22,0
V0297,16,4,0.2117,0.039,0
V0297,16,3,0.1706,-0.098,0
V0297,16,2,0.1403,-0.199,0
V0297,16,1,0.2006,0.002,0
V0297,16,0,0.16310000000000002,-0.123,0
V0297,19,7,0.2117,0.039,0
V0297,19,6,0.1706,-0.098,0
V0297,19,5,0.1403,-0.199,0
V0297,19,4,0.2006,0.002,0
V0297,19,3,0.16310000000000002,-0.123,0
V0297,19,2,0.1301,-0.233,0
V0297,19,1,0.4658,-0.114,1
V0297,19,0,0.06140000000000001,-0.462,0
V0297,20,7,0.1706,-0.098,0
V0297,20,6,0.1403,-0.199,0
V0297,20,5,0.2006,0.002,0
V0297,20,4,0.16310000000000002,-0.123,0
V0297,20,3,0.1301,-0.233,0
V0297,20,2,0.4658,-0.114,1
V0297,20,1,0.06140000000000001,-0.462,0
V0297,20,0,0.09320000000000002,-0.356,0
V0297,21,7,0.1403,-0.199,0
V0297,21,6,0.2006,0.002,0
V0297,21,5,0.16310000000000002,-0.123,0
V0297,21,4,0.1301,-0.233,0
V0297,21,3,0.4658,-0.114,1
V0297,21,2,0.06140000000000001,-0.462,0
V0297,21,1,0.09320000000000002,-0.356,0
V0297,21,0,0.0695,-0.435,0
V0297,22,7,0.2006,0.002,0
V0297,22,6,0.16310000000000002,-0.123,0
V0297,22,5,0.1301,-0.233,0
V0297,22,4,0.4658,-0.114,1
V0297,22,3,0.06140000000000001,-0.462,0
V0297,22,2,0.09320000000000002,-0.356,0
V0297,22,1,0.0695,-0.435,0
V0297,22,0,0.11360000000000002,-0.288,0
V0297,23,7,0.16310000000000002,-0.123,0
V0297,23,6,0.1301,-0.233,0
V0297,23,5,0.4658,-0.114,1
V0297,23,4,0.06140000000000001,-0.462,0
V0297,23,3,0.09320000000000002,-0.356,0
V0297,23,2,0.0695,-0.435,0
V0297,23,1,0.11360000000000002,-0.288,0
V0297,23,0,0.03290000000000001,-0.557,0
V0299,14,7,0.3017,0.339,0
V0299,14,6,0.2063,0.021,0
V0299,14,5,0.1889,-0.037,0
V0299,14,4,0.2213,0.071,0
V0299,14,3,0.5222,0.074,1
V0299,14,2,0.1724,-0.092,0
V0299,14,1,0.13340000000000002,-0.222,0
V0299,14,0,0.19820000000000002,-0.006,0
V0299,17,7,0.2213,0.071,0
V0299,17,6,0.5222,0.074,1
V0299,17,5,0.1724,-0.092,0
V0299,17,4,0.13340000000000002,-0.222,0
V0299,17,3,0.19820000000000002,-0.006,0
V0299,17,2,0.1844,-0.052,0
V0299,17,1,0.1781,-0.073,0
V0299,17,0,0.20120000000000002,0.004,0
V0299,18,7,0.5222,0.074,1
V0299,18,6,0.1724,-0.092,0
V0299,18,5,0.13340000000000002,-0.222,0
V0299,18,4,0.19820000000000002,-0.006,0
V0299,18,3,0.1844,-0.052,0
V0299,18,2,0.1781,-0.073,0
V0299,18,1,0.20120000000000002,0.004,0
V0299,18,0,0.1766,-0.078,0
V0299,19,7,0.1724,-0.092,0
V0299,19,6,0.13340000000000002,-0.222,0
V0299,19,5,0.19820000000000002,-0.006,0
V0299,19,4,0.1844,-0.052,0
V0299,19,3,0.1781,-0.073,0
V0299,19,2,0.20120000000000002,0.004,0
V0299,19,1,0.1766,-0.078,0
V0299,19,0,0.16160000000000002,-0.128,0
V0300,2,1,0.137,-0.21,0
V0300,2,0,0.08150000000000002,-0.395,0
V0300,7,6,0.137,-0.21,0
V0300,7,5,0.08150000000000002,-0.395,0
V0300,7,4,0.0971,-0.343,0
V0300,7,3,0.1019,-0.327,0
V0300,7,2,0.08480000000000001,-0.384,0
V0300,7,1,0.4037,-0.321,1
V0300,7,0,0.15860000000000002,-0.138,0
V0300,14,7,0.15860000000000002,-0.138,0
V0300,14,6,0.18200000000000002,-0.06,0
V0300,14,5,0.13520000000000001,-0.216,0
V0300,14,4,0.04880000000000001,-0.504,0
V0300,14,3,0.1295,-0.235,0
V0300,14,2,0.07010000000000002,-0.433,0
V0300,14,1,0.3497,-0.501,1
V0300,14,0,0.1301,-0.233,0
V0300,18,7,0.1295,-0.235,0
V0300,18,6,0.07010000000000002,-0.433,0
V0300,18,5,0.3497,-0.501,1
V0300,18,4,0.1301,-0.233,0
V0300,18,3,0.0,-0.704,0
V0300,18,2,0.04880000000000001,-0.504,0
V0300,18,1,0.06290000000000001,-0.457,0
V0300,18,0,0.04400000000000001,-0.52,0
V0300,19,7,0.07010000000000002,-0.433,0
V0300,19,6,0.3497,-0.501,1
V0300,19,5,0.1301,-0.233,0
V0300,19,4,0.0,-0.704,0
V0300,19,3,0.04880000000000001,-0.504,0
V0300,19,2,0.06290000000000001,-0.457,0
V0300,19,1,0.04400000000000001,-0.52,0
V0300,19,0,0.3701,-0.433,1
V0300,20,7,0.3497,-0.501,1
V0300,20,6,0.1301,-0.233,0
V0300,20,5,0.0,-0.704,0
V0300,20,4,0.04880000000000001,-0.504,0
V0300,20,3,0.06290000000000001,-0.457,0
V0300,20,2,0.04400000000000001,-0.52,0
V0300,20,1,0.3701,-0.433,1
V0300,20,0,0.062,-0.46,0
V0300,21,7,0.1301,-0.233,0
V0300,21,6,0.0,-0.704,0
V0300,21,5,0.04880000000000001,-0.504,0
V0300,21,4,0.06290000000000001,-0.457,0
V0300,21,3,0.04400000000000001,-0.52,0
V0300,21,2,0.3701,-0.433,1
V0300,21,1,0.062,-0.46,0
V0300,21,0,0.07190000000000002,-0.427,0
V0302,7,6,0.2516,0.172,0
V0302,7,5,0.2189,0.063,0
V0302,7,4,0.2147,0.049,0
V0302,7,3,0.2162,0.054,0
V0302,7,2,0.2882,0.294,0
V0302,7,1,0.2363,0.121,0
V0302,7,0,0.23420000000000002,0.114,0
V0303,4,3,0.13730000000000003,-0.209,0
V0303,4,2,0.13640000000000002,-0.212,0
V0303,4,1,0.1019,-0.327,0
V0303,4,0,0.14150000000000001,-0.195,0
V0303,17,7,0.09770000000000001,-0.341,0
V0303,17,6,0.4238,-0.254,1
V0303,17,5,0.11270000000000002,-0.291,0
V0303,17,4,0.09440000000000003,-0.352,0
V0303,17,3,0.07040000000000002,-0.432,0
V0303,17,2,0.10160000000000001,-0.328,0
V0303,17,1,0.05540000000000003,-0.482,0
V0303,17,0,0.12830000000000003,-0.239,0
V0303,19,7,0.11270000000000002,-0.291,0
V0303,19,6,0.09440000000000003,-0.352,0
V0303,19,5,0.07040000000000002,-0.432,0
V0303,19,4,0.10160000000000001,-0.328,0
V0303,19,3,0.05540000000000003,-0.482,0
V0303,19,2,0.12830000000000003,-0.239,0
V0303,19,1,0.04940000000000003,-0.502,0
V0303,19,0,0.3353,-0.549,1
V0303,20,7,0.09440000000000003,-0.352,0
V0303,20,6,0.07040000000000002,-0.432,0
V0303,20,5,0.10160000000000001,-0.328,0
V0303,20,4,0.05540000000000003,-0.482,0
V0303,20,3,0.12830000000000003,-0.239,0
V0303,20,2,0.04940000000000003,-0.502,0
V0303,20,1,0.3353,-0.549,1
V0303,20,0,0.08990000000000002,-0.367,0
V0303,21,7,0.07040000000000002,-0.432,0
V0303,21,6,0.10160000000000001,-0.328,0
V0303,21,5,0.05540000000000003,-0.482,0
V0303,21,4,0.12830000000000003,-0.239,0
V0303,21,3,0.04940000000000003,-0.502,0
V0303,21,2,0.3353,-0.549,1
V0303,21,1,0.08990000000000002,-0.367,0
V0303,21,0,0.029600000000000043,-0.568,0
V0306,5,4,0.2489,0.163,0
V0306,5,3,0.19970000000000002,-0.001,0
V0306,5,2,0.2267,0.089,0
V0306,5,1,0.248,0.16,0
V0306,5,0,0.1991,-0.003,0
V0306,8,7,0.2489,0.163,0
V0306,8,6,0.19970000000000002,-0.001,0
V0306,8,5,0.2267,0.089,0
V0306,8,4,0.248,0.16,0
V0306,8,3,0.1991,-0.003,0
V0306,8,2,0.272,0.24,0
V0306,8,1,0.15530000000000002,-0.149,0
V0306,8,0,0.1706,-0.098,0
V0306,12,7,0.1991,-0.003,0
V0306,12,6,0.272,0.24,0
V0306,12,5,0.15530000000000002,-0.149,0
V0306,12,4,0.1706,-0.098,0
V0306,12,3,0.13040000000000002,-0.232,0
V0306,12,2,0.1184,-0.272,0
V0306,12,1,0.11090000000000001,-0.297,0
V0306,12,0,0.3647,-0.451,1
V0306,14,7,0.15530000000000002,-0.149,0
V0306,14,6,0.1706,-0.098,0
V0306,14,5,0.13040000000000002,-0.232,0
V0306,14,4,0.1184,-0.272,0
V0306,14,3,0.11090000000000001,-0.297,0
V0306,14,2,0.3647,-0.451,1
V0306,14,1,0.1589,-0.137,0
V0306,14,0,0.13490000000000002,-0.217,0
V0306,17,7,0.1184,-0.272,0
V0306,17,6,0.11090000000000001,-0.297,0
V0306,17,5,0.3647,-0.451,1
V0306,17,4,0.1589,-0.137,0
V0306,17,3,0.13490000000000002,-0.217,0
V0306,17,2,0.11450000000000002,-0.285,0
V0306,17,1,0.08960000000000001,-0.368,0
V0306,17,0,0.1361,-0.213,0
V0306,20,7,0.1589,-0.137,0
V0306,20,6,0.13490000000000002,-0.217,0
V0306,20,5,0.11450000000000002,-0.285,0
V0306,20,4,0.08960000000000001,-0.368,0
V0306,20,3,0.1361,-0.213,0
V0306,20,2,0.4028,-0.324,1
V0306,20,1,0.4316,-0.228,1
V0306,20,0,0.11960000000000001,-0.268,0
V0306,21,7,0.13490000000000002,-0.217,0
V0306,21,6,0.11450000000000002,-0.285,0
V0306,21,5,0.08960000000000001,-0.368,0
V0306,21,4,0.1361,-0.213,0
V0306,21,3,0.4028,-0.324,1
V0306,21,2,0.4316,-0.228,1
V0306,21,1,0.11960000000000001,-0.268,0
V0306,21,0,0.11180000000000002,-0.294,0
V0306,23,7,0.08960000000000001,-0.368,0
V0306,23,6,0.1361,-0.213,0
V0306,23,5,0.4028,-0.324,1
V0306,23,4,0.4316,-0.228,1
V0306,23,3,0.11960000000000001,-0.268,0
V0306,23,2,0.11180000000000002,-0.294,0
V0306,23,1,0.13790000000000002,-0.207,0
V0306,23,0,0.1403,-0.199,0
V0307,10,7,0.227,0.09,0
V0307,10,6,0.2117,0.039,0
V0307,10,5,0.1703,-0.099,0
V0307,10,4,0.1802,-0.066,0
V0307,10,3,0.1544,-0.152,0
V0307,10,2,0.1622,-0.126,0
V0307,10,1,0.2396,0.132,0
V0307,10,0,0.14900000000000002,-0.17,0
V0308,23,7,0.1463,-0.179,0
V0308,23,6,0.1499,-0.167,0
V0308,23,5,0.1589,-0.137,0
V0308,23,4,0.1673,-0.109,0
V0308,23,3,0.11330000000000003,-0.289,0
V0308,23,2,0.1673,-0.109,0
V0308,23,1,0.1208,-0.264,0
V0308,23,0,0.15410000000000001,-0.153,0
V0309,12,7,0.1784,-0.072,0
V0309,12,6,0.2714,0.238,0
V0309,12,5,0.2324,0.108,0
V0309,12,4,0.2525,0.175,0
V0309,12,3,0.2237,0.079,0
V0309,12,2,0.21230000000000002,0.041,0
V0309,12,1,0.263,0.21,0
V0309,12,0,0.224,0.08,0
V0310,4,3,0.167,-0.11,0
V0310,4,2,0.1448,-0.184,0
V0310,4,1,0.1466,-0.178,0
V0310,4,0,0.12890000000000001,-0.237,0
V0311,17,7,0.39949999999999997,-0.335,1
V0311,17,6,0.09980000000000001,-0.334,0
V0311,17,5,0.3947,-0.351,1
V0311,17,4,0.09980000000000001,-0.334,0
V0311,17,3,0.07250000000000001,-0.425,0
V0311,17,2,0.04190000000000002,-0.527,0
V0311,17,1,0.10640000000000001,-0.312,0
V0311,17,0,0.09260000000000002,-0.358,0
V0311,22,7,0.04190000000000002,-0.527,0
V0311,22,6,0.10640000000000001,-0.312,0
V0311,22,5,0.09260000000000002,-0.358,0
V0311,22,4,0.11870000000000001,-0.271,0
V0311,22,3,0.11120000000000002,-0.296,0
V0311,22,2,0.0806,-0.398,0
V0311,22,1,0.04400000000000001,-0.52,0
V0311,22,0,0.07040000000000002,-0.432,0
V0312,15,7,0.13520000000000001,-0.216,0
V0312,15,6,0.3713,-0.429,1
V0312,15,5,0.16910000000000003,-0.103,0
V0312,15,4,0.12140000000000001,-0.262,0
V0312,15,3,0.1466,-0.178,0
V0312,15,2,0.13430000000000003,-0.219,0
V0312,15,1,0.1685,-0.105,0
V0312,15,0,0.2039,0.013,0
V0312,19,7,0.1466,-0.178,0
V0312,19,6,0.13430000000000003,-0.219,0
V0312,19,5,0.1685,-0.105,0
V0312,19,4,0.2039,0.013,0
V0312,19,3,0.10490000000000001,-0.317,0
V0312,19,2,0.16820000000000002,-0.106,0
V0312,19,1,0.1889,-0.037,0
V0312,19,0,0.161,-0.13,0
V0314,9,7,0.1718,-0.094,0
V0314,9,6,0.17750000000000002,-0.075,0
V0314,9,5,0.19940000000000002,-0.002,0
V0314,9,4,0.2225,0.075,0
V0314,9,3,0.20900000000000002,0.03,0
V0314,9,2,0.167,-0.11,0
V0314,9,1,0.4898,-0.034,1
V0314,9,0,0.19970000000000002,-0.001,0
V0314,23,7,0.16340000000000002,-0.122,0
V0314,23,6,0.17930000000000001,-0.069,0
V0314,23,5,0.1547,-0.151,0
V0314,23,4,0.1817,-0.061,0
V0314,23,3,0.16610000000000003,-0.113,0
V0314,23,2,0.14930000000000002,-0.169,0
V0314,23,1,0.12110000000000001,-0.263,0
V0314,23,0,0.098,-0.34,0
V0315,7,6,0.1418,-0.194,0
V0315,7,5,0.16040000000000001,-0.132,0
V0315,7,4,0.1274,-0.242,0
V0315,7,3,0.20420000000000002,0.014,0
V0315,7,2,0.4175,-0.275,1
V0315,7,1,0.11210000000000002,-0.293,0
V0315,7,0,0.1514,-0.162,0
V0315,16,7,0.13340000000000002,-0.222,0
V0315,16,6,0.12860000000000002,-0.238,0
V0315,16,5,0.16010000000000002,-0.133,0
V0315,16,4,0.0782,-0.406,0
V0315,16,3,0.07070000000000001,-0.431,0
V0315,16,2,0.34009999999999996,-0.533,1
V0315,16,1,0.11510000000000002,-0.283,0
V0315,16,0,0.06560000000000002,-0.448,0
V0315,17,7,0.12860000000000002,-0.238,0
V0315,17,6,0.16010000000000002,-0.133,0
V0315,17,5,0.0782,-0.406,0
V0315,17,4,0.07070000000000001,-0.431,0
V0315,17,3,0.34009999999999996,-0.533,1
V0315,17,2,0.11510000000000002,-0.283,0
V0315,17,1,0.06560000000000002,-0.448,0
V0315,17,0,0.08870000000000001,-0.371,0
V0315,18,7,0.16010000000000002,-0.133,0
V0315,18,6,0.0782,-0.406,0
V0315,18,5,0.07070000000000001,-0.431,0
V0315,18,4,0.34009999999999996,-0.533,1
V0315,18,3,0.11510000000000002,-0.283,0
V0315,18,2,0.06560000000000002,-0.448,0
V0315,18,1,0.08870000000000001,-0.371,0
V0315,18,0,0.04670000000000002,-0.511,0
V0315,19,7,0.0782,-0.406,0
V0315,19,6,0.07070000000000001,-0.431,0
V0315,19,5,0.34009999999999996,-0.533,1
V0315,19,4,0.11510000000000002,-0.283,0
V0315,19,3,0.06560000000000002,-0.448,0
V0315,19,2,0.08870000000000001,-0.371,0
V0315,19,1,0.04670000000000002,-0.511,0
V0315,19,0,0.07850000000000001,-0.405,0
V0315,22,7,0.11510000000000002,-0.283,0
V0315,22,6,0.06560000000000002,-0.448,0
V0315,22,5,0.08870000000000001,-0.371,0
V0315,22,4,0.04670000000000002,-0.511,0
V0315,22,3,0.07850000000000001,-0.405,0
V0315,22,2,0.040700000000000014,-0.531,0
V0315,22,1,0.06410000000000002,-0.453,0
V0315,22,0,0.02810000000000004,-0.573,0
V0315,23,7,0.06560000000000002,-0.448,0
V0315,23,6,0.08870000000000001,-0.371,0
V0315,23,5,0.04670000000000002,-0.511,0
V0315,23,4,0.07850000000000001,-0.405,0
V0315,23,3,0.040700000000000014,-0.531,0
V0315,23,2,0.06410000000000002,-0.453,0
V0315,23,1,0.02810000000000004,-0.573,0
V0315,23,0,0.02660000000000004,-0.578,0
V0316,23,7,0.029900000000000038,-0.567,0
V0316,23,6,0.08960000000000001,-0.368,0
V0316,23,5,0.05720000000000003,-0.476,0
V0316,23,4,0.03740000000000002,-0.542,0
V0316,23,3,0.06680000000000003,-0.444,0
V0316,23,2,0.06710000000000002,-0.443,0
V0316,23,1,0.04250000000000001,-0.525,0
V0316,23,0,0.0791,-0.403,0
V0318,15,7,0.17930000000000001,-0.069,0
V0318,15,6,0.2063,0.021,0
V0318,15,5,0.2288,0.096,0
V0318,15,4,0.4598,-0.134,1
V0318,15,3,0.4364,-0.212,1
V0318,15,2,0.08300000000000002,-0.39,0
V0318,15,1,0.1361,-0.213,0
V0318,15,0,0.07340000000000002,-0.422,0
V0318,16,7,0.2063,0.021,0
V0318,16,6,0.2288,0.096,0
V0318,16,5,0.4598,-0.134,1
V0318,16,4,0.4364,-0.212,1
V0318,16,3,0.08300000000000002,-0.39,0
V0318,16,2,0.1361,-0.213,0
V0318,16,1,0.07340000000000002,-0.422,0
V0318,16,0,0.1433,-0.189,0
V0318,17,7,0.2288,0.096,0
V0318,17,6,0.4598,-0.134,1
V0318,17,5,0.4364,-0.212,1
V0318,17,4,0.08300000000000002,-0.39,0
V0318,17,3,0.1361,-0.213,0
V0318,17,2,0.07340000000000002,-0.422,0
V0318,17,1,0.1433,-0.189,0
V0318,17,0,0.1301,-0.233,0
V0318,19,7,0.4364,-0.212,1
V0318,19,6,0.08300000000000002,-0.39,0
V0318,19,5,0.1361,-0.213,0
V0318,19,4,0.07340000000000002,-0.422,0
V0318,19,3,0.1433,-0.189,0
V0318,19,2,0.1301,-0.233,0
V0318,19,1,0.11000000000000001,-0.3,0
V0318,19,0,0.10310000000000001,-0.323,0
V0319,6,5,0.19490000000000002,-0.017,0
V0319,6,4,0.4259,-0.247,1
V0319,6,3,0.16910000000000003,-0.103,0
V0319,6,2,0.1583,-0.139,0
V0319,6,1,0.14240000000000003,-0.192,0
V0319,6,0,0.19160000000000002,-0.028,0
V0319,19,7,0.12680000000000002,-0.244,0
V0319,19,6,0.06410000000000002,-0.453,0
V0319,19,5,0.10010000000000001,-0.333,0
V0319,19,4,0.09020000000000002,-0.366,0
V0319,19,3,0.0368,-0.544,0
V0319,19,2,0.1223,-0.259,0
V0319,19,1,0.06230000000000002,-0.459,0
V0319,19,0,0.09110000000000001,-0.363,0
V0319,20,7,0.06410000000000002,-0.453,0
V0319,20,6,0.10010000000000001,-0.333,0
V0319,20,5,0.09020000000000002,-0.366,0
V0319,20,4,0.0368,-0.544,0
V0319,20,3,0.1223,-0.259,0
V0319,20,2,0.06230000000000002,-0.459,0
V0319,20,1,0.09110000000000001,-0.363,0
V0319,20,0,0.08600000000000002,-0.38,0
V0319,22,7,0.09020000000000002,-0.366,0
V0319,22,6,0.0368,-0.544,0
V0319,22,5,0.1223,-0.259,0
V0319,22,4,0.06230000000000002,-0.459,0
V0319,22,3,0.09110000000000001,-0.363,0
V0319,22,2,0.08600000000000002,-0.38,0
V0319,22,1,0.3533,-0.489,1
V0319,22,0,0.08840000000000002,-0.372,0
V0322,17,7,0.24080000000000001,0.136,0
V0322,17,6,0.20270000000000002,0.009,0
V0322,17,5,0.24050000000000002,0.135,0
V0322,17,4,0.2528,0.176,0
V0322,17,3,0.2324,0.108,0
V0322,17,2,0.16340000000000002,-0.122,0
V0322,17,1,0.2081,0.027,0
V0322,17,0,0.17420000000000002,-0.086,0
V0322,20,7,0.2528,0.176,0
V0322,20,6,0.2324,0.108,0
V0322,20,5,0.16340000000000002,-0.122,0
V0322,20,4,0.2081,0.027,0
V0322,20,3,0.17420000000000002,-0.086,0
V0322,20,2,0.2492,0.164,0
V0322,20,1,0.22490000000000002,0.083,0
V0322,20,0,0.20420000000000002,0.014,0
V0322,22,7,0.16340000000000002,-0.122,0
V0322,22,6,0.2081,0.027,0
V0322,22,5,0.17420000000000002,-0.086,0
V0322,22,4,0.2492,0.164,0
V0322,22,3,0.22490000000000002,0.083,0
V0322,22,2,0.20420000000000002,0.014,0
V0322,22,1,0.1613,-0.129,0
V0322,22,0,0.1688,-0.104,0
V0324,10,7,0.21380000000000002,0.046,0
V0324,10,6,0.22760000000000002,0.092,0
V0324,10,5,0.2381,0.127,0
V0324,10,4,0.266,0.22,0
V0324,10,3,0.24710000000000001,0.157,0
V0324,10,2,0.20900000000000002,0.03,0
V0324,10,1,0.16760000000000003,-0.108,0
V0324,10,0,0.1847,-0.051,0
V0324,21,7,0.1937,-0.021,0
V0324,21,6,0.1862,-0.046,0
V0324,21,5,0.17450000000000002,-0.085,0
V0324,21,4,0.24020000000000002,0.134,0
V0324,21,3,0.22490000000000002,0.083,0
V0324,21,2,0.2006,0.002,0
V0324,21,1,0.1625,-0.125,0
V0324,21,0,0.2093,0.031,0
V0325,18,7,0.1766,-0.078,0
V0325,18,6,0.19490000000000002,-0.017,0
V0325,18,5,0.18980000000000002,-0.034,0
V0325,18,4,0.1865,-0.045,0
V0325,18,3,0.2228,0.076,0
V0325,18,2,0.13730000000000003,-0.209,0
V0325,18,1,0.4757,-0.081,1
V0325,18,0,0.16790000000000002,-0.107,0
V0328,15,7,0.257,0.19,0
V0328,15,6,0.3059,0.353,0
V0328,15,5,0.2399,0.133,0
V0328,15,4,0.2591,0.197,0
V0328,15,3,0.1715,-0.095,0
V0328,15,2,0.1433,-0.189,0
V0328,15,1,0.21380000000000002,0.046,0
V0328,15,0,0.11720000000000001,-0.276,0
V0328,17,7,0.2399,0.133,0
V0328,17,6,0.2591,0.197,0
V0328,17,5,0.1715,-0.095,0
V0328,17,4,0.1433,-0.189,0
V0328,17,3,0.21380000000000002,0.046,0
V0328,17,2,0.11720000000000001,-0.276,0
V0328,17,1,0.2018,0.006,0
V0328,17,0,0.12470000000000002,-0.251,0
V0328,19,7,0.1715,-0.095,0
V0328,19,6,0.1433,-0.189,0
V0328,19,5,0.21380000000000002,0.046,0
V0328,19,4,0.11720000000000001,-0.276,0
V0328,19,3,0.2018,0.006,0
V0328,19,2,0.12470000000000002,-0.251,0
V0328,19,1,0.2003,0.001,0
V0328,19,0,0.11660000000000001,-0.278,0
V0328,22,7,0.11720000000000001,-0.276,0
V0328,22,6,0.2018,0.006,0
V0328,22,5,0.12470000000000002,-0.251,0
V0328,22,4,0.2003,0.001,0
V0328,22,3,0.11660000000000001,-0.278,0
V0328,22,2,0.12920000000000004,-0.236,0
V0328,22,1,0.12200000000000001,-0.26,0
V0328,22,0,0.10640000000000001,-0.312,0
V0330,13,7,0.07340000000000002,-0.422,0
V0330,13,6,0.35240000000000005,-0.492,1
V0330,13,5,0.08960000000000001,-0.368,0
V0330,13,4,0.07580000000000002,-0.414,0
V0330,13,3,0.05390000000000003,-0.487,0
V0330,13,2,0.1169,-0.277,0
V0330,13,1,0.11090000000000001,-0.297,0
V0330,13,0,0.09530000000000002,-0.349,0
V0330,22,7,0.02510000000000004,-0.583,0
V0330,22,6,0.33440000000000003,-0.552,1
V0330,22,5,0.0335,-0.555,0
V0330,22,4,0.0806,-0.398,0
V0330,22,3,0.07700000000000003,-0.41,0
V0330,22,2,0.0383,-0.539,0
V0330,22,1,0.35,-0.5,1
V0330,22,0,0.026900000000000035,-0.577,0
V0331,17,7,0.11660000000000001,-0.278,0
V0331,17,6,0.08930000000000002,-0.369,0
V0331,17,5,0.07160000000000002,-0.428,0
V0331,17,4,0.047000000000000014,-0.51,0
V0331,17,3,0.01940000000000003,-0.602,0
V0331,17,2,0.10400000000000001,-0.32,0
V0331,17,1,0.05300000000000002,-0.49,0
V0331,17,0,0.01580000000000001,-0.614,0
V0331,18,7,0.08930000000000002,-0.369,0
V0331,18,6,0.07160000000000002,-0.428,0
V0331,18,5,0.047000000000000014,-0.51,0
V0331,18,4,0.01940000000000003,-0.602,0
V0331,18,3,0.10400000000000001,-0.32,0
V0331,18,2,0.05300000000000002,-0.49,0
V0331,18,1,0.01580000000000001,-0.614,0
V0331,18,0,0.0338,-0.554,0
V0331,20,7,0.047000000000000014,-0.51,0
V0331,20,6,0.01940000000000003,-0.602,0
V0331,20,5,0.10400000000000001,-0.32,0
V0331,20,4,0.05300000000000002,-0.49,0
V0331,20,3,0.01580000000000001,-0.614,0
V0331,20,2,0.0338,-0.554,0
V0331,20,1,0.3659,-0.447,1
V0331,20,0,0.06470000000000001,-0.451,0
V0331,23,7,0.05300000000000002,-0.49,0
V0331,23,6,0.01580000000000001,-0.614,0
V0331,23,5,0.0338,-0.554,0
V0331,23,4,0.3659,-0.447,1
V0331,23,3,0.06470000000000001,-0.451,0
V0331,23,2,0.0,-0.732,0
V0331,23,1,0.015500000000000014,-0.615,0
V0331,23,0,0.0,-0.673,0
V0332,19,7,0.1208,-0.264,0
V0332,19,6,0.14120000000000002,-0.196,0
V0332,19,5,0.08660000000000001,-0.378,0
V0332,19,4,0.11540000000000002,-0.282,0
V0332,19,3,0.13820000000000002,-0.206,0
V0332,19,2,0.12290000000000001,-0.257,0
V0332,19,1,0.13190000000000002,-0.227,0
V0332,19,0,0.13730000000000003,-0.209,0
V0332,20,7,0.14120000000000002,-0.196,0
V0332,20,6,0.08660000000000001,-0.378,0
V0332,20,5,0.11540000000000002,-0.282,0
V0332,20,4,0.13820000000000002,-0.206,0
V0332,20,3,0.12290000000000001,-0.257,0
V0332,20,2,0.13190000000000002,-0.227,0
V0332,20,1,0.13730000000000003,-0.209,0
V0332,20,0,0.13490000000000002,-0.217,0
V0333,19,7,0.2228,0.076,0
V0333,19,6,0.2036,0.012,0
V0333,19,5,0.2147,0.049,0
V0333,19,4,0.431,-0.23,1
V0333,19,3,0.23270000000000002,0.109,0
V0333,19,2,0.16940000000000002,-0.102,0
V0333,19,1,0.13880000000000003,-0.204,0
V0333,19,0,0.12560000000000002,-0.248,0
V0334,6,5,0.13790000000000002,-0.207,0
V0334,6,4,0.21050000000000002,0.035,0
V0334,6,3,0.2144,0.048,0
V0334,6,2,0.17570000000000002,-0.081,0
V0334,6,1,0.4766,-0.078,1
V0334,6,0,0.2207,0.069,0
V0334,21,7,0.4064,-0.312,1
V0334,21,6,0.19820000000000002,-0.006,0
V0334,21,5,0.18530000000000002,-0.049,0
V0334,21,4,0.14,-0.2,0
V0334,21,3,0.09230000000000002,-0.359,0
V0334,21,2,0.4904,-0.032,1
V0334,21,1,0.14090000000000003,-0.197,0
V0334,21,0,0.08390000000000002,-0.387,0
V0335,1,0,0.1709,-0.097,0
V0335,11,7,0.10820000000000002,-0.306,0
V0335,11,6,0.10310000000000001,-0.323,0
V0335,11,5,0.161,-0.13,0
V0335,11,4,0.1322,-0.226,0
V0335,11,3,0.09110000000000001,-0.363,0
V0335,11,2,0.08540000000000002,-0.382,0
V0335,11,1,0.030200000000000032,-0.566,0
V0335,11,0,0.10910000000000002,-0.303,0
V0335,22,7,0.1685,-0.105,0
V0335,22,6,0.10130000000000002,-0.329,0
V0335,22,5,0.158,-0.14,0
V0335,22,4,0.1829,-0.057,0
V0335,22,3,0.24230000000000002,0.141,0
V0335,22,2,0.22340000000000002,0.078,0
V0335,22,1,0.1802,-0.066,0
V0335,22,0,0.1847,-0.051,0
V0338,13,7,0.1781,-0.073,0
V0338,13,6,0.2513,0.171,0
V0338,13,5,0.19940000000000002,-0.002,0
V0338,13,4,0.17270000000000002,-0.091,0
V0338,13,3,0.164,-0.12,0
V0338,13,2,0.1511,-0.163,0
V0338,13,1,0.12200000000000001,-0.26,0
V0338,13,0,0.1988,-0.004,0
V0338,18,7,0.1511,-0.163,0
V0338,18,6,0.12200000000000001,-0.26,0
V0338,18,5,0.1988,-0.004,0
V0338,18,4,0.1433,-0.189,0
V0338,18,3,0.134,-0.22,0
V0338,18,2,0.1718,-0.094,0
V0338,18,1,0.17300000000000001,-0.09,0
V0338,18,0,0.16790000000000002,-0.107,0
V0338,23,7,0.1718,-0.094,0
V0338,23,6,0.17300000000000001,-0.09,0
V0338,23,5,0.16790000000000002,-0.107,0
V0338,23,4,0.1346,-0.218,0
V0338,23,3,0.1265,-0.245,0
V0338,23,2,0.4175,-0.275,1
V0338,23,1,0.1595,-0.135,0
V0338,23,0,0.16760000000000003,-0.108,0
V0340,9,7,0.1763,-0.079,0
V0340,9,6,0.15230000000000002,-0.159,0
V0340,9,5,0.1361,-0.213,0
V0340,9,4,0.1907,-0.031,0
V0340,9,3,0.22970000000000002,0.099,0
V0340,9,2,0.1799,-0.067,0
V0340,9,1,0.13130000000000003,-0.229,0
V0340,9,0,0.12560000000000002,-0.248,0
V0340,11,7,0.1361,-0.213,0
V0340,11,6,0.1907,-0.031,0
V0340,11,5,0.22970000000000002,0.099,0
V0340,11,4,0.1799,-0.067,0
V0340,11,3,0.13130000000000003,-0.229,0
V0340,11,2,0.12560000000000002,-0.248,0
V0340,11,1,0.15080000000000002,-0.164,0
V0340,11,0,0.1406,-0.198,0
V0340,16,7,0.12560000000000002,-0.248,0
V0340,16,6,0.15080000000000002,-0.164,0
V0340,16,5,0.1406,-0.198,0
V0340,16,4,0.1544,-0.152,0
V0340,16,3,0.07430000000000003,-0.419,0
V0340,16,2,0.1178,-0.274,0
V0340,16,1,0.11150000000000002,-0.295,0
V0340,16,0,0.06770000000000001,-0.441,0
V0340,20,7,0.07430000000000003,-0.419,0
V0340,20,6,0.1178,-0.274,0
V0340,20,5,0.11150000000000002,-0.295,0
V0340,20,4,0.06770000000000001,-0.441,0
V0340,20,3,0.1208,-0.264,0
V0340,20,2,0.11570000000000001,-0.281,0
V0340,20,1,0.1199,-0.267,0
V0340,20,0,0.4637,-0.121,1
V0340,23,7,0.06770000000000001,-0.441,0
V0340,23,6,0.1208,-0.264,0
V0340,23,5,0.11570000000000001,-0.281,0
V0340,23,4,0.1199,-0.267,0
V0340,23,3,0.4637,-0.121,1
V0340,23,2,0.12350000000000001,-0.255,0
V0340,23,1,0.1208,-0.264,0
V0340,23,0,0.07340000000000002,-0.422,0
V0342,5,4,0.1766,-0.078,0
V0342,5,3,0.18050000000000002,-0.065,0
V0342,5,2,0.05720000000000003,-0.476,0
V0342,5,1,0.10970000000000002,-0.301,0
V0342,5,0,0.3734,-0.422,1
V0344,4,3,0.2243,0.081,0
V0344,4,2,0.1499,-0.167,0
V0344,4,1,0.1706,-0.098,0
V0344,4,0,0.2174,0.058,0
V0344,22,7,0.1763,-0.079,0
V0344,22,6,0.13040000000000002,-0.232,0
V0344,22,5,0.12380000000000001,-0.254,0
V0344,22,4,0.1346,-0.218,0
V0344,22,3,0.416,-0.28,1
V0344,22,2,0.11750000000000001,-0.275,0
V0344,22,1,0.16490000000000002,-0.117,0
V0344,22,0,0.12980000000000003,-0.234,0
V0347,4,3,0.1193,-0.269,0
V0347,4,2,0.10640000000000001,-0.312,0
V0347,4,1,0.14930000000000002,-0.169,0
V0347,4,0,0.1481,-0.173,0
V0347,5,4,0.1193,-0.269,0
V0347,5,3,0.10640000000000001,-0.312,0
V0347,5,2,0.14930000000000002,-0.169,0
V0347,5,1,0.1481,-0.173,0
V0347,5,0,0.1721,-0.093,0
V0348,8,7,0.09110000000000001,-0.363,0
V0348,8,6,0.15530000000000002,-0.149,0
V0348,8,5,0.08030000000000001,-0.399,0
V0348,8,4,0.14420000000000002,-0.186,0
V0348,8,3,0.08720000000000001,-0.376,0
V0348,8,2,0.14750000000000002,-0.175,0
V0348,8,1,0.1784,-0.072,0
V0348,8,0,0.07730000000000002,-0.409,0
V0348,16,7,0.09290000000000002,-0.357,0
V0348,16,6,0.10160000000000001,-0.328,0
V0348,16,5,0.10460000000000001,-0.318,0
V0348,16,4,0.07730000000000002,-0.409,0
V0348,16,3,0.04670000000000002,-0.511,0
V0348,16,2,0.0,-0.675,0
V0348,16,1,0.042800000000000005,-0.524,0
V0348,16,0,0.03950000000000001,-0.535,0
V0348,18,7,0.10460000000000001,-0.318,0
V0348,18,6,0.07730000000000002,-0.409,0
V0348,18,5,0.04670000000000002,-0.511,0
V0348,18,4,0.0,-0.675,0
V0348,18,3,0.042800000000000005,-0.524,0
V0348,18,2,0.03950000000000001,-0.535,0
V0348,18,1,0.0,-0.73,0
V0348,18,0,0.012800000000000006,-0.624,0
V0348,21,7,0.0,-0.675,0
V0348,21,6,0.042800000000000005,-0.524,0
V0348,21,5,0.03950000000000001,-0.535,0
V0348,21,4,0.0,-0.73,0
V0348,21,3,0.012800000000000006,-0.624,0
V0348,21,2,0.0,-0.708,0
V0348,21,1,0.0,-0.74,0
V0348,21,0,0.0,-0.748,0
V0350,19,7,0.2519,0.173,0
V0350,19,6,0.1622,-0.126,0
V0350,19,5,0.19940000000000002,-0.002,0
V0350,19,4,0.16970000000000002,-0.101,0
V0350,19,3,0.18830000000000002,-0.039,0
V0350,19,2,0.2324,0.108,0
V0350,19,1,0.2324,0.108,0
V0350,19,0,0.16820000000000002,-0.106,0
V0351,11,7,0.23720000000000002,0.124,0
V0351,11,6,0.2858,0.286,0
V0351,11,5,0.21380000000000002,0.046,0
V0351,11,4,0.22910000000000003,0.097,0
V0351,11,3,0.20270000000000002,0.009,0
V0351,11,2,0.2414,0.138,0
V0351,11,1,0.22190000000000001,0.073,0
V0351,11,0,0.17120000000000002,-0.096,0
V0352,13,7,0.194,-0.02,0
V0352,13,6,0.1376,-0.208,0
V0352,13,5,0.1628,-0.124,0
V0352,13,4,0.1625,-0.125,0
V0352,13,3,0.1943,-0.019,0
V0352,13,2,0.1622,-0.126,0
V0352,13,1,0.10970000000000002,-0.301,0
V0352,13,0,0.16340000000000002,-0.122,0
V0352,15,7,0.1628,-0.124,0
V0352,15,6,0.1625,-0.125,0
V0352,15,5,0.1943,-0.019,0
V0352,15,4,0.1622,-0.126,0
V0352,15,3,0.10970000000000002,-0.301,0
V0352,15,2,0.16340000000000002,-0.122,0
V0352,15,1,0.4139,-0.287,1
V0352,15,0,0.11180000000000002,-0.294,0
V0352,21,7,0.4139,-0.287,1
V0352,21,6,0.11180000000000002,-0.294,0
V0352,21,5,0.16760000000000003,-0.108,0
V0352,21,4,0.13640000000000002,-0.212,0
V0352,21,3,0.09110000000000001,-0.363,0
V0352,21,2,0.08240000000000001,-0.392,0
V0352,21,1,0.11090000000000001,-0.297,0
V0352,21,0,0.12020000000000002,-0.266,0
V0352,22,7,0.11180000000000002,-0.294,0
V0352,22,6,0.16760000000000003,-0.108,0
V0352,22,5,0.13640000000000002,-0.212,0
V0352,22,4,0.09110000000000001,-0.363,0
V0352,22,3,0.08240000000000001,-0.392,0
V0352,22,2,0.11090000000000001,-0.297,0
V0352,22,1,0.12020000000000002,-0.266,0
V0352,22,0,0.08840000000000002,-0.372,0
V0353,6,5,0.2087,0.029,0
V0353,6,4,0.2585,0.195,0
V0353,6,3,0.233,0.11,0
V0353,6,2,0.2429,0.143,0
V0353,6,1,0.19460000000000002,-0.018,0
V0353,6,0,0.19490000000000002,-0.017,0
V0353,19,7,0.5042,0.014,1
V0353,19,6,0.16190000000000002,-0.127,0
V0353,19,5,0.1895,-0.035,0
V0353,19,4,0.15560000000000002,-0.148,0
V0353,19,3,0.12980000000000003,-0.234,0
V0353,19,2,0.12290000000000001,-0.257,0
V0353,19,1,0.3605,-0.465,1
V0353,19,0,0.06980000000000003,-0.434,0
V0353,23,7,0.12980000000000003,-0.234,0
V0353,23,6,0.12290000000000001,-0.257,0
V0353,23,5,0.3605,-0.465,1
V0353,23,4,0.06980000000000003,-0.434,0
V0353,23,3,0.10010000000000001,-0.333,0
V0353,23,2,0.12290000000000001,-0.257,0
V0353,23,1,0.15200000000000002,-0.16,0
V0353,23,0,0.10940000000000001,-0.302,0
V0354,3,2,0.1739,-0.087,0
V0354,3,1,0.47750000000000004,-0.075,1
V0354,3,0,0.16910000000000003,-0.103,0
V0355,21,7,0.15380000000000002,-0.154,0
V0355,21,6,0.14540000000000003,-0.182,0
V0355,21,5,0.4199,-0.267,1
V0355,21,4,0.09830000000000001,-0.339,0
V0355,21,3,0.11240000000000001,-0.292,0
V0355,21,2,0.09080000000000002,-0.364,0
V0355,21,1,0.11420000000000002,-0.286,0
V0355,21,0,0.0806,-0.398,0
V0357,15,7,0.2708,0.236,0
V0357,15,6,0.2615,0.205,0
V0357,15,5,0.2192,0.064,0
V0357,15,4,0.24230000000000002,0.141,0
V0357,15,3,0.16640000000000002,-0.112,0
V0357,15,2,0.2252,0.084,0
V0357,15,1,0.24170000000000003,0.139,0
V0357,15,0,0.2717,0.239,0
V0357,21,7,0.24170000000000003,0.139,0
V0357,21,6,0.2717,0.239,0
V0357,21,5,0.2318,0.106,0
V0357,21,4,0.2309,0.103,0
V0357,21,3,0.19490000000000002,-0.017,0
V0357,21,2,0.2162,0.054,0
V0357,21,1,0.21500000000000002,0.05,0
V0357,21,0,0.1943,-0.019,0
V0363,22,7,0.06830000000000003,-0.439,0
V0363,22,6,0.1532,-0.156,0
V0363,22,5,0.1496,-0.168,0
V0363,22,4,0.15350000000000003,-0.155,0
V0363,22,3,0.11030000000000002,-0.299,0
V0363,22,2,0.10160000000000001,-0.328,0
V0363,22,1,0.10700000000000001,-0.31,0
V0363,22,0,0.07160000000000002,-0.428,0
V0365,5,4,0.15080000000000002,-0.164,0
V0365,5,3,0.12440000000000001,-0.252,0
V0365,5,2,0.3812,-0.396,1
V0365,5,1,0.14090000000000003,-0.197,0
V0365,5,0,0.14570000000000002,-0.181,0
V0365,10,7,0.3812,-0.396,1
V0365,10,6,0.14090000000000003,-0.197,0
V0365,10,5,0.14570000000000002,-0.181,0
V0365,10,4,0.14240000000000003,-0.192,0
V0365,10,3,0.15860000000000002,-0.138,0
V0365,10,2,0.12440000000000001,-0.252,0
V0365,10,1,0.08990000000000002,-0.367,0
V0365,10,0,0.030500000000000027,-0.565,0
V0365,17,7,0.030500000000000027,-0.565,0
V0365,17,6,0.3689,-0.437,1
V0365,17,5,0.053300000000000014,-0.489,0
V0365,17,4,0.09260000000000002,-0.358,0
V0365,17,3,0.0383,-0.539,0
V0365,17,2,0.02240000000000003,-0.592,0
V0365,17,1,0.09080000000000002,-0.364,0
V0365,17,0,0.056900000000000034,-0.477,0
V0365,21,7,0.0383,-0.539,0
V0365,21,6,0.02240000000000003,-0.592,0
V0365,21,5,0.09080000000000002,-0.364,0
V0365,21,4,0.056900000000000034,-0.477,0
V0365,21,3,0.3587,-0.471,1
V0365,21,2,0.023300000000000015,-0.589,0
V0365,21,1,0.06920000000000001,-0.436,0
V0365,21,0,0.06620000000000001,-0.446,0
V0365,23,7,0.09080000000000002,-0.364,0
V0365,23,6,0.056900000000000034,-0.477,0
V0365,23,5,0.3587,-0.471,1
V0365,23,4,0.023300000000000015,-0.589,0
V0365,23,3,0.06920000000000001,-0.436,0
V0365,23,2,0.06620000000000001,-0.446,0
V0365,23,1,0.056900000000000034,-0.477,0
V0365,23,0,0.0,-0.765,0
V0367,2,1,0.227,0.09,0
V0367,2,0,0.164,-0.12,0
V0367,3,2,0.227,0.09,0
V0367,3,1,0.164,-0.12,0
V0367,3,0,0.1466,-0.178,0
V0367,8,7,0.227,0.09,0
V0367,8,6,0.164,-0.12,0
V0367,8,5,0.1466,-0.178,0
V0367,8,4,0.19820000000000002,-0.006,0
V0367,8,3,0.19970000000000002,-0.001,0
V0367,8,2,0.12980000000000003,-0.234,0
V0367,8,1,0.1193,-0.269,0
V0367,8,0,0.3536,-0.488,1
V0367,15,7,0.3536,-0.488,1
V0367,15,6,0.1517,-0.161,0
V0367,15,5,0.1589,-0.137,0
V0367,15,4,0.08600000000000002,-0.38,0
V0367,15,3,0.09560000000000002,-0.348,0
V0367,15,2,0.07040000000000002,-0.432,0
V0367,15,1,0.054200000000000026,-0.486,0
V0367,15,0,0.116,-0.28,0
V0367,17,7,0.1589,-0.137,0
V0367,17,6,0.08600000000000002,-0.38,0
V0367,17,5,0.09560000000000002,-0.348,0
V0367,17,4,0.07040000000000002,-0.432,0
V0367,17,3,0.054200000000000026,-0.486,0
V0367,17,2,0.116,-0.28,0
V0367,17,1,0.05300000000000002,-0.49,0
V0367,17,0,0.3224,-0.592,1
V0367,19,7,0.09560000000000002,-0.348,0
V0367,19,6,0.07040000000000002,-0.432,0
V0367,19,5,0.054200000000000026,-0.486,0
V0367,19,4,0.116,-0.28,0
V0367,19,3,0.05300000000000002,-0.49,0
V0367,19,2,0.3224,-0.592,1
V0367,19,1,0.08780000000000002,-0.374,0
V0367,19,0,0.0398,-0.534,0
V0367,20,7,0.07040000000000002,-0.432,0
V0367,20,6,0.054200000000000026,-0.486,0
V0367,20,5,0.116,-0.28,0
V0367,20,4,0.05300000000000002,-0.49,0
V0367,20,3,0.3224,-0.592,1
V0367,20,2,0.08780000000000002,-0.374,0
V0367,20,1,0.0398,-0.534,0
V0367,20,0,0.07100000000000001,-0.43,0
V0367,21,7,0.054200000000000026,-0.486,0
V0367,21,6,0.116,-0.28,0
V0367,21,5,0.05300000000000002,-0.49,0
V0367,21,4,0.3224,-0.592,1
V0367,21,3,0.08780000000000002,-0.374,0
V0367,21,2,0.0398,-0.534,0
V0367,21,1,0.07100000000000001,-0.43,0
V0367,21,0,0.10640000000000001,-0.312,0
V0368,12,7,0.1499,-0.167,0
V0368,12,6,0.4658,-0.114,1
V0368,12,5,0.128,-0.24,0
V0368,12,4,0.1376,-0.208,0
V0368,12,3,0.2381,0.127,0
V0368,12,2,0.10580000000000002,-0.314,0
V0368,12,1,0.4049,-0.317,1
V0368,12,0,0.09590000000000003,-0.347,0
V0368,16,7,0.2381,0.127,0
V0368,16,6,0.10580000000000002,-0.314,0
V0368,16,5,0.4049,-0.317,1
V0368,16,4,0.09590000000000003,-0.347,0
V0368,16,3,0.404,-0.32,1
V0368,16,2,0.1643,-0.119,0
V0368,16,1,0.09920000000000001,-0.336,0
V0368,16,0,0.04100000000000001,-0.53,0
V0368,20,7,0.404,-0.32,1
V0368,20,6,0.1643,-0.119,0
V0368,20,5,0.09920000000000001,-0.336,0
V0368,20,4,0.04100000000000001,-0.53,0
V0368,20,3,0.07370000000000002,-0.421,0
V0368,20,2,0.03559999999999999,-0.548,0
V0368,20,1,0.02150000000000002,-0.595,0
V0368,20,0,0.3752,-0.416,1
V0368,22,7,0.09920000000000001,-0.336,0
V0368,22,6,0.04100000000000001,-0.53,0
V0368,22,5,0.07370000000000002,-0.421,0
V0368,22,4,0.03559999999999999,-0.548,0
V0368,22,3,0.02150000000000002,-0.595,0
V0368,22,2,0.3752,-0.416,1
V0368,22,1,0.06860000000000002,-0.438,0
V0368,22,0,0.0338,-0.554,0
V0370,4,3,0.1832,-0.056,0
V0370,4,2,0.13340000000000002,-0.222,0
V0370,4,1,0.18710000000000002,-0.043,0
V0370,4,0,0.14450000000000002,-0.185,0
V0370,11,7,0.14450000000000002,-0.185,0
V0370,11,6,0.12560000000000002,-0.248,0
V0370,11,5,0.4628,-0.124,1
V0370,11,4,0.12380000000000001,-0.254,0
V0370,11,3,0.12560000000000002,-0.248,0
V0370,11,2,0.16760000000000003,-0.108,0
V0370,11,1,0.1943,-0.019,0
V0370,11,0,0.15380000000000002,-0.154,0
V0370,15,7,0.12560000000000002,-0.248,0
V0370,15,6,0.16760000000000003,-0.108,0
V0370,15,5,0.1943,-0.019,0
V0370,15,4,0.15380000000000002,-0.154,0
V0370,15,3,0.13640000000000002,-0.212,0
V0370,15,2,0.14270000000000002,-0.191,0
V0370,15,1,0.1391,-0.203,0
V0370,15,0,0.1163,-0.279,0
V0371,20,7,0.17720000000000002,-0.076,0
V0371,20,6,0.15710000000000002,-0.143,0
V0371,20,5,0.21050000000000002,0.035,0
V0371,20,4,0.14420000000000002,-0.186,0
V0371,20,3,0.4121,-0.293,1
V0371,20,2,0.17930000000000001,-0.069,0
V0371,20,1,0.1223,-0.259,0
V0371,20,0,0.19640000000000002,-0.012,0
V0371,22,7,0.21050000000000002,0.035,0
V0371,22,6,0.14420000000000002,-0.186,0
V0371,22,5,0.4121,-0.293,1
V0371,22,4,0.17930000000000001,-0.069,0
V0371,22,3,0.1223,-0.259,0
V0371,22,2,0.19640000000000002,-0.012,0
V0371,22,1,0.1889,-0.037,0
V0371,22,0,0.14420000000000002,-0.186,0
V0371,23,7,0.14420000000000002,-0.186,0
V0371,23,6,0.4121,-0.293,1
V0371,23,5,0.17930000000000001,-0.069,0
V0371,23,4,0.1223,-0.259,0
V0371,23,3,0.19640000000000002,-0.012,0
V0371,23,2,0.1889,-0.037,0
V0371,23,1,0.14420000000000002,-0.186,0
V0371,23,0,0.473,-0.09,1
V0373,9,7,0.11720000000000001,-0.276,0
V0373,9,6,0.15380000000000002,-0.154,0
V0373,9,5,0.15560000000000002,-0.148,0
V0373,9,4,0.1307,-0.231,0
V0373,9,3,0.061700000000000005,-0.461,0
V0373,9,2,0.13280000000000003,-0.224,0
V0373,9,1,0.061100000000000015,-0.463,0
V0373,9,0,0.1337,-0.221,0
V0373,12,7,0.1307,-0.231,0
V0373,12,6,0.061700000000000005,-0.461,0
V0373,12,5,0.13280000000000003,-0.224,0
V0373,12,4,0.061100000000000015,-0.463,0
V0373,12,3,0.1337,-0.221,0
V0373,12,2,0.09260000000000002,-0.358,0
V0373,12,1,0.11180000000000002,-0.294,0
V0373,12,0,0.08900000000000001,-0.37,0
V0373,14,7,0.13280000000000003,-0.224,0
V0373,14,6,0.061100000000000015,-0.463,0
V0373,14,5,0.1337,-0.221,0
V0373,14,4,0.09260000000000002,-0.358,0
V0373,14,3,0.11180000000000002,-0.294,0
V0373,14,2,0.08900000000000001,-0.37,0
V0373,14,1,0.060200000000000004,-0.466,0
V0373,14,0,0.058400000000000035,-0.472,0
V0374,23,7,0.17570000000000002,-0.081,0
V0374,23,6,0.2099,0.033,0
V0374,23,5,0.09110000000000001,-0.363,0
V0374,23,4,0.12470000000000002,-0.251,0
V0374,23,3,0.377,-0.41,1
V0374,23,2,0.1754,-0.082,0
V0374,23,1,0.1595,-0.135,0
V0374,23,0,0.08000000000000002,-0.4,0
V0375,14,7,0.5477,0.159,1
V0375,14,6,0.2546,0.182,0
V0375,14,5,0.2552,0.184,0
V0375,14,4,0.1889,-0.037,0
V0375,14,3,0.1703,-0.099,0
V0375,14,2,0.4853,-0.049,1
V0375,14,1,0.16040000000000001,-0.132,0
V0375,14,0,0.1433,-0.189,0
V0377,5,4,0.20570000000000002,0.019,0
V0377,5,3,0.16910000000000003,-0.103,0
V0377,5,2,0.2174,0.058,0
V0377,5,1,0.194,-0.02,0
V0377,5,0,0.4982,-0.006,1
V0377,15,7,0.1733,-0.089,0
V0377,15,6,0.4628,-0.124,1
V0377,15,5,0.15350000000000003,-0.155,0
V0377,15,4,0.18080000000000002,-0.064,0
V0377,15,3,0.4895,-0.035,1
V0377,15,2,0.11570000000000001,-0.281,0
V0377,15,1,0.1199,-0.267,0
V0377,15,0,0.1709,-0.097,0
V0378,11,7,0.1337,-0.221,0
V0378,11,6,0.14750000000000002,-0.175,0
V0378,11,5,0.13670000000000002,-0.211,0
V0378,11,4,0.12020000000000002,-0.266,0
V0378,11,3,0.10520000000000002,-0.316,0
V0378,11,2,0.11000000000000001,-0.3,0
V0378,11,1,0.11360000000000002,-0.288,0
V0378,11,0,0.1178,-0.274,0
V0378,17,7,0.11360000000000002,-0.288,0
V0378,17,6,0.1178,-0.274,0
V0378,17,5,0.05240000000000003,-0.492,0
V0378,17,4,0.10640000000000001,-0.312,0
V0378,17,3,0.1265,-0.245,0
V0378,17,2,0.08990000000000002,-0.367,0
V0378,17,1,0.1034,-0.322,0
V0378,17,0,0.10730000000000002,-0.309,0
V0378,20,7,0.10640000000000001,-0.312,0
V0378,20,6,0.1265,-0.245,0
V0378,20,5,0.08990000000000002,-0.367,0
V0378,20,4,0.1034,-0.322,0
V0378,20,3,0.10730000000000002,-0.309,0
V0378,20,2,0.11120000000000002,-0.296,0
V0378,20,1,0.04730000000000001,-0.509,0
V0378,20,0,0.048500000000000015,-0.505,0
V0378,21,7,0.1265,-0.245,0
V0378,21,6,0.08990000000000002,-0.367,0
V0378,21,5,0.1034,-0.322,0
V0378,21,4,0.10730000000000002,-0.309,0
V0378,21,3,0.11120000000000002,-0.296,0
V0378,21,2,0.04730000000000001,-0.509,0
V0378,21,1,0.048500000000000015,-0.505,0
V0378,21,0,0.06560000000000002,-0.448,0
V0378,23,7,0.1034,-0.322,0
V0378,23,6,0.10730000000000002,-0.309,0
V0378,23,5,0.11120000000000002,-0.296,0
V0378,23,4,0.04730000000000001,-0.509,0
V0378,23,3,0.048500000000000015,-0.505,0
V0378,23,2,0.06560000000000002,-0.448,0
V0378,23,1,0.02300000000000002,-0.59,0
V0378,23,0,0.3572,-0.476,1
V0380,16,7,0.10640000000000001,-0.312,0
V0380,16,6,0.1862,-0.046,0
V0380,16,5,0.17870000000000003,-0.071,0
V0380,16,4,0.13880000000000003,-0.204,0
V0380,16,3,0.10310000000000001,-0.323,0
V0380,16,2,0.4085,-0.305,1
V0380,16,1,0.15410000000000001,-0.153,0
V0380,16,0,0.14450000000000002,-0.185,0
V0380,17,7,0.1862,-0.046,0
V0380,17,6,0.17870000000000003,-0.071,0
V0380,17,5,0.13880000000000003,-0.204,0
V0380,17,4,0.10310000000000001,-0.323,0
V0380,17,3,0.4085,-0.305,1
V0380,17,2,0.15410000000000001,-0.153,0
V0380,17,1,0.14450000000000002,-0.185,0
V0380,17,0,0.09650000000000002,-0.345,0
V0381,21,7,0.1655,-0.115,0
V0381,21,6,0.15500000000000003,-0.15,0
V0381,21,5,0.4451,-0.183,1
V0381,21,4,0.1766,-0.078,0
V0381,21,3,0.18230000000000002,-0.059,0
V0381,21,2,0.1433,-0.189,0
V0381,21,1,0.227,0.09,0
V0381,21,0,0.18200000000000002,-0.06,0
V0381,23,7,0.4451,-0.183,1
V0381,23,6,0.1766,-0.078,0
V0381,23,5,0.18230000000000002,-0.059,0
V0381,23,4,0.1433,-0.189,0
V0381,23,3,0.227,0.09,0
V0381,23,2,0.18200000000000002,-0.06,0
V0381,23,1,0.07220000000000001,-0.426,0
V0381,23,0,0.05030000000000001,-0.499,0
V0382,20,7,0.12110000000000001,-0.263,0
V0382,20,6,0.1622,-0.126,0
V0382,20,5,0.1709,-0.097,0
V0382,20,4,0.4013,-0.329,1
V0382,20,3,0.06710000000000002,-0.443,0
V0382,20,2,0.4073,-0.309,1
V0382,20,1,0.17450000000000002,-0.085,0
V0382,20,0,0.1223,-0.259,0
V0382,22,7,0.1709,-0.097,0
V0382,22,6,0.4013,-0.329,1
V0382,22,5,0.06710000000000002,-0.443,0
V0382,22,4,0.4073,-0.309,1
V0382,22,3,0.17450000000000002,-0.085,0
V0382,22,2,0.1223,-0.259,0
V0382,22,1,0.12770000000000004,-0.241,0
V0382,22,0,0.09980000000000001,-0.334,0
V0383,4,3,0.128,-0.24,0
V0383,4,2,0.1433,-0.189,0
V0383,4,1,0.08840000000000002,-0.372,0
V0383,4,0,0.3989,-0.337,1
V0383,5,4,0.128,-0.24,0
V0383,5,3,0.1433,-0.189,0
V0383,5,2,0.08840000000000002,-0.372,0
V0383,5,1,0.3989,-0.337,1
V0383,5,0,0.0806,-0.398,0
V0383,8,7,0.128,-0.24,0
V0383,8,6,0.1433,-0.189,0
V0383,8,5,0.08840000000000002,-0.372,0
V0383,8,4,0.3989,-0.337,1
V0383,8,3,0.0806,-0.398,0
V0383,8,2,0.1466,-0.178,0
V0383,8,1,0.11210000000000002,-0.293,0
V0383,8,0,0.11330000000000003,-0.289,0
V0383,10,7,0.08840000000000002,-0.372,0
V0383,10,6,0.3989,-0.337,1
V0383,10,5,0.0806,-0.398,0
V0383,10,4,0.1466,-0.178,0
V0383,10,3,0.11210000000000002,-0.293,0
V0383,10,2,0.11330000000000003,-0.289,0
V0383,10,1,0.021800000000000014,-0.594,0
V0383,10,0,0.02720000000000003,-0.576,0
V0383,11,7,0.3989,-0.337,1
V0383,11,6,0.0806,-0.398,0
V0383,11,5,0.1466,-0.178,0
V0383,11,4,0.11210000000000002,-0.293,0
V0383,11,3,0.11330000000000003,-0.289,0
V0383,11,2,0.021800000000000014,-0.594,0
V0383,11,1,0.02720000000000003,-0.576,0
V0383,11,0,0.008000000000000007,-0.64,0
V0383,12,7,0.0806,-0.398,0
V0383,12,6,0.1466,-0.178,0
V0383,12,5,0.11210000000000002,-0.293,0
V0383,12,4,0.11330000000000003,-0.289,0
V0383,12,3,0.021800000000000014,-0.594,0
V0383,12,2,0.02720000000000003,-0.576,0
V0383,12,1,0.008000000000000007,-0.64,0
V0383,12,0,0.004400000000000015,-0.652,0
V0383,13,7,0.1466,-0.178,0
V0383,13,6,0.11210000000000002,-0.293,0
V0383,13,5,0.11330000000000003,-0.289,0
V0383,13,4,0.021800000000000014,-0.594,0
V0383,13,3,0.02720000000000003,-0.576,0
V0383,13,2,0.008000000000000007,-0.64,0
V0383,13,1,0.004400000000000015,-0.652,0
V0383,13,0,0.031100000000000044,-0.563,0
V0383,18,7,0.008000000000000007,-0.64,0
V0383,18,6,0.004400000000000015,-0.652,0
V0383,18,5,0.031100000000000044,-0.563,0
V0383,18,4,0.012200000000000016,-0.626,0
V0383,18,3,0.04580000000000001,-0.514,0
V0383,18,2,0.01940000000000003,-0.602,0
V0383,18,1,0.04490000000000002,-0.517,0
V0383,18,0,0.054800000000000015,-0.484,0
V0383,22,7,0.04580000000000001,-0.514,0
V0383,22,6,0.01940000000000003,-0.602,0
V0383,22,5,0.04490000000000002,-0.517,0
V0383,22,4,0.054800000000000015,-0.484,0
V0383,22,3,0.019100000000000034,-0.603,0
V0383,22,2,0.07280000000000003,-0.424,0
V0383,22,1,0.017900000000000027,-0.607,0
V0383,22,0,0.07250000000000001,-0.425,0
V0384,2,1,0.17300000000000001,-0.09,0
V0384,2,0,0.1847,-0.051,0
V0384,7,6,0.17300000000000001,-0.09,0
V0384,7,5,0.1847,-0.051,0
V0384,7,4,0.11720000000000001,-0.276,0
V0384,7,3,0.08930000000000002,-0.369,0
V0384,7,2,0.1418,-0.194,0
V0384,7,1,0.08450000000000002,-0.385,0
V0384,7,0,0.1529,-0.157,0
V0384,9,7,0.1847,-0.051,0
V0384,9,6,0.11720000000000001,-0.276,0
V0384,9,5,0.08930000000000002,-0.369,0
V0384,9,4,0.1418,-0.194,0
V0384,9,3,0.08450000000000002,-0.385,0
V0384,9,2,0.1529,-0.157,0
V0384,9,1,0.389,-0.37,1
V0384,9,0,0.4427,-0.191,1
V0384,10,7,0.11720000000000001,-0.276,0
V0384,10,6,0.08930000000000002,-0.369,0
V0384,10,5,0.1418,-0.194,0
V0384,10,4,0.08450000000000002,-0.385,0
V0384,10,3,0.1529,-0.157,0
V0384,10,2,0.389,-0.37,1
V0384,10,1,0.4427,-0.191,1
V0384,10,0,0.06410000000000002,-0.453,0
V0384,11,7,0.08930000000000002,-0.369,0
V0384,11,6,0.1418,-0.194,0
V0384,11,5,0.08450000000000002,-0.385,0
V0384,11,4,0.1529,-0.157,0
V0384,11,3,0.389,-0.37,1
V0384,11,2,0.4427,-0.191,1
V0384,11,1,0.06410000000000002,-0.453,0
V0384,11,0,0.04580000000000001,-0.514,0
V0384,15,7,0.389,-0.37,1
V0384,15,6,0.4427,-0.191,1
V0384,15,5,0.06410000000000002,-0.453,0
V0384,15,4,0.04580000000000001,-0.514,0
V0384,15,3,0.09080000000000002,-0.364,0
V0384,15,2,0.06710000000000002,-0.443,0
V0384,15,1,0.0398,-0.534,0
V0384,15,0,0.08870000000000001,-0.371,0
V0384,21,7,0.0398,-0.534,0
V0384,21,6,0.08870000000000001,-0.371,0
V0384,21,5,0.10790000000000001,-0.307,0
V0384,21,4,0.09200000000000001,-0.36,0
V0384,21,3,0.047900000000000026,-0.507,0
V0384,21,2,0.1169,-0.277,0
V0384,21,1,0.3701,-0.433,1
V0384,21,0,0.07100000000000001,-0.43,0
V0387,22,7,0.4388,-0.204,1
V0387,22,6,0.4628,-0.124,1
V0387,22,5,0.21350000000000002,0.045,0
V0387,22,4,0.1301,-0.233,0
V0387,22,3,0.17270000000000002,-0.091,0
V0387,22,2,0.16160000000000002,-0.128,0
V0387,22,1,0.22610000000000002,0.087,0
V0387,22,0,0.1895,-0.035,0
V0389,15,7,0.17,-0.1,0
V0389,15,6,0.1385,-0.205,0
V0389,15,5,0.17120000000000002,-0.096,0
V0389,15,4,0.16310000000000002,-0.123,0
V0389,15,3,0.13580000000000003,-0.214,0
V0389,15,2,0.07190000000000002,-0.427,0
V0389,15,1,0.11570000000000001,-0.281,0
V0389,15,0,0.14690000000000003,-0.177,0
V0389,20,7,0.07190000000000002,-0.427,0
V0389,20,6,0.11570000000000001,-0.281,0
V0389,20,5,0.14690000000000003,-0.177,0
V0389,20,4,0.09230000000000002,-0.359,0
V0389,20,3,0.4355,-0.215,1
V0389,20,2,0.09350000000000001,-0.355,0
V0389,20,1,0.1301,-0.233,0
V0389,20,0,0.08810000000000001,-0.373,0
V0390,18,7,0.17,-0.1,0
V0390,18,6,0.1781,-0.073,0
V0390,18,5,0.11540000000000002,-0.282,0
V0390,18,4,0.161,-0.13,0
V0390,18,3,0.10400000000000001,-0.32,0
V0390,18,2,0.1355,-0.215,0
V0390,18,1,0.1529,-0.157,0
V0390,18,0,0.1706,-0.098,0
V0391,1,0,0.19160000000000002,-0.028,0
V0391,8,7,0.19160000000000002,-0.028,0
V0391,8,6,0.1862,-0.046,0
V0391,8,5,0.17930000000000001,-0.069,0
V0391,8,4,0.1607,-0.131,0
V0391,8,3,0.2318,0.106,0
V0391,8,2,0.21050000000000002,0.035,0
V0391,8,1,0.17750000000000002,-0.075,0
V0391,8,0,0.1184,-0.272,0
V0392,18,7,0.1763,-0.079,0
V0392,18,6,0.2111,0.037,0
V0392,18,5,0.16760000000000003,-0.108,0
V0392,18,4,0.2132,0.044,0
V0392,18,3,0.16190000000000002,-0.127,0
V0392,18,2,0.164,-0.12,0
V0392,18,1,0.15710000000000002,-0.143,0
V0392,18,0,0.1544,-0.152,0
V0393,15,7,0.12980000000000003,-0.234,0
V0393,15,6,0.19820000000000002,-0.006,0
V0393,15,5,0.188,-0.04,0
V0393,15,4,0.1718,-0.094,0
V0393,15,3,0.2033,0.011,0
V0393,15,2,0.16040000000000001,-0.132,0
V0393,15,1,0.4469,-0.177,1
V0393,15,0,0.39590000000000003,-0.347,1
V0397,3,2,0.2117,0.039,0
V0397,3,1,0.15380000000000002,-0.154,0
V0397,3,0,0.2174,0.058,0
V0397,16,7,0.188,-0.04,0
V0397,16,6,0.15380000000000002,-0.154,0
V0397,16,5,0.13940000000000002,-0.202,0
V0397,16,4,0.4898,-0.034,1
V0397,16,3,0.17750000000000002,-0.075,0
V0397,16,2,0.2036,0.012,0
V0397,16,1,0.1832,-0.056,0
V0397,16,0,0.4388,-0.204,1
V0398,15,7,0.15650000000000003,-0.145,0
V0398,15,6,0.2033,0.011,0
V0398,15,5,0.18560000000000001,-0.048,0
V0398,15,4,0.18680000000000002,-0.044,0
V0398,15,3,0.19970000000000002,-0.001,0
V0398,15,2,0.4562,-0.146,1
V0398,15,1,0.164,-0.12,0
V0398,15,0,0.1628,-0.124,0
V0398,16,7,0.2033,0.011,0
V0398,16,6,0.18560000000000001,-0.048,0
V0398,16,5,0.18680000000000002,-0.044,0
V0398,16,4,0.19970000000000002,-0.001,0
V0398,16,3,0.4562,-0.146,1
V0398,16,2,0.164,-0.12,0
V0398,16,1,0.1628,-0.124,0
V0398,16,0,0.14900000000000002,-0.17,0
V0398,21,7,0.164,-0.12,0
V0398,21,6,0.1628,-0.124,0
V0398,21,5,0.14900000000000002,-0.17,0
V0398,21,4,0.13520000000000001,-0.216,0
V0398,21,3,0.09080000000000002,-0.364,0
V0398,21,2,0.16460000000000002,-0.118,0
V0398,21,1,0.14240000000000003,-0.192,0
V0398,21,0,0.1199,-0.267,0
V0402,1,0,0.23450000000000001,0.115,0
V0405,9,7,0.16790000000000002,-0.107,0
V0405,9,6,0.2225,0.075,0
V0405,9,5,0.1796,-0.068,0
V0405,9,4,0.21830000000000002,0.061,0
V0405,9,3,0.1832,-0.056,0
V0405,9,2,0.22010000000000002,0.067,0
V0405,9,1,0.2084,0.028,0
V0405,9,0,0.10310000000000001,-0.323,0
V0408,9,7,0.22910000000000003,0.097,0
V0408,9,6,0.2321,0.107,0
V0408,9,5,0.2288,0.096,0
V0408,9,4,0.17930000000000001,-0.069,0
V0408,9,3,0.2288,0.096,0
V0408,9,2,0.20750000000000002,0.025,0
V0408,9,1,0.2465,0.155,0
V0408,9,0,0.2474,0.158,0
V0408,18,7,0.2519,0.173,0
V0408,18,6,0.2114,0.038,0
V0408,18,5,0.17,-0.1,0
V0408,18,4,0.2576,0.192,0
V0408,18,3,0.1547,-0.151,0
V0408,18,2,0.5402,0.134,1
V0408,18,1,0.2255,0.085,0
V0408,18,0,0.21200000000000002,0.04,0
V0409,15,7,0.1799,-0.067,0
V0409,15,6,0.18830000000000002,-0.039,0
V0409,15,5,0.1466,-0.178,0
V0409,15,4,0.45799999999999996,-0.14,1
V0409,15,3,0.1481,-0.173,0
V0409,15,2,0.19490000000000002,-0.017,0
V0409,15,1,0.15350000000000003,-0.155,0
V0409,15,0,0.16460000000000002,-0.118,0
V0409,19,7,0.1481,-0.173,0
V0409,19,6,0.19490000000000002,-0.017,0
V0409,19,5,0.15350000000000003,-0.155,0
V0409,19,4,0.16460000000000002,-0.118,0
V0409,19,3,0.14,-0.2,0
V0409,19,2,0.4682,-0.106,1
V0409,19,1,0.1406,-0.198,0
V0409,19,0,0.08750000000000002,-0.375,0
V0409,20,7,0.19490000000000002,-0.017,0
V0409,20,6,0.15350000000000003,-0.155,0
V0409,20,5,0.16460000000000002,-0.118,0
V0409,20,4,0.14,-0.2,0
V0409,20,3,0.4682,-0.106,1
V0409,20,2,0.1406,-0.198,0
V0409,20,1,0.08750000000000002,-0.375,0
V0409,20,0,0.05570000000000003,-0.481,0
V0409,23,7,0.14,-0.2,0
V0409,23,6,0.4682,-0.106,1
V0409,23,5,0.1406,-0.198,0
V0409,23,4,0.08750000000000002,-0.375,0
V0409,23,3,0.05570000000000003,-0.481,0
V0409,23,2,0.010700000000000015,-0.631,0
V0409,23,1,0.08840000000000002,-0.372,0
V0409,23,0,0.0,-0.668,0
V0411,17,7,0.1526,-0.158,0
V0411,17,6,0.4409,-0.197,1
V0411,17,5,0.17900000000000002,-0.07,0
V0411,17,4,0.1655,-0.115,0
V0411,17,3,0.1259,-0.247,0
V0411,17,2,0.128,-0.24,0
V0411,17,1,0.07610000000000003,-0.413,0
V0411,17,0,0.04730000000000001,-0.509,0
V0411,18,7,0.4409,-0.197,1
V0411,18,6,0.17900000000000002,-0.07,0
V0411,18,5,0.1655,-0.115,0
V0411,18,4,0.1259,-0.247,0
V0411,18,3,0.128,-0.24,0
V0411,18,2,0.07610000000000003,-0.413,0
V0411,18,1,0.04730000000000001,-0.509,0
V0411,18,0,0.11000000000000001,-0.3,0
V0411,20,7,0.1655,-0.115,0
V0411,20,6,0.1259,-0.247,0
V0411,20,5,0.128,-0.24,0
V0411,20,4,0.07610000000000003,-0.413,0
V0411,20,3,0.04730000000000001,-0.509,0
V0411,20,2,0.11000000000000001,-0.3,0
V0411,20,1,0.15050000000000002,-0.165,0
V0411,20,0,0.11090000000000001,-0.297,0
V0411,23,7,0.07610000000000003,-0.413,0
V0411,23,6,0.04730000000000001,-0.509,0
V0411,23,5,0.11000000000000001,-0.3,0
V0411,23,4,0.15050000000000002,-0.165,0
V0411,23,3,0.11090000000000001,-0.297,0
V0411,23,2,0.08120000000000001,-0.396,0
V0411,23,1,0.14300000000000002,-0.19,0
V0411,23,0,0.09620000000000002,-0.346,0
V0412,5,4,0.2339,0.113,0
V0412,5,3,0.1625,-0.125,0
V0412,5,2,0.18380000000000002,-0.054,0
V0412,5,1,0.2207,0.069,0
V0412,5,0,0.21200000000000002,0.04,0
V0413,1,0,0.1307,-0.231,0
V0413,12,7,0.065,-0.45,0
V0413,12,6,0.0695,-0.435,0
V0413,12,5,0.05450000000000002,-0.485,0
V0413,12,4,0.05360000000000001,-0.488,0
V0413,12,3,0.011600000000000027,-0.628,0
V0413,12,2,0.019700000000000023,-0.601,0
V0413,12,1,0.33440000000000003,-0.552,1
V0413,12,0,0.07190000000000002,-0.427,0
V0413,18,7,0.33440000000000003,-0.552,1
V0413,18,6,0.07190000000000002,-0.427,0
V0413,18,5,0.0,-0.727,0
V0413,18,4,0.04820000000000002,-0.506,0
V0413,18,3,0.05720000000000003,-0.476,0
V0413,18,2,0.09380000000000002,-0.354,0
V0413,18,1,0.0791,-0.403,0
V0413,18,0,0.008900000000000019,-0.637,0
V0413,19,7,0.07190000000000002,-0.427,0
V0413,19,6,0.0,-0.727,0
V0413,19,5,0.04820000000000002,-0.506,0
V0413,19,4,0.05720000000000003,-0.476,0
V0413,19,3,0.09380000000000002,-0.354,0
V0413,19,2,0.0791,-0.403,0
V0413,19,1,0.008900000000000019,-0.637,0
V0413,19,0,0.08270000000000001,-0.391,0
V0413,23,7,0.09380000000000002,-0.354,0
V0413,23,6,0.0791,-0.403,0
V0413,23,5,0.008900000000000019,-0.637,0
V0413,23,4,0.08270000000000001,-0.391,0
V0413,23,3,0.02240000000000003,-0.592,0
V0413,23,2,0.0,-0.697,0
V0413,23,1,0.08030000000000001,-0.399,0
V0413,23,0,0.39080000000000004,-0.364,1
V0414,7,6,0.1361,-0.213,0
V0414,7,5,0.20240000000000002,0.008,0
V0414,7,4,0.2228,0.076,0
V0414,7,3,0.10580000000000002,-0.314,0
V0414,7,2,0.3539,-0.487,1
V0414,7,1,0.10220000000000001,-0.326,0
V0414,7,0,0.05510000000000001,-0.483,0
V0414,8,7,0.1361,-0.213,0
V0414,8,6,0.20240000000000002,0.008,0
V0414,8,5,0.2228,0.076,0
V0414,8,4,0.10580000000000002,-0.314,0
V0414,8,3,0.3539,-0.487,1
V0414,8,2,0.10220000000000001,-0.326,0
V0414,8,1,0.05510000000000001,-0.483,0
V0414,8,0,0.15050000000000002,-0.165,0
V0414,10,7,0.2228,0.076,0
V0414,10,6,0.10580000000000002,-0.314,0
V0414,10,5,0.3539,-0.487,1
V0414,10,4,0.10220000000000001,-0.326,0
V0414,10,3,0.05510000000000001,-0.483,0
V0414,10,2,0.15050000000000002,-0.165,0
V0414,10,1,0.3872,-0.376,1
V0414,10,0,0.06290000000000001,-0.457,0
V0414,11,7,0.10580000000000002,-0.314,0
V0414,11,6,0.3539,-0.487,1
V0414,11,5,0.10220000000000001,-0.326,0
V0414,11,4,0.05510000000000001,-0.483,0
V0414,11,3,0.15050000000000002,-0.165,0
V0414,11,2,0.3872,-0.376,1
V0414,11,1,0.06290000000000001,-0.457,0
V0414,11,0,0.02810000000000004,-0.573,0
V0414,15,7,0.15050000000000002,-0.165,0
V0414,15,6,0.3872,-0.376,1
V0414,15,5,0.06290000000000001,-0.457,0
V0414,15,4,0.02810000000000004,-0.573,0
V0414,15,3,0.12860000000000002,-0.238,0
V0414,15,2,0.04970000000000002,-0.501,0
V0414,15,1,0.10430000000000002,-0.319,0
V0414,15,0,0.10490000000000001,-0.317,0
V0414,18,7,0.02810000000000004,-0.573,0
V0414,18,6,0.12860000000000002,-0.238,0
V0414,18,5,0.04970000000000002,-0.501,0
V0414,18,4,0.10430000000000002,-0.319,0
V0414,18,3,0.10490000000000001,-0.317,0
V0414,18,2,0.09590000000000003,-0.347,0
V0414,18,1,0.11900000000000001,-0.27,0
V0414,18,0,0.15230000000000002,-0.159,0
V0414,19,7,0.12860000000000002,-0.238,0
V0414,19,6,0.04970000000000002,-0.501,0
V0414,19,5,0.10430000000000002,-0.319,0
V0414,19,4,0.10490000000000001,-0.317,0
V0414,19,3,0.09590000000000003,-0.347,0
V0414,19,2,0.11900000000000001,-0.27,0
V0414,19,1,0.15230000000000002,-0.159,0
V0414,19,0,0.1223,-0.259,0
V0414,22,7,0.10490000000000001,-0.317,0
V0414,22,6,0.09590000000000003,-0.347,0
V0414,22,5,0.11900000000000001,-0.27,0
V0414,22,4,0.15230000000000002,-0.159,0
V0414,22,3,0.1223,-0.259,0
V0414,22,2,0.10760000000000002,-0.308,0
V0414,22,1,0.07760000000000003,-0.408,0
V0414,22,0,0.05810000000000001,-0.473,0
V0415,18,7,0.09590000000000003,-0.347,0
V0415,18,6,0.1763,-0.079,0
V0415,18,5,0.14720000000000003,-0.176,0
V0415,18,4,0.1598,-0.134,0
V0415,18,3,0.14780000000000001,-0.174,0
V0415,18,2,0.1532,-0.156,0
V0415,18,1,0.18680000000000002,-0.044,0
V0415,18,0,0.1967,-0.011,0
V0419,7,6,0.46940000000000004,-0.102,1
V0419,7,5,0.1583,-0.139,0
V0419,7,4,0.09530000000000002,-0.349,0
V0419,7,3,0.11720000000000001,-0.276,0
V0419,7,2,0.44,-0.2,1
V0419,7,1,0.12830000000000003,-0.239,0
V0419,7,0,0.08810000000000001,-0.373,0
V0419,19,7,0.10700000000000001,-0.31,0
V0419,19,6,0.0974,-0.342,0
V0419,19,5,0.40700000000000003,-0.31,1
V0419,19,4,0.5051,0.017,1
V0419,19,3,0.1487,-0.171,0
V0419,19,2,0.1463,-0.179,0
V0419,19,1,0.1562,-0.146,0
V0419,19,0,0.12410000000000002,-0.253,0
V0421,16,7,0.18860000000000002,-0.038,0
V0421,16,6,0.16940000000000002,-0.102,0
V0421,16,5,0.1709,-0.097,0
V0421,16,4,0.08780000000000002,-0.374,0
V0421,16,3,0.10880000000000002,-0.304,0
V0421,16,2,0.4205,-0.265,1
V0421,16,1,0.03890000000000002,-0.537,0
V0421,16,0,0.0791,-0.403,0
V0421,17,7,0.16940000000000002,-0.102,0
V0421,17,6,0.1709,-0.097,0
V0421,17,5,0.08780000000000002,-0.374,0
V0421,17,4,0.10880000000000002,-0.304,0
V0421,17,3,0.4205,-0.265,1
V0421,17,2,0.03890000000000002,-0.537,0
V0421,17,1,0.0791,-0.403,0
V0421,17,0,0.03620000000000001,-0.546,0
V0421,18,7,0.1709,-0.097,0
V0421,18,6,0.08780000000000002,-0.374,0
V0421,18,5,0.10880000000000002,-0.304,0
V0421,18,4,0.4205,-0.265,1
V0421,18,3,0.03890000000000002,-0.537,0
V0421,18,2,0.0791,-0.403,0
V0421,18,1,0.03620000000000001,-0.546,0
V0421,18,0,0.35,-0.5,1
V0421,21,7,0.4205,-0.265,1
V0421,21,6,0.03890000000000002,-0.537,0
V0421,21,5,0.0791,-0.403,0
V0421,21,4,0.03620000000000001,-0.546,0
V0421,21,3,0.35,-0.5,1
V0421,21,2,0.06140000000000001,-0.462,0
V0421,21,1,0.008900000000000019,-0.637,0
V0421,21,0,0.0,-0.809,0
V0421,22,7,0.03890000000000002,-0.537,0
V0421,22,6,0.0791,-0.403,0
V0421,22,5,0.03620000000000001,-0.546,0
V0421,22,4,0.35,-0.5,1
V0421,22,3,0.06140000000000001,-0.462,0
V0421,22,2,0.008900000000000019,-0.637,0
V0421,22,1,0.0,-0.809,0
V0421,22,0,0.23299999999999998,-0.89,1
V0422,14,7,0.2645,0.215,0
V0422,14,6,0.1847,-0.051,0
V0422,14,5,0.224,0.08,0
V0422,14,4,0.518,0.06,1
V0422,14,3,0.164,-0.12,0
V0422,14,2,0.1832,-0.056,0
V0422,14,1,0.1193,-0.269,0
V0422,14,0,0.19970000000000002,-0.001,0
V0422,15,7,0.1847,-0.051,0
V0422,15,6,0.224,0.08,0
V0422,15,5,0.518,0.06,1
V0422,15,4,0.164,-0.12,0
V0422,15,3,0.1832,-0.056,0
V0422,15,2,0.1193,-0.269,0
V0422,15,1,0.19970000000000002,-0.001,0
V0422,15,0,0.16970000000000002,-0.101,0
V0422,18,7,0.164,-0.12,0
V0422,18,6,0.1832,-0.056,0
V0422,18,5,0.1193,-0.269,0
V0422,18,4,0.19970000000000002,-0.001,0
V0422,18,3,0.16970000000000002,-0.101,0
V0422,18,2,0.15350000000000003,-0.155,0
V0422,18,1,0.2021,0.007,0
V0422,18,0,0.11030000000000002,-0.299,0
V0422,19,7,0.1832,-0.056,0
V0422,19,6,0.1193,-0.269,0
V0422,19,5,0.19970000000000002,-0.001,0
V0422,19,4,0.16970000000000002,-0.101,0
V0422,19,3,0.15350000000000003,-0.155,0
V0422,19,2,0.2021,0.007,0
V0422,19,1,0.11030000000000002,-0.299,0
V0422,19,0,0.09050000000000001,-0.365,0
V0422,20,7,0.1193,-0.269,0
V0422,20,6,0.19970000000000002,-0.001,0
V0422,20,5,0.16970000000000002,-0.101,0
V0422,20,4,0.15350000000000003,-0.155,0
V0422,20,3,0.2021,0.007,0
V0422,20,2,0.11030000000000002,-0.299,0
V0422,20,1,0.09050000000000001,-0.365,0
V0422,20,0,0.09140000000000002,-0.362,0
V0422,21,7,0.19970000000000002,-0.001,0
V0422,21,6,0.16970000000000002,-0.101,0
V0422,21,5,0.15350000000000003,-0.155,0
V0422,21,4,0.2021,0.007,0
V0422,21,3,0.11030000000000002,-0.299,0
V0422,21,2,0.09050000000000001,-0.365,0
V0422,21,1,0.09140000000000002,-0.362,0
V0422,21,0,0.4388,-0.204,1
V0422,22,7,0.16970000000000002,-0.101,0
V0422,22,6,0.15350000000000003,-0.155,0
V0422,22,5,0.2021,0.007,0
V0422,22,4,0.11030000000000002,-0.299,0
V0422,22,3,0.09050000000000001,-0.365,0
V0422,22,2,0.09140000000000002,-0.362,0
V0422,22,1,0.4388,-0.204,1
V0422,22,0,0.1178,-0.274,0
V0422,23,7,0.15350000000000003,-0.155,0
V0422,23,6,0.2021,0.007,0
V0422,23,5,0.11030000000000002,-0.299,0
V0422,23,4,0.09050000000000001,-0.365,0
V0422,23,3,0.09140000000000002,-0.362,0
V0422,23,2,0.4388,-0.204,1
V0422,23,1,0.1178,-0.274,0
V0422,23,0,0.07100000000000001,-0.43,0
V0423,2,1,0.12770000000000004,-0.241,0
V0423,2,0,0.09440000000000003,-0.352,0
V0423,8,7,0.12770000000000004,-0.241,0
V0423,8,6,0.09440000000000003,-0.352,0
V0423,8,5,0.1448,-0.184,0
V0423,8,4,0.11090000000000001,-0.297,0
V0423,8,3,0.058400000000000035,-0.472,0
V0423,8,2,0.08180000000000001,-0.394,0
V0423,8,1,0.0,-0.746,0
V0423,8,0,0.02720000000000003,-0.576,0
V0423,15,7,0.02720000000000003,-0.576,0
V0423,15,6,0.028400000000000036,-0.572,0
V0423,15,5,0.0,-0.752,0
V0423,15,4,0.054200000000000026,-0.486,0
V0423,15,3,0.003500000000000003,-0.655,0
V0423,15,2,0.0,-0.696,0
V0423,15,1,0.27080000000000004,-0.764,1
V0423,15,0,0.323,-0.59,1
V0423,17,7,0.0,-0.752,0
V0423,17,6,0.054200000000000026,-0.486,0
V0423,17,5,0.003500000000000003,-0.655,0
V0423,17,4,0.0,-0.696,0
V0423,17,3,0.27080000000000004,-0.764,1
V0423,17,2,0.323,-0.59,1
V0423,17,1,0.015200000000000019,-0.616,0
V0423,17,0,0.0029000000000000137,-0.657,0
V0423,18,7,0.054200000000000026,-0.486,0
V0423,18,6,0.003500000000000003,-0.655,0
V0423,18,5,0.0,-0.696,0
V0423,18,4,0.27080000000000004,-0.764,1
V0423,18,3,0.323,-0.59,1
V0423,18,2,0.015200000000000019,-0.616,0
V0423,18,1,0.0029000000000000137,-0.657,0
V0423,18,0,0.042200000000000015,-0.526,0
V0425,20,7,0.2147,0.049,0
V0425,20,6,0.1607,-0.131,0
V0425,20,5,0.1754,-0.082,0
V0425,20,4,0.22610000000000002,0.087,0
V0425,20,3,0.1889,-0.037,0
V0425,20,2,0.16340000000000002,-0.122,0
V0425,20,1,0.18200000000000002,-0.06,0
V0425,20,0,0.12170000000000002,-0.261,0
V0425,21,7,0.1607,-0.131,0
V0425,21,6,0.1754,-0.082,0
V0425,21,5,0.22610000000000002,0.087,0
V0425,21,4,0.1889,-0.037,0
V0425,21,3,0.16340000000000002,-0.122,0
V0425,21,2,0.18200000000000002,-0.06,0
V0425,21,1,0.12170000000000002,-0.261,0
V0425,21,0,0.1841,-0.053,0
V0428,6,5,0.17420000000000002,-0.086,0
V0428,6,4,0.12920000000000004,-0.236,0
V0428,6,3,0.131,-0.23,0
V0428,6,2,0.5282,0.094,1
V0428,6,1,0.17930000000000001,-0.069,0
V0428,6,0,0.4466,-0.178,1
V0428,9,7,0.12920000000000004,-0.236,0
V0428,9,6,0.131,-0.23,0
V0428,9,5,0.5282,0.094,1
V0428,9,4,0.17930000000000001,-0.069,0
V0428,9,3,0.4466,-0.178,1
V0428,9,2,0.11390000000000002,-0.287,0
V0428,9,1,0.20420000000000002,0.014,0
V0428,9,0,0.1325,-0.225,0
V0428,15,7,0.20420000000000002,0.014,0
V0428,15,6,0.1325,-0.225,0
V0428,15,5,0.1307,-0.231,0
V0428,15,4,0.1583,-0.139,0
V0428,15,3,0.09020000000000002,-0.366,0
V0428,15,2,0.4223,-0.259,1
V0428,15,1,0.4301,-0.233,1
V0428,15,0,0.11510000000000002,-0.283,0
V0428,22,7,0.11510000000000002,-0.283,0
V0428,22,6,0.15650000000000003,-0.145,0
V0428,22,5,0.15230000000000002,-0.159,0
V0428,22,4,0.10370000000000001,-0.321,0
V0428,22,3,0.12560000000000002,-0.248,0
V0428,22,2,0.1295,-0.235,0
V0428,22,1,0.1652,-0.116,0
V0428,22,0,0.0806,-0.398,0
V0430,18,7,0.1811,-0.063,0
V0430,18,6,0.4985,-0.005,1
V0430,18,5,0.20570000000000002,0.019,0
V0430,18,4,0.25670000000000004,0.189,0
V0430,18,3,0.2162,0.054,0
V0430,18,2,0.18710000000000002,-0.043,0
V0430,18,1,0.20270000000000002,0.009,0
V0430,18,0,0.2414,0.138,0
V0434,9,7,0.2156,0.052,0
V0434,9,6,0.25880000000000003,0.196,0
V0434,9,5,0.227,0.09,0
V0434,9,4,0.2657,0.219,0
V0434,9,3,0.21050000000000002,0.035,0
V0434,9,2,0.22940000000000002,0.098,0
V0434,9,1,0.2354,0.118,0
V0434,9,0,0.1463,-0.179,0
V0434,11,7,0.227,0.09,0
V0434,11,6,0.2657,0.219,0
V0434,11,5,0.21050000000000002,0.035,0
V0434,11,4,0.22940000000000002,0.098,0
V0434,11,3,0.2354,0.118,0
V0434,11,2,0.1463,-0.179,0
V0434,11,1,0.2051,0.017,0
V0434,11,0,0.1436,-0.188,0
V0434,19,7,0.1673,-0.109,0
V0434,19,6,0.18080000000000002,-0.064,0
V0434,19,5,0.16640000000000002,-0.112,0
V0434,19,4,0.09560000000000002,-0.348,0
V0434,19,3,0.12890000000000001,-0.237,0
V0434,19,2,0.07550000000000003,-0.415,0
V0434,19,1,0.11060000000000002,-0.298,0
V0434,19,0,0.098,-0.34,0
V0434,20,7,0.18080000000000002,-0.064,0
V0434,20,6,0.16640000000000002,-0.112,0
V0434,20,5,0.09560000000000002,-0.348,0
V0434,20,4,0.12890000000000001,-0.237,0
V0434,20,3,0.07550000000000003,-0.415,0
V0434,20,2,0.11060000000000002,-0.298,0
V0434,20,1,0.098,-0.34,0
V0434,20,0,0.1184,-0.272,0
V0434,21,7,0.16640000000000002,-0.112,0
V0434,21,6,0.09560000000000002,-0.348,0
V0434,21,5,0.12890000000000001,-0.237,0
V0434,21,4,0.07550000000000003,-0.415,0
V0434,21,3,0.11060000000000002,-0.298,0
V0434,21,2,0.098,-0.34,0
V0434,21,1,0.1184,-0.272,0
V0434,21,0,0.10880000000000002,-0.304,0
V0434,22,7,0.09560000000000002,-0.348,0
V0434,22,6,0.12890000000000001,-0.237,0
V0434,22,5,0.07550000000000003,-0.415,0
V0434,22,4,0.11060000000000002,-0.298,0
V0434,22,3,0.098,-0.34,0
V0434,22,2,0.1184,-0.272,0
V0434,22,1,0.10880000000000002,-0.304,0
V0434,22,0,0.08870000000000001,-0.371,0
V0434,23,7,0.12890000000000001,-0.237,0
V0434,23,6,0.07550000000000003,-0.415,0
V0434,23,5,0.11060000000000002,-0.298,0
V0434,23,4,0.098,-0.34,0
V0434,23,3,0.1184,-0.272,0
V0434,23,2,0.10880000000000002,-0.304,0
V0434,23,1,0.08870000000000001,-0.371,0
V0434,23,0,0.09410000000000002,-0.353,0
V0435,17,7,0.5171,0.057,1
V0435,17,6,0.22790000000000002,0.093,0
V0435,17,5,0.2441,0.147,0
V0435,17,4,0.21680000000000002,0.056,0
V0435,17,3,0.2228,0.076,0
V0435,17,2,0.17870000000000003,-0.071,0
V0435,17,1,0.1955,-0.015,0
V0435,17,0,0.1859,-0.047,0
V0435,18,7,0.22790000000000002,0.093,0
V0435,18,6,0.2441,0.147,0
V0435,18,5,0.21680000000000002,0.056,0
V0435,18,4,0.2228,0.076,0
V0435,18,3,0.17870000000000003,-0.071,0
V0435,18,2,0.1955,-0.015,0
V0435,18,1,0.1859,-0.047,0
V0435,18,0,0.09920000000000001,-0.336,0
V0435,21,7,0.2228,0.076,0
V0435,21,6,0.17870000000000003,-0.071,0
V0435,21,5,0.1955,-0.015,0
V0435,21,4,0.1859,-0.047,0
V0435,21,3,0.09920000000000001,-0.336,0
V0435,21,2,0.1625,-0.125,0
V0435,21,1,0.16940000000000002,-0.102,0
V0435,21,0,0.14150000000000001,-0.195,0
V0435,22,7,0.17870000000000003,-0.071,0
V0435,22,6,0.1955,-0.015,0
V0435,22,5,0.1859,-0.047,0
V0435,22,4,0.09920000000000001,-0.336,0
V0435,22,3,0.1625,-0.125,0
V0435,22,2,0.16940000000000002,-0.102,0
V0435,22,1,0.14150000000000001,-0.195,0
V0435,22,0,0.1301,-0.233,0
V0438,23,7,0.1559,-0.147,0
V0438,23,6,0.20090000000000002,0.003,0
V0438,23,5,0.1637,-0.121,0
V0438,23,4,0.1448,-0.184,0
V0438,23,3,0.15680000000000002,-0.144,0
V0438,23,2,0.2591,0.197,0
V0438,23,1,0.15080000000000002,-0.164,0
V0438,23,0,0.1685,-0.105,0
V0441,9,7,0.11180000000000002,-0.294,0
V0441,9,6,0.19640000000000002,-0.012,0
V0441,9,5,0.17870000000000003,-0.071,0
V0441,9,4,0.1907,-0.031,0
V0441,9,3,0.1967,-0.011,0
V0441,9,2,0.13970000000000002,-0.201,0
V0441,9,1,0.1577,-0.141,0
V0441,9,0,0.11870000000000001,-0.271,0
V0444,16,7,0.2675,0.225,0
V0444,16,6,0.2621,0.207,0
V0444,16,5,0.2627,0.209,0
V0444,16,4,0.2627,0.209,0
V0444,16,3,0.2456,0.152,0
V0444,16,2,0.2048,0.016,0
V0444,16,1,0.5255,0.085,1
V0444,16,0,0.20570000000000002,0.019,0
V0447,17,7,0.1322,-0.226,0
V0447,17,6,0.1514,-0.162,0
V0447,17,5,0.11870000000000001,-0.271,0
V0447,17,4,0.08600000000000002,-0.38,0
V0447,17,3,0.20120000000000002,0.004,0
V0447,17,2,0.11240000000000001,-0.292,0
V0447,17,1,0.18830000000000002,-0.039,0
V0447,17,0,0.1295,-0.235,0
V0448,8,7,0.254,0.18,0
V0448,8,6,0.2351,0.117,0
V0448,8,5,0.2426,0.142,0
V0448,8,4,0.2564,0.188,0
V0448,8,3,0.22610000000000002,0.087,0
V0448,8,2,0.1562,-0.146,0
V0448,8,1,0.1943,-0.019,0
V0448,8,0,0.14930000000000002,-0.169,0
V0448,12,7,0.22610000000000002,0.087,0
V0448,12,6,0.1562,-0.146,0
V0448,12,5,0.1943,-0.019,0
V0448,12,4,0.14930000000000002,-0.169,0
V0448,12,3,0.17450000000000002,-0.085,0
V0448,12,2,0.08870000000000001,-0.371,0
V0448,12,1,0.1331,-0.223,0
V0448,12,0,0.16340000000000002,-0.122,0
V0448,16,7,0.17450000000000002,-0.085,0
V0448,16,6,0.08870000000000001,-0.371,0
V0448,16,5,0.1331,-0.223,0
V0448,16,4,0.16340000000000002,-0.122,0
V0448,16,3,0.11750000000000001,-0.275,0
V0448,16,2,0.13430000000000003,-0.219,0
V0448,16,1,0.1361,-0.213,0
V0448,16,0,0.08180000000000001,-0.394,0
V0448,17,7,0.08870000000000001,-0.371,0
V0448,17,6,0.1331,-0.223,0
V0448,17,5,0.16340000000000002,-0.122,0
V0448,17,4,0.11750000000000001,-0.275,0
V0448,17,3,0.13430000000000003,-0.219,0
V0448,17,2,0.1361,-0.213,0
V0448,17,1,0.08180000000000001,-0.394,0
V0448,17,0,0.14390000000000003,-0.187,0
V0448,21,7,0.13430000000000003,-0.219,0
V0448,21,6,0.1361,-0.213,0
V0448,21,5,0.08180000000000001,-0.394,0
V0448,21,4,0.14390000000000003,-0.187,0
V0448,21,3,0.1034,-0.322,0
V0448,21,2,0.09620000000000002,-0.346,0
V0448,21,1,0.1295,-0.235,0
V0448,21,0,0.07310000000000003,-0.423,0
V0450,4,3,0.1688,-0.104,0
V0450,4,2,0.48109999999999997,-0.063,1
V0450,4,1,0.17720000000000002,-0.076,0
V0450,4,0,0.2129,0.043,0
V0450,21,7,0.1178,-0.274,0
V0450,21,6,0.13130000000000003,-0.229,0
V0450,21,5,0.06770000000000001,-0.441,0
V0450,21,4,0.09770000000000001,-0.341,0
V0450,21,3,0.09980000000000001,-0.334,0
V0450,21,2,0.3836,-0.388,1
V0450,21,1,0.0632,-0.456,0
V0450,21,0,0.030200000000000032,-0.566,0
V0450,22,7,0.13130000000000003,-0.229,0
V0450,22,6,0.06770000000000001,-0.441,0
V0450,22,5,0.09770000000000001,-0.341,0
V0450,22,4,0.09980000000000001,-0.334,0
V0450,22,3,0.3836,-0.388,1
V0450,22,2,0.0632,-0.456,0
V0450,22,1,0.030200000000000032,-0.566,0
V0450,22,0,0.05240000000000003,-0.492,0
V0450,23,7,0.06770000000000001,-0.441,0
V0450,23,6,0.09770000000000001,-0.341,0
V0450,23,5,0.09980000000000001,-0.334,0
V0450,23,4,0.3836,-0.388,1
V0450,23,3,0.0632,-0.456,0
V0450,23,2,0.030200000000000032,-0.566,0
V0450,23,1,0.05240000000000003,-0.492,0
V0450,23,0,0.0446,-0.518,0
V0452,21,7,0.1814,-0.062,0
V0452,21,6,0.19340000000000002,-0.022,0
V0452,21,5,0.12710000000000002,-0.243,0
V0452,21,4,0.128,-0.24,0
V0452,21,3,0.14600000000000002,-0.18,0
V0452,21,2,0.48619999999999997,-0.046,1
V0452,21,1,0.1751,-0.083,0
V0452,21,0,0.14300000000000002,-0.19,0
V0452,22,7,0.19340000000000002,-0.022,0
V0452,22,6,0.12710000000000002,-0.243,0
V0452,22,5,0.128,-0.24,0
V0452,22,4,0.14600000000000002,-0.18,0
V0452,22,3,0.48619999999999997,-0.046,1
V0452,22,2,0.1751,-0.083,0
V0452,22,1,0.14300000000000002,-0.19,0
V0452,22,0,0.16970000000000002,-0.101,0
V0453,21,7,0.4283,-0.239,1
V0453,21,6,0.13190000000000002,-0.227,0
V0453,21,5,0.20450000000000002,0.015,0
V0453,21,4,0.1355,-0.215,0
V0453,21,3,0.13340000000000002,-0.222,0
V0453,21,2,0.1574,-0.142,0
V0453,21,1,0.1403,-0.199,0
V0453,21,0,0.12110000000000001,-0.263,0
V0454,2,1,0.049100000000000005,-0.503,0
V0454,2,0,0.416,-0.28,1
V0454,13,7,0.4457,-0.181,1
V0454,13,6,0.1184,-0.272,0
V0454,13,5,0.12200000000000001,-0.26,0
V0454,13,4,0.3638,-0.454,1
V0454,13,3,0.12920000000000004,-0.236,0
V0454,13,2,0.04820000000000002,-0.506,0
V0454,13,1,0.35150000000000003,-0.495,1
V0454,13,0,0.02510000000000004,-0.583,0
V0454,17,7,0.12920000000000004,-0.236,0
V0454,17,6,0.04820000000000002,-0.506,0
V0454,17,5,0.35150000000000003,-0.495,1
V0454,17,4,0.02510000000000004,-0.583,0
V0454,17,3,0.04100000000000001,-0.53,0
V0454,17,2,0.10940000000000001,-0.302,0
V0454,17,1,0.10820000000000002,-0.306,0
V0454,17,0,0.02780000000000002,-0.574,0
V0454,19,7,0.35150000000000003,-0.495,1
V0454,19,6,0.02510000000000004,-0.583,0
V0454,19,5,0.04100000000000001,-0.53,0
V0454,19,4,0.10940000000000001,-0.302,0
V0454,19,3,0.10820000000000002,-0.306,0
V0454,19,2,0.02780000000000002,-0.574,0
V0454,19,1,0.016400000000000026,-0.612,0
V0454,19,0,0.01610000000000003,-0.613,0
V0454,20,7,0.02510000000000004,-0.583,0
V0454,20,6,0.04100000000000001,-0.53,0
V0454,20,5,0.10940000000000001,-0.302,0
V0454,20,4,0.10820000000000002,-0.306,0
V0454,20,3,0.02780000000000002,-0.574,0
V0454,20,2,0.016400000000000026,-0.612,0
V0454,20,1,0.01610000000000003,-0.613,0
V0454,20,0,0.0,-0.714,0
V0454,23,7,0.10820000000000002,-0.306,0
V0454,23,6,0.02780000000000002,-0.574,0
V0454,23,5,0.016400000000000026,-0.612,0
V0454,23,4,0.01610000000000003,-0.613,0
V0454,23,3,0.0,-0.714,0
V0454,23,2,0.020300000000000012,-0.599,0
V0454,23,1,0.050600000000000006,-0.498,0
V0454,23,0,0.008600000000000024,-0.638,0
V0455,9,7,0.5456,0.152,1
V0455,9,6,0.2369,0.123,0
V0455,9,5,0.2543,0.181,0
V0455,9,4,0.2831,0.277,0
V0455,9,3,0.1937,-0.021,0
V0455,9,2,0.19340000000000002,-0.022,0
V0455,9,1,0.1643,-0.119,0
V0455,9,0,0.17570000000000002,-0.081,0
V0457,8,7,0.221,0.07,0
V0457,8,6,0.1784,-0.072,0
V0457,8,5,0.1658,-0.114,0
V0457,8,4,0.2348,0.116,0
V0457,8,3,0.2033,0.011,0
V0457,8,2,0.1847,-0.051,0
V0457,8,1,0.491,-0.03,1
V0457,8,0,0.14840000000000003,-0.172,0
V0458,3,2,0.2378,0.126,0
V0458,3,1,0.2225,0.075,0
V0458,3,0,0.22010000000000002,0.067,0
V0458,7,6,0.2378,0.126,0
V0458,7,5,0.2225,0.075,0
V0458,7,4,0.22010000000000002,0.067,0
V0458,7,3,0.16310000000000002,-0.123,0
V0458,7,2,0.2156,0.052,0
V0458,7,1,0.2207,0.069,0
V0458,7,0,0.4424,-0.192,1
V0458,8,7,0.2378,0.126,0
V0458,8,6,0.2225,0.075,0
V0458,8,5,0.22010000000000002,0.067,0
V0458,8,4,0.16310000000000002,-0.123,0
V0458,8,3,0.2156,0.052,0
V0458,8,2,0.2207,0.069,0
V0458,8,1,0.4424,-0.192,1
V0458,8,0,0.14270000000000002,-0.191,0
V0458,11,7,0.16310000000000002,-0.123,0
V0458,11,6,0.2156,0.052,0
V0458,11,5,0.2207,0.069,0
V0458,11,4,0.4424,-0.192,1
V0458,11,3,0.14270000000000002,-0.191,0
V0458,11,2,0.08990000000000002,-0.367,0
V0458,11,1,0.06140000000000001,-0.462,0
V0458,11,0,0.11210000000000002,-0.293,0
V0458,18,7,0.11210000000000002,-0.293,0
V0458,18,6,0.06260000000000002,-0.458,0
V0458,18,5,0.131,-0.23,0
V0458,18,4,0.12770000000000004,-0.241,0
V0458,18,3,0.08120000000000001,-0.396,0
V0458,18,2,0.15710000000000002,-0.143,0
V0458,18,1,0.12440000000000001,-0.252,0
V0458,18,0,0.12830000000000003,-0.239,0
V0458,23,7,0.15710000000000002,-0.143,0
V0458,23,6,0.12440000000000001,-0.252,0
V0458,23,5,0.12830000000000003,-0.239,0
V0458,23,4,0.08870000000000001,-0.371,0
V0458,23,3,0.08150000000000002,-0.395,0
V0458,23,2,0.09770000000000001,-0.341,0
V0458,23,1,0.09590000000000003,-0.347,0
V0458,23,0,0.134,-0.22,0
V0461,9,7,0.21500000000000002,0.05,0
V0461,9,6,0.1391,-0.203,0
V0461,9,5,0.17870000000000003,-0.071,0
V0461,9,4,0.12440000000000001,-0.252,0
V0461,9,3,0.1178,-0.274,0
V0461,9,2,0.1637,-0.121,0
V0461,9,1,0.06830000000000003,-0.439,0
V0461,9,0,0.08300000000000002,-0.39,0
V0461,15,7,0.06830000000000003,-0.439,0
V0461,15,6,0.08300000000000002,-0.39,0
V0461,15,5,0.07460000000000003,-0.418,0
V0461,15,4,0.08570000000000001,-0.381,0
V0461,15,3,0.07790000000000002,-0.407,0
V0461,15,2,0.4448,-0.184,1
V0461,15,1,0.16820000000000002,-0.106,0
V0461,15,0,0.5375,0.125,1
V0462,8,7,0.24170000000000003,0.139,0
V0462,8,6,0.2039,0.013,0
V0462,8,5,0.25970000000000004,0.199,0
V0462,8,4,0.2156,0.052,0
V0462,8,3,0.22310000000000002,0.077,0
V0462,8,2,0.2237,0.079,0
V0462,8,1,0.19790000000000002,-0.007,0
V0462,8,0,0.2156,0.052,0
V0462,19,7,0.11240000000000001,-0.292,0
V0462,19,6,0.1802,-0.066,0
V0462,19,5,0.11810000000000001,-0.273,0
V0462,19,4,0.14840000000000003,-0.172,0
V0462,19,3,0.101,-0.33,0
V0462,19,2,0.07340000000000002,-0.422,0
V0462,19,1,0.1583,-0.139,0
V0462,19,0,0.1421,-0.193,0
V0462,20,7,0.1802,-0.066,0
V0462,20,6,0.11810000000000001,-0.273,0
V0462,20,5,0.14840000000000003,-0.172,0
V0462,20,4,0.101,-0.33,0
V0462,20,3,0.07340000000000002,-0.422,0
V0462,20,2,0.1583,-0.139,0
V0462,20,1,0.1421,-0.193,0
V0462,20,0,0.05540000000000003,-0.482,0
V0462,21,7,0.11810000000000001,-0.273,0
V0462,21,6,0.14840000000000003,-0.172,0
V0462,21,5,0.101,-0.33,0
V0462,21,4,0.07340000000000002,-0.422,0
V0462,21,3,0.1583,-0.139,0
V0462,21,2,0.1421,-0.193,0
V0462,21,1,0.05540000000000003,-0.482,0
V0462,21,0,0.10070000000000001,-0.331,0
V0462,22,7,0.14840000000000003,-0.172,0
V0462,22,6,0.101,-0.33,0
V0462,22,5,0.07340000000000002,-0.422,0
V0462,22,4,0.1583,-0.139,0
V0462,22,3,0.1421,-0.193,0
V0462,22,2,0.05540000000000003,-0.482,0
V0462,22,1,0.10070000000000001,-0.331,0
V0462,22,0,0.1595,-0.135,0
V0462,23,7,0.101,-0.33,0
V0462,23,6,0.07340000000000002,-0.422,0
V0462,23,5,0.1583,-0.139,0
V0462,23,4,0.1421,-0.193,0
V0462,23,3,0.05540000000000003,-0.482,0
V0462,23,2,0.10070000000000001,-0.331,0
V0462,23,1,0.1595,-0.135,0
V0462,23,0,0.10280000000000002,-0.324,0
V0465,14,7,0.1802,-0.066,0
V0465,14,6,0.2744,0.248,0
V0465,14,5,0.22610000000000002,0.087,0
V0465,14,4,0.47450000000000003,-0.085,1
V0465,14,3,0.527,0.09,1
V0465,14,2,0.19940000000000002,-0.002,0
V0465,14,1,0.14240000000000003,-0.192,0
V0465,14,0,0.1859,-0.047,0
V0466,5,4,0.12200000000000001,-0.26,0
V0466,5,3,0.08720000000000001,-0.376,0
V0466,5,2,0.12110000000000001,-0.263,0
V0466,5,1,0.05240000000000003,-0.492,0
V0466,5,0,0.047000000000000014,-0.51,0
V0466,15,7,0.059600000000000014,-0.468,0
V0466,15,6,0.010700000000000015,-0.631,0
V0466,15,5,0.03320000000000001,-0.556,0
V0466,15,4,0.0,-0.729,0
V0466,15,3,0.025400000000000034,-0.582,0
V0466,15,2,0.0,-0.668,0
V0466,15,1,0.0,-0.734,0
V0466,15,0,0.01880000000000001,-0.604,0
V0466,21,7,0.0,-0.734,0
V0466,21,6,0.01880000000000001,-0.604,0
V0466,21,5,0.0022999999999999965,-0.659,0
V0466,21,4,0.032299999999999995,-0.559,0
V0466,21,3,0.029600000000000043,-0.568,0
V0466,21,2,0.026900000000000035,-0.577,0
V0466,21,1,0.05630000000000002,-0.479,0
V0466,21,0,0.0413,-0.529,0
V0466,22,7,0.01880000000000001,-0.604,0
V0466,22,6,0.0022999999999999965,-0.659,0
V0466,22,5,0.032299999999999995,-0.559,0
V0466,22,4,0.029600000000000043,-0.568,0
V0466,22,3,0.026900000000000035,-0.577,0
V0466,22,2,0.05630000000000002,-0.479,0
V0466,22,1,0.0413,-0.529,0
V0466,22,0,0.01610000000000003,-0.613,0
V0466,23,7,0.0022999999999999965,-0.659,0
V0466,23,6,0.032299999999999995,-0.559,0
V0466,23,5,0.029600000000000043,-0.568,0
V0466,23,4,0.026900000000000035,-0.577,0
V0466,23,3,0.05630000000000002,-0.479,0
V0466,23,2,0.0413,-0.529,0
V0466,23,1,0.01610000000000003,-0.613,0
V0466,23,0,0.0,-0.803,0
V0467,18,7,0.20720000000000002,0.024,0
V0467,18,6,0.161,-0.13,0
V0467,18,5,0.2048,0.016,0
V0467,18,4,0.1763,-0.079,0
V0467,18,3,0.16670000000000001,-0.111,0
V0467,18,2,0.1736,-0.088,0
V0467,18,1,0.1607,-0.131,0
V0467,18,0,0.11090000000000001,-0.297,0
V0467,20,7,0.2048,0.016,0
V0467,20,6,0.1763,-0.079,0
V0467,20,5,0.16670000000000001,-0.111,0
V0467,20,4,0.1736,-0.088,0
V0467,20,3,0.1607,-0.131,0
V0467,20,2,0.11090000000000001,-0.297,0
V0467,20,1,0.06770000000000001,-0.441,0
V0467,20,0,0.09200000000000001,-0.36,0
V0469,20,7,0.2243,0.081,0
V0469,20,6,0.20120000000000002,0.004,0
V0469,20,5,0.18710000000000002,-0.043,0
V0469,20,4,0.1799,-0.067,0
V0469,20,3,0.4799,-0.067,1
V0469,20,2,0.1436,-0.188,0
V0469,20,1,0.1859,-0.047,0
V0469,20,0,0.48050000000000004,-0.065,1
V0471,23,7,0.1937,-0.021,0
V0471,23,6,0.1643,-0.119,0
V0471,23,5,0.2504,0.168,0
V0471,23,4,0.21380000000000002,0.046,0
V0471,23,3,0.0635,-0.455,0
V0471,23,2,0.10220000000000001,-0.326,0
V0471,23,1,0.09140000000000002,-0.362,0
V0471,23,0,0.07970000000000001,-0.401,0
V0472,5,4,0.13790000000000002,-0.207,0
V0472,5,3,0.11060000000000002,-0.298,0
V0472,5,2,0.1862,-0.046,0
V0472,5,1,0.13130000000000003,-0.229,0
V0472,5,0,0.1589,-0.137,0
V0472,15,7,0.2228,0.076,0
V0472,15,6,0.16340000000000002,-0.122,0
V0472,15,5,0.2039,0.013,0
V0472,15,4,0.4742,-0.086,1
V0472,15,3,0.0806,-0.398,0
V0472,15,2,0.09770000000000001,-0.341,0
V0472,15,1,0.2087,0.029,0
V0472,15,0,0.11300000000000002,-0.29,0
V0472,17,7,0.2039,0.013,0
V0472,17,6,0.4742,-0.086,1
V0472,17,5,0.0806,-0.398,0
V0472,17,4,0.09770000000000001,-0.341,0
V0472,17,3,0.2087,0.029,0
V0472,17,2,0.11300000000000002,-0.29,0
V0472,17,1,0.38029999999999997,-0.399,1
V0472,17,0,0.054800000000000015,-0.484,0
V0473,11,7,0.16610000000000003,-0.113,0
V0473,11,6,0.1034,-0.322,0
V0473,11,5,0.08450000000000002,-0.385,0
V0473,11,4,0.08690000000000002,-0.377,0
V0473,11,3,0.11300000000000002,-0.29,0
V0473,11,2,0.11540000000000002,-0.282,0
V0473,11,1,0.12860000000000002,-0.238,0
V0473,11,0,0.1331,-0.223,0
V0473,22,7,0.15380000000000002,-0.154,0
V0473,22,6,0.1754,-0.082,0
V0473,22,5,0.15380000000000002,-0.154,0
V0473,22,4,0.1991,-0.003,0
V0473,22,3,0.11450000000000002,-0.285,0
V0473,22,2,0.12920000000000004,-0.236,0
V0473,22,1,0.1403,-0.199,0
V0473,22,0,0.14930000000000002,-0.169,0
V0474,21,7,0.1622,-0.126,0
V0474,21,6,0.1892,-0.036,0
V0474,21,5,0.16820000000000002,-0.106,0
V0474,21,4,0.1589,-0.137,0
V0474,21,3,0.08120000000000001,-0.396,0
V0474,21,2,0.11390000000000002,-0.287,0
V0474,21,1,0.13970000000000002,-0.201,0
V0474,21,0,0.16910000000000003,-0.103,0
V0475,5,4,0.10880000000000002,-0.304,0
V0475,5,3,0.02570000000000003,-0.581,0
V0475,5,2,0.0446,-0.518,0
V0475,5,1,0.3638,-0.454,1
V0475,5,0,0.1199,-0.267,0
V0475,6,5,0.10880000000000002,-0.304,0
V0475,6,4,0.02570000000000003,-0.581,0
V0475,6,3,0.0446,-0.518,0
V0475,6,2,0.3638,-0.454,1
V0475,6,1,0.1199,-0.267,0
V0475,6,0,0.032299999999999995,-0.559,0
V0475,12,7,0.1199,-0.267,0
V0475,12,6,0.032299999999999995,-0.559,0
V0475,12,5,0.07160000000000002,-0.428,0
V0475,12,4,0.07670000000000002,-0.411,0
V0475,12,3,0.05450000000000002,-0.485,0
V0475,12,2,0.06680000000000003,-0.444,0
V0475,12,1,0.08960000000000001,-0.368,0
V0475,12,0,0.06620000000000001,-0.446,0
V0478,14,7,0.12920000000000004,-0.236,0
V0478,14,6,0.10310000000000001,-0.323,0
V0478,14,5,0.14570000000000002,-0.181,0
V0478,14,4,0.10940000000000001,-0.302,0
V0478,14,3,0.4607,-0.131,1
V0478,14,2,0.10220000000000001,-0.326,0
V0478,14,1,0.1517,-0.161,0
V0478,14,0,0.14750000000000002,-0.175,0
V0478,20,7,0.1517,-0.161,0
V0478,20,6,0.14750000000000002,-0.175,0
V0478,20,5,0.13820000000000002,-0.206,0
V0478,20,4,0.08930000000000002,-0.369,0
V0478,20,3,0.365,-0.45,1
V0478,20,2,0.05630000000000002,-0.479,0
V0478,20,1,0.06440000000000001,-0.452,0
V0478,20,0,0.02240000000000003,-0.592,0
V0478,21,7,0.14750000000000002,-0.175,0
V0478,21,6,0.13820000000000002,-0.206,0
V0478,21,5,0.08930000000000002,-0.369,0
V0478,21,4,0.365,-0.45,1
V0478,21,3,0.05630000000000002,-0.479,0
V0478,21,2,0.06440000000000001,-0.452,0
V0478,21,1,0.02240000000000003,-0.592,0
V0478,21,0,0.0,-0.749,0
V0478,22,7,0.13820000000000002,-0.206,0
V0478,22,6,0.08930000000000002,-0.369,0
V0478,22,5,0.365,-0.45,1
V0478,22,4,0.05630000000000002,-0.479,0
V0478,22,3,0.06440000000000001,-0.452,0
V0478,22,2,0.02240000000000003,-0.592,0
V0478,22,1,0.0,-0.749,0
V0478,22,0,0.03140000000000001,-0.562,0
V0481,14,7,0.17570000000000002,-0.081,0
V0481,14,6,0.47150000000000003,-0.095,1
V0481,14,5,0.1844,-0.052,0
V0481,14,4,0.13880000000000003,-0.204,0
V0481,14,3,0.15200000000000002,-0.16,0
V0481,14,2,0.13340000000000002,-0.222,0
V0481,14,1,0.17870000000000003,-0.071,0
V0481,14,0,0.10070000000000001,-0.331,0
V0483,1,0,0.047000000000000014,-0.51,0
V0483,4,3,0.047000000000000014,-0.51,0
V0483,4,2,0.4625,-0.125,1
V0483,4,1,0.12320000000000002,-0.256,0
V0483,4,0,0.14600000000000002,-0.18,0
V0483,5,4,0.047000000000000014,-0.51,0
V0483,5,3,0.4625,-0.125,1
V0483,5,2,0.12320000000000002,-0.256,0
V0483,5,1,0.14600000000000002,-0.18,0
V0483,5,0,0.09170000000000002,-0.361,0
V0483,7,6,0.047000000000000014,-0.51,0
V0483,7,5,0.4625,-0.125,1
V0483,7,4,0.12320000000000002,-0.256,0
V0483,7,3,0.14600000000000002,-0.18,0
V0483,7,2,0.09170000000000002,-0.361,0
V0483,7,1,0.12020000000000002,-0.266,0
V0483,7,0,0.14300000000000002,-0.19,0
V0483,8,7,0.047000000000000014,-0.51,0
V0483,8,6,0.4625,-0.125,1
V0483,8,5,0.12320000000000002,-0.256,0
V0483,8,4,0.14600000000000002,-0.18,0
V0483,8,3,0.09170000000000002,-0.361,0
V0483,8,2,0.12020000000000002,-0.266,0
V0483,8,1,0.14300000000000002,-0.19,0
V0483,8,0,0.3674,-0.442,1
V0483,12,7,0.09170000000000002,-0.361,0
V0483,12,6,0.12020000000000002,-0.266,0
V0483,12,5,0.14300000000000002,-0.19,0
V0483,12,4,0.3674,-0.442,1
V0483,12,3,0.1301,-0.233,0
V0483,12,2,0.1208,-0.264,0
V0483,12,1,0.10220000000000001,-0.326,0
V0483,12,0,0.05570000000000003,-0.481,0
V0485,11,7,0.17900000000000002,-0.07,0
V0485,11,6,0.1859,-0.047,0
V0485,11,5,0.16160000000000002,-0.128,0
V0485,11,4,0.12920000000000004,-0.236,0
V0485,11,3,0.1637,-0.121,0
V0485,11,2,0.12050000000000001,-0.265,0
V0485,11,1,0.11450000000000002,-0.285,0
V0485,11,0,0.4931,-0.023,1
V0485,14,7,0.12920000000000004,-0.236,0
V0485,14,6,0.1637,-0.121,0
V0485,14,5,0.12050000000000001,-0.265,0
V0485,14,4,0.11450000000000002,-0.285,0
V0485,14,3,0.4931,-0.023,1
V0485,14,2,0.1799,-0.067,0
V0485,14,1,0.11570000000000001,-0.281,0
V0485,14,0,0.1259,-0.247,0
V0485,16,7,0.12050000000000001,-0.265,0
V0485,16,6,0.11450000000000002,-0.285,0
V0485,16,5,0.4931,-0.023,1
V0485,16,4,0.1799,-0.067,0
V0485,16,3,0.11570000000000001,-0.281,0
V0485,16,2,0.1259,-0.247,0
V0485,16,1,0.02780000000000002,-0.574,0
V0485,16,0,0.0,-0.675,0
V0485,19,7,0.1799,-0.067,0
V0485,19,6,0.11570000000000001,-0.281,0
V0485,19,5,0.1259,-0.247,0
V0485,19,4,0.02780000000000002,-0.574,0
V0485,19,3,0.0,-0.675,0
V0485,19,2,0.04040000000000002,-0.532,0
V0485,19,1,0.08360000000000001,-0.388,0
V0485,19,0,0.08780000000000002,-0.374,0
V0485,20,7,0.11570000000000001,-0.281,0
V0485,20,6,0.1259,-0.247,0
V0485,20,5,0.02780000000000002,-0.574,0
V0485,20,4,0.0,-0.675,0
V0485,20,3,0.04040000000000002,-0.532,0
V0485,20,2,0.08360000000000001,-0.388,0
V0485,20,1,0.08780000000000002,-0.374,0
V0485,20,0,0.08240000000000001,-0.392,0
V0485,22,7,0.02780000000000002,-0.574,0
V0485,22,6,0.0,-0.675,0
V0485,22,5,0.04040000000000002,-0.532,0
V0485,22,4,0.08360000000000001,-0.388,0
V0485,22,3,0.08780000000000002,-0.374,0
V0485,22,2,0.08240000000000001,-0.392,0
V0485,22,1,0.0665,-0.445,0
V0485,22,0,0.06740000000000002,-0.442,0
V0485,23,7,0.0,-0.675,0
V0485,23,6,0.04040000000000002,-0.532,0
V0485,23,5,0.08360000000000001,-0.388,0
V0485,23,4,0.08780000000000002,-0.374,0
V0485,23,3,0.08240000000000001,-0.392,0
V0485,23,2,0.0665,-0.445,0
V0485,23,1,0.06740000000000002,-0.442,0
V0485,23,0,0.06770000000000001,-0.441,0
V0489,14,7,0.1922,-0.026,0
V0489,14,6,0.15230000000000002,-0.159,0
V0489,14,5,0.16790000000000002,-0.107,0
V0489,14,4,0.1721,-0.093,0
V0489,14,3,0.1391,-0.203,0
V0489,14,2,0.11870000000000001,-0.271,0
V0489,14,1,0.1589,-0.137,0
V0489,14,0,0.2126,0.042,0
V0491,6,5,0.4208,-0.264,1
V0491,6,4,0.08480000000000001,-0.384,0
V0491,6,3,0.08120000000000001,-0.396,0
V0491,6,2,0.08090000000000001,-0.397,0
V0491,6,1,0.12830000000000003,-0.239,0
V0491,6,0,0.07250000000000001,-0.425,0
V0492,22,7,0.1589,-0.137,0
V0492,22,6,0.14240000000000003,-0.192,0
V0492,22,5,0.1547,-0.151,0
V0492,22,4,0.16670000000000001,-0.111,0
V0492,22,3,0.3824,-0.392,1
V0492,22,2,0.07160000000000002,-0.428,0
V0492,22,1,0.009500000000000008,-0.635,0
V0492,22,0,0.0,-0.701,0
V0493,11,7,0.26480000000000004,0.216,0
V0493,11,6,0.2399,0.133,0
V0493,11,5,0.21200000000000002,0.04,0
V0493,11,4,0.5105,0.035,1
V0493,11,3,0.2621,0.207,0
V0493,11,2,0.2192,0.064,0
V0493,11,1,0.2033,0.011,0
V0493,11,0,0.2237,0.079,0
V0493,15,7,0.2621,0.207,0
V0493,15,6,0.2192,0.064,0
V0493,15,5,0.2033,0.011,0
V0493,15,4,0.2237,0.079,0
V0493,15,3,0.16970000000000002,-0.101,0
V0493,15,2,0.2033,0.011,0
V0493,15,1,0.19790000000000002,-0.007,0
V0493,15,0,0.14540000000000003,-0.182,0
V0493,20,7,0.2033,0.011,0
V0493,20,6,0.19790000000000002,-0.007,0
V0493,20,5,0.14540000000000003,-0.182,0
V0493,20,4,0.15350000000000003,-0.155,0
V0493,20,3,0.17900000000000002,-0.07,0
V0493,20,2,0.12620000000000003,-0.246,0
V0493,20,1,0.10550000000000001,-0.315,0
V0493,20,0,0.1193,-0.269,0
V0493,21,7,0.19790000000000002,-0.007,0
V0493,21,6,0.14540000000000003,-0.182,0
V0493,21,5,0.15350000000000003,-0.155,0
V0493,21,4,0.17900000000000002,-0.07,0
V0493,21,3,0.12620000000000003,-0.246,0
V0493,21,2,0.10550000000000001,-0.315,0
V0493,21,1,0.1193,-0.269,0
V0493,21,0,0.101,-0.33,0
V0493,22,7,0.14540000000000003,-0.182,0
V0493,22,6,0.15350000000000003,-0.155,0
V0493,22,5,0.17900000000000002,-0.07,0
V0493,22,4,0.12620000000000003,-0.246,0
V0493,22,3,0.10550000000000001,-0.315,0
V0493,22,2,0.1193,-0.269,0
V0493,22,1,0.101,-0.33,0
V0493,22,0,0.08630000000000002,-0.379,0
V0493,23,7,0.15350000000000003,-0.155,0
V0493,23,6,0.17900000000000002,-0.07,0
V0493,23,5,0.12620000000000003,-0.246,0
V0493,23,4,0.10550000000000001,-0.315,0
V0493,23,3,0.1193,-0.269,0
V0493,23,2,0.101,-0.33,0
V0493,23,1,0.08630000000000002,-0.379,0
V0493,23,0,0.1499,-0.167,0
V0495,7,6,0.2645,0.215,0
V0495,7,5,0.1514,-0.162,0
V0495,7,4,0.2237,0.079,0
V0495,7,3,0.1907,-0.031,0
V0495,7,2,0.4478,-0.174,1
V0495,7,1,0.1418,-0.194,0
V0495,7,0,0.21080000000000002,0.036,0
V0495,14,7,0.21080000000000002,0.036,0
V0495,14,6,0.17750000000000002,-0.075,0
V0495,14,5,0.1688,-0.104,0
V0495,14,4,0.13670000000000002,-0.211,0
V0495,14,3,0.1346,-0.218,0
V0495,14,2,0.1637,-0.121,0
V0495,14,1,0.11810000000000001,-0.273,0
V0495,14,0,0.10160000000000001,-0.328,0
V0495,15,7,0.17750000000000002,-0.075,0
V0495,15,6,0.1688,-0.104,0
V0495,15,5,0.13670000000000002,-0.211,0
V0495,15,4,0.1346,-0.218,0
V0495,15,3,0.1637,-0.121,0
V0495,15,2,0.11810000000000001,-0.273,0
V0495,15,1,0.10160000000000001,-0.328,0
V0495,15,0,0.06380000000000002,-0.454,0
V0495,17,7,0.13670000000000002,-0.211,0
V0495,17,6,0.1346,-0.218,0
V0495,17,5,0.1637,-0.121,0
V0495,17,4,0.11810000000000001,-0.273,0
V0495,17,3,0.10160000000000001,-0.328,0
V0495,17,2,0.06380000000000002,-0.454,0
V0495,17,1,0.06980000000000003,-0.434,0
V0495,17,0,0.3833,-0.389,1
V0495,18,7,0.1346,-0.218,0
V0495,18,6,0.1637,-0.121,0
V0495,18,5,0.11810000000000001,-0.273,0
V0495,18,4,0.10160000000000001,-0.328,0
V0495,18,3,0.06380000000000002,-0.454,0
V0495,18,2,0.06980000000000003,-0.434,0
V0495,18,1,0.3833,-0.389,1
V0495,18,0,0.11030000000000002,-0.299,0
V0495,19,7,0.1637,-0.121,0
V0495,19,6,0.11810000000000001,-0.273,0
V0495,19,5,0.10160000000000001,-0.328,0
V0495,19,4,0.06380000000000002,-0.454,0
V0495,19,3,0.06980000000000003,-0.434,0
V0495,19,2,0.3833,-0.389,1
V0495,19,1,0.11030000000000002,-0.299,0
V0495,19,0,0.08150000000000002,-0.395,0
V0495,20,7,0.11810000000000001,-0.273,0
V0495,20,6,0.10160000000000001,-0.328,0
V0495,20,5,0.06380000000000002,-0.454,0
V0495,20,4,0.06980000000000003,-0.434,0
V0495,20,3,0.3833,-0.389,1
V0495,20,2,0.11030000000000002,-0.299,0
V0495,20,1,0.08150000000000002,-0.395,0
V0495,20,0,0.065,-0.45,0
V0495,22,7,0.06380000000000002,-0.454,0
V0495,22,6,0.06980000000000003,-0.434,0
V0495,22,5,0.3833,-0.389,1
V0495,22,4,0.11030000000000002,-0.299,0
V0495,22,3,0.08150000000000002,-0.395,0
V0495,22,2,0.065,-0.45,0
V0495,22,1,0.06830000000000003,-0.439,0
V0495,22,0,0.10490000000000001,-0.317,0
V0495,23,7,0.06980000000000003,-0.434,0
V0495,23,6,0.3833,-0.389,1
V0495,23,5,0.11030000000000002,-0.299,0
V0495,23,4,0.08150000000000002,-0.395,0
V0495,23,3,0.065,-0.45,0
V0495,23,2,0.06830000000000003,-0.439,0
V0495,23,1,0.10490000000000001,-0.317,0
V0495,23,0,0.06680000000000003,-0.444,0
V0497,3,2,0.4295,-0.235,1
V0497,3,1,0.18560000000000001,-0.048,0
V0497,3,0,0.14780000000000001,-0.174,0
V0497,18,7,0.20090000000000002,0.003,0
V0497,18,6,0.1511,-0.163,0
V0497,18,5,0.08600000000000002,-0.38,0
V0497,18,4,0.13730000000000003,-0.209,0
V0497,18,3,0.13970000000000002,-0.201,0
V0497,18,2,0.13580000000000003,-0.214,0
V0497,18,1,0.12980000000000003,-0.234,0
V0497,18,0,0.10220000000000001,-0.326,0
V0501,2,1,0.10640000000000001,-0.312,0
V0501,2,0,0.10130000000000002,-0.329,0
V0501,11,7,0.1223,-0.259,0
V0501,11,6,0.09110000000000001,-0.363,0
V0501,11,5,0.12140000000000001,-0.262,0
V0501,11,4,0.16760000000000003,-0.108,0
V0501,11,3,0.05810000000000001,-0.473,0
V0501,11,2,0.03920000000000001,-0.536,0
V0501,11,1,0.0821,-0.393,0
V0501,11,0,0.05210000000000001,-0.493,0
V0501,14,7,0.16760000000000003,-0.108,0
V0501,14,6,0.05810000000000001,-0.473,0
V0501,14,5,0.03920000000000001,-0.536,0
V0501,14,4,0.0821,-0.393,0
V0501,14,3,0.05210000000000001,-0.493,0
V0501,14,2,0.09140000000000002,-0.362,0
V0501,14,1,0.03950000000000001,-0.535,0
V0501,14,0,0.07400000000000001,-0.42,0
V0501,15,7,0.05810000000000001,-0.473,0
V0501,15,6,0.03920000000000001,-0.536,0
V0501,15,5,0.0821,-0.393,0
V0501,15,4,0.05210000000000001,-0.493,0
V0501,15,3,0.09140000000000002,-0.362,0
V0501,15,2,0.03950000000000001,-0.535,0
V0501,15,1,0.07400000000000001,-0.42,0
V0501,15,0,0.07370000000000002,-0.421,0
V0503,22,7,0.08030000000000001,-0.399,0
V0503,22,6,0.08570000000000001,-0.381,0
V0503,22,5,0.035900000000000015,-0.547,0
V0503,22,4,0.13880000000000003,-0.204,0
V0503,22,3,0.10790000000000001,-0.307,0
V0503,22,2,0.1259,-0.247,0
V0503,22,1,0.11810000000000001,-0.273,0
V0503,22,0,0.1685,-0.105,0
V0504,14,7,0.2627,0.209,0
V0504,14,6,0.1418,-0.194,0
V0504,14,5,0.2222,0.074,0
V0504,14,4,0.15200000000000002,-0.16,0
V0504,14,3,0.2288,0.096,0
V0504,14,2,0.1817,-0.061,0
V0504,14,1,0.1826,-0.058,0
V0504,14,0,0.16160000000000002,-0.128,0
V0504,16,7,0.2222,0.074,0
V0504,16,6,0.15200000000000002,-0.16,0
V0504,16,5,0.2288,0.096,0
V0504,16,4,0.1817,-0.061,0
V0504,16,3,0.1826,-0.058,0
V0504,16,2,0.16160000000000002,-0.128,0
V0504,16,1,0.1715,-0.095,0
V0504,16,0,0.4397,-0.201,1
V0504,20,7,0.1826,-0.058,0
V0504,20,6,0.16160000000000002,-0.128,0
V0504,20,5,0.1715,-0.095,0
V0504,20,4,0.4397,-0.201,1
V0504,20,3,0.08570000000000001,-0.381,0
V0504,20,2,0.09320000000000002,-0.356,0
V0504,20,1,0.1004,-0.332,0
V0504,20,0,0.03470000000000001,-0.551,0
V0504,23,7,0.4397,-0.201,1
V0504,23,6,0.08570000000000001,-0.381,0
V0504,23,5,0.09320000000000002,-0.356,0
V0504,23,4,0.1004,-0.332,0
V0504,23,3,0.03470000000000001,-0.551,0
V0504,23,2,0.1577,-0.141,0
V0504,23,1,0.11090000000000001,-0.297,0
V0504,23,0,0.11390000000000002,-0.287,0
V0505,12,7,0.22790000000000002,0.093,0
V0505,12,6,0.2654,0.218,0
V0505,12,5,0.1502,-0.166,0
V0505,12,4,0.2285,0.095,0
V0505,12,3,0.2006,0.002,0
V0505,12,2,0.2609,0.203,0
V0505,12,1,0.1835,-0.055,0
V0505,12,0,0.12350000000000001,-0.255,0
V0505,18,7,0.1835,-0.055,0
V0505,18,6,0.12350000000000001,-0.255,0
V0505,18,5,0.1199,-0.267,0
V0505,18,4,0.16940000000000002,-0.102,0
V0505,18,3,0.1985,-0.005,0
V0505,18,2,0.24860000000000002,0.162,0
V0505,18,1,0.1259,-0.247,0
V0505,18,0,0.125,-0.25,0
V0505,20,7,0.1199,-0.267,0
V0505,20,6,0.16940000000000002,-0.102,0
V0505,20,5,0.1985,-0.005,0
V0505,20,4,0.24860000000000002,0.162,0
V0505,20,3,0.1259,-0.247,0
V0505,20,2,0.125,-0.25,0
V0505,20,1,0.10010000000000001,-0.333,0
V0505,20,0,0.1034,-0.322,0
V0505,22,7,0.1985,-0.005,0
V0505,22,6,0.24860000000000002,0.162,0
V0505,22,5,0.1259,-0.247,0
V0505,22,4,0.125,-0.25,0
V0505,22,3,0.10010000000000001,-0.333,0
V0505,22,2,0.1034,-0.322,0
V0505,22,1,0.05030000000000001,-0.499,0
V0505,22,0,0.09440000000000003,-0.352,0
V0505,23,7,0.24860000000000002,0.162,0
V0505,23,6,0.1259,-0.247,0
V0505,23,5,0.125,-0.25,0
V0505,23,4,0.10010000000000001,-0.333,0
V0505,23,3,0.1034,-0.322,0
V0505,23,2,0.05030000000000001,-0.499,0
V0505,23,1,0.09440000000000003,-0.352,0
V0505,23,0,0.07790000000000002,-0.407,0
V0506,2,1,0.1874,-0.042,0
V0506,2,0,0.1529,-0.157,0
V0506,12,7,0.5027,0.009,1
V0506,12,6,0.10310000000000001,-0.323,0
V0506,12,5,0.4319,-0.227,1
V0506,12,4,0.1652,-0.116,0
V0506,12,3,0.11900000000000001,-0.27,0
V0506,12,2,0.4031,-0.323,1
V0506,12,1,0.08660000000000001,-0.378,0
V0506,12,0,0.10310000000000001,-0.323,0
V0506,14,7,0.4319,-0.227,1
V0506,14,6,0.1652,-0.116,0
V0506,14,5,0.11900000000000001,-0.27,0
V0506,14,4,0.4031,-0.323,1
V0506,14,3,0.08660000000000001,-0.378,0
V0506,14,2,0.10310000000000001,-0.323,0
V0506,14,1,0.11570000000000001,-0.281,0
V0506,14,0,0.07220000000000001,-0.426,0
V0506,17,7,0.4031,-0.323,1
V0506,17,6,0.08660000000000001,-0.378,0
V0506,17,5,0.10310000000000001,-0.323,0
V0506,17,4,0.11570000000000001,-0.281,0
V0506,17,3,0.07220000000000001,-0.426,0
V0506,17,2,0.05030000000000001,-0.499,0
V0506,17,1,0.4022,-0.326,1
V0506,17,0,0.0782,-0.406,0
V0506,18,7,0.08660000000000001,-0.378,0
V0506,18,6,0.10310000000000001,-0.323,0
V0506,18,5,0.11570000000000001,-0.281,0
V0506,18,4,0.07220000000000001,-0.426,0
V0506,18,3,0.05030000000000001,-0.499,0
V0506,18,2,0.4022,-0.326,1
V0506,18,1,0.0782,-0.406,0
V0506,18,0,0.0,-0.726,0
V0506,19,7,0.10310000000000001,-0.323,0
V0506,19,6,0.11570000000000001,-0.281,0
V0506,19,5,0.07220000000000001,-0.426,0
V0506,19,4,0.05030000000000001,-0.499,0
V0506,19,3,0.4022,-0.326,1
V0506,19,2,0.0782,-0.406,0
V0506,19,1,0.0,-0.726,0
V0506,19,0,0.008600000000000024,-0.638,0
V0506,21,7,0.07220000000000001,-0.426,0
V0506,21,6,0.05030000000000001,-0.499,0
V0506,21,5,0.4022,-0.326,1
V0506,21,4,0.0782,-0.406,0
V0506,21,3,0.0,-0.726,0
V0506,21,2,0.008600000000000024,-0.638,0
V0506,21,1,0.037099999999999994,-0.543,0
V0506,21,0,0.0416,-0.528,0
V0508,4,3,0.14780000000000001,-0.174,0
V0508,4,2,0.15860000000000002,-0.138,0
V0508,4,1,0.14120000000000002,-0.196,0
V0508,4,0,0.14450000000000002,-0.185,0
V0509,4,3,0.1754,-0.082,0
V0509,4,2,0.17570000000000002,-0.081,0
V0509,4,1,0.20570000000000002,0.019,0
V0509,4,0,0.1592,-0.136,0
V0509,8,7,0.1754,-0.082,0
V0509,8,6,0.17570000000000002,-0.081,0
V0509,8,5,0.20570000000000002,0.019,0
V0509,8,4,0.1592,-0.136,0
V0509,8,3,0.14690000000000003,-0.177,0
V0509,8,2,0.1331,-0.223,0
V0509,8,1,0.12140000000000001,-0.262,0
V0509,8,0,0.1904,-0.032,0
V0509,12,7,0.14690000000000003,-0.177,0
V0509,12,6,0.1331,-0.223,0
V0509,12,5,0.12140000000000001,-0.262,0
V0509,12,4,0.1904,-0.032,0
V0509,12,3,0.1814,-0.062,0
V0509,12,2,0.1274,-0.242,0
V0509,12,1,0.14150000000000001,-0.195,0
V0509,12,0,0.164,-0.12,0
V0509,13,7,0.1331,-0.223,0
V0509,13,6,0.12140000000000001,-0.262,0
V0509,13,5,0.1904,-0.032,0
V0509,13,4,0.1814,-0.062,0
V0509,13,3,0.1274,-0.242,0
V0509,13,2,0.14150000000000001,-0.195,0
V0509,13,1,0.164,-0.12,0
V0509,13,0,0.1163,-0.279,0
V0509,14,7,0.12140000000000001,-0.262,0
V0509,14,6,0.1904,-0.032,0
V0509,14,5,0.1814,-0.062,0
V0509,14,4,0.1274,-0.242,0
V0509,14,3,0.14150000000000001,-0.195,0
V0509,14,2,0.164,-0.12,0
V0509,14,1,0.1163,-0.279,0
V0509,14,0,0.15410000000000001,-0.153,0
V0509,18,7,0.14150000000000001,-0.195,0
V0509,18,6,0.164,-0.12,0
V0509,18,5,0.1163,-0.279,0
V0509,18,4,0.15410000000000001,-0.153,0
V0509,18,3,0.10820000000000002,-0.306,0
V0509,18,2,0.05720000000000003,-0.476,0
V0509,18,1,0.09320000000000002,-0.356,0
V0509,18,0,0.08690000000000002,-0.377,0
V0509,20,7,0.1163,-0.279,0
V0509,20,6,0.15410000000000001,-0.153,0
V0509,20,5,0.10820000000000002,-0.306,0
V0509,20,4,0.05720000000000003,-0.476,0
V0509,20,3,0.09320000000000002,-0.356,0
V0509,20,2,0.08690000000000002,-0.377,0
V0509,20,1,0.10580000000000002,-0.314,0
V0509,20,0,0.4115,-0.295,1
V0510,13,7,0.1487,-0.171,0
V0510,13,6,0.18980000000000002,-0.034,0
V0510,13,5,0.20750000000000002,0.025,0
V0510,13,4,0.1655,-0.115,0
V0510,13,3,0.14420000000000002,-0.186,0
V0510,13,2,0.1796,-0.068,0
V0510,13,1,0.21830000000000002,0.061,0
V0510,13,0,0.14390000000000003,-0.187,0
V0512,18,7,0.19130000000000003,-0.029,0
V0512,18,6,0.2204,0.068,0
V0512,18,5,0.2189,0.063,0
V0512,18,4,0.4532,-0.156,1
V0512,18,3,0.14300000000000002,-0.19,0
V0512,18,2,0.1385,-0.205,0
V0512,18,1,0.1544,-0.152,0
V0512,18,0,0.1637,-0.121,0
V0513,11,7,0.07100000000000001,-0.43,0
V0513,11,6,0.08090000000000001,-0.397,0
V0513,11,5,0.04730000000000001,-0.509,0
V0513,11,4,0.11900000000000001,-0.27,0
V0513,11,3,0.3482,-0.506,1
V0513,11,2,0.068,-0.44,0
V0513,11,1,0.052700000000000025,-0.491,0
V0513,11,0,0.09080000000000002,-0.364,0
V0514,14,7,0.18230000000000002,-0.059,0
V0514,14,6,0.164,-0.12,0
V0514,14,5,0.1877,-0.041,0
V0514,14,4,0.18050000000000002,-0.065,0
V0514,14,3,0.1376,-0.208,0
V0514,14,2,0.12350000000000001,-0.255,0
V0514,14,1,0.14540000000000003,-0.182,0
V0514,14,0,0.2069,0.023,0
V0514,20,7,0.14540000000000003,-0.182,0
V0514,20,6,0.2069,0.023,0
V0514,20,5,0.164,-0.12,0
V0514,20,4,0.0476,-0.508,0
V0514,20,3,0.068,-0.44,0
V0514,20,2,0.07040000000000002,-0.432,0
V0514,20,1,0.3728,-0.424,1
V0514,20,0,0.028400000000000036,-0.572,0
V0519,8,7,0.11960000000000001,-0.268,0
V0519,8,6,0.09200000000000001,-0.36,0
V0519,8,5,0.10730000000000002,-0.309,0
V0519,8,4,0.09170000000000002,-0.361,0
V0519,8,3,0.024800000000000016,-0.584,0
V0519,8,2,0.026000000000000023,-0.58,0
V0519,8,1,0.02090000000000003,-0.597,0
V0519,8,0,0.008000000000000007,-0.64,0
V0519,10,7,0.10730000000000002,-0.309,0
V0519,10,6,0.09170000000000002,-0.361,0
V0519,10,5,0.024800000000000016,-0.584,0
V0519,10,4,0.026000000000000023,-0.58,0
V0519,10,3,0.02090000000000003,-0.597,0
V0519,10,2,0.008000000000000007,-0.64,0
V0519,10,1,0.005600000000000022,-0.648,0
V0519,10,0,0.08540000000000002,-0.382,0
V0519,11,7,0.09170000000000002,-0.361,0
V0519,11,6,0.024800000000000016,-0.584,0
V0519,11,5,0.026000000000000023,-0.58,0
V0519,11,4,0.02090000000000003,-0.597,0
V0519,11,3,0.008000000000000007,-0.64,0
V0519,11,2,0.005600000000000022,-0.648,0
V0519,11,1,0.08540000000000002,-0.382,0
V0519,11,0,0.02780000000000002,-0.574,0
V0519,13,7,0.026000000000000023,-0.58,0
V0519,13,6,0.02090000000000003,-0.597,0
V0519,13,5,0.008000000000000007,-0.64,0
V0519,13,4,0.005600000000000022,-0.648,0
V0519,13,3,0.08540000000000002,-0.382,0
V0519,13,2,0.02780000000000002,-0.574,0
V0519,13,1,0.0,-0.702,0
V0519,13,0,0.01940000000000003,-0.602,0
V0519,22,7,0.0,-0.799,0
V0519,22,6,0.36319999999999997,-0.456,1
V0519,22,5,0.07850000000000001,-0.405,0
V0519,22,4,0.0461,-0.513,0
V0519,22,3,0.018500000000000016,-0.605,0
V0519,22,2,0.05930000000000002,-0.469,0
V0519,22,1,0.02720000000000003,-0.576,0
V0519,22,0,0.005299999999999999,-0.649,0
V0519,23,7,0.36319999999999997,-0.456,1
V0519,23,6,0.07850000000000001,-0.405,0
V0519,23,5,0.0461,-0.513,0
V0519,23,4,0.018500000000000016,-0.605,0
V0519,23,3,0.05930000000000002,-0.469,0
V0519,23,2,0.02720000000000003,-0.576,0
V0519,23,1,0.005299999999999999,-0.649,0
V0519,23,0,0.07880000000000001,-0.404,0
V0521,16,7,0.19130000000000003,-0.029,0
V0521,16,6,0.12710000000000002,-0.243,0
V0521,16,5,0.1193,-0.269,0
V0521,16,4,0.16760000000000003,-0.108,0
V0521,16,3,0.1904,-0.032,0
V0521,16,2,0.07700000000000003,-0.41,0
V0521,16,1,0.1607,-0.131,0
V0521,16,0,0.1274,-0.242,0
V0523,19,7,0.19190000000000002,-0.027,0
V0523,19,6,0.21230000000000002,0.041,0
V0523,19,5,0.1754,-0.082,0
V0523,19,4,0.1835,-0.055,0
V0523,19,3,0.2273,0.091,0
V0523,19,2,0.1655,-0.115,0
V0523,19,1,0.062,-0.46,0
V0523,19,0,0.12470000000000002,-0.251,0
V0526,9,7,0.0635,-0.455,0
V0526,9,6,0.07430000000000003,-0.419,0
V0526,9,5,0.11390000000000002,-0.287,0
V0526,9,4,0.3935,-0.355,1
V0526,9,3,0.1391,-0.203,0
V0526,9,2,0.39949999999999997,-0.335,1
V0526,9,1,0.08870000000000001,-0.371,0
V0526,9,0,0.12620000000000003,-0.246,0
V0526,11,7,0.11390000000000002,-0.287,0
V0526,11,6,0.3935,-0.355,1
V0526,11,5,0.1391,-0.203,0
V0526,11,4,0.39949999999999997,-0.335,1
V0526,11,3,0.08870000000000001,-0.371,0
V0526,11,2,0.12620000000000003,-0.246,0
V0526,11,1,0.101,-0.33,0
V0526,11,0,0.04580000000000001,-0.514,0
V0526,12,7,0.3935,-0.355,1
V0526,12,6,0.1391,-0.203,0
V0526,12,5,0.39949999999999997,-0.335,1
V0526,12,4,0.08870000000000001,-0.371,0
V0526,12,3,0.12620000000000003,-0.246,0
V0526,12,2,0.101,-0.33,0
V0526,12,1,0.04580000000000001,-0.514,0
V0526,12,0,0.07250000000000001,-0.425,0
V0526,13,7,0.1391,-0.203,0
V0526,13,6,0.39949999999999997,-0.335,1
V0526,13,5,0.08870000000000001,-0.371,0
V0526,13,4,0.12620000000000003,-0.246,0
V0526,13,3,0.101,-0.33,0
V0526,13,2,0.04580000000000001,-0.514,0
V0526,13,1,0.07250000000000001,-0.425,0
V0526,13,0,0.008000000000000007,-0.64,0
V0526,16,7,0.12620000000000003,-0.246,0
V0526,16,6,0.101,-0.33,0
V0526,16,5,0.04580000000000001,-0.514,0
V0526,16,4,0.07250000000000001,-0.425,0
V0526,16,3,0.008000000000000007,-0.64,0
V0526,16,2,0.03950000000000001,-0.535,0
V0526,16,1,0.0,-0.723,0
V0526,16,0,0.0,-0.687,0
V0526,19,7,0.07250000000000001,-0.425,0
V0526,19,6,0.008000000000000007,-0.64,0
V0526,19,5,0.03950000000000001,-0.535,0
V0526,19,4,0.0,-0.723,0
V0526,19,3,0.0,-0.687,0
V0526,19,2,0.0,-0.705,0
V0526,19,1,0.04340000000000002,-0.522,0
V0526,19,0,0.04340000000000002,-0.522,0
V0526,20,7,0.008000000000000007,-0.64,0
V0526,20,6,0.03950000000000001,-0.535,0
V0526,20,5,0.0,-0.723,0
V0526,20,4,0.0,-0.687,0
V0526,20,3,0.0,-0.705,0
V0526,20,2,0.04340000000000002,-0.522,0
V0526,20,1,0.04340000000000002,-0.522,0
V0526,20,0,0.018500000000000016,-0.605,0
V0526,23,7,0.0,-0.687,0
V0526,23,6,0.0,-0.705,0
V0526,23,5,0.04340000000000002,-0.522,0
V0526,23,4,0.04340000000000002,-0.522,0
V0526,23,3,0.018500000000000016,-0.605,0
V0526,23,2,0.3308,-0.564,1
V0526,23,1,0.010100000000000026,-0.633,0
V0526,23,0,0.003500000000000003,-0.655,0
V0527,13,7,0.1295,-0.235,0
V0527,13,6,0.16910000000000003,-0.103,0
V0527,13,5,0.13730000000000003,-0.209,0
V0527,13,4,0.1274,-0.242,0
V0527,13,3,0.17930000000000001,-0.069,0
V0527,13,2,0.09260000000000002,-0.358,0
V0527,13,1,0.050600000000000006,-0.498,0
V0527,13,0,0.10130000000000002,-0.329,0
V0527,14,7,0.16910000000000003,-0.103,0
V0527,14,6,0.13730000000000003,-0.209,0
V0527,14,5,0.1274,-0.242,0
V0527,14,4,0.17930000000000001,-0.069,0
V0527,14,3,0.09260000000000002,-0.358,0
V0527,14,2,0.050600000000000006,-0.498,0
V0527,14,1,0.10130000000000002,-0.329,0
V0527,14,0,0.05120000000000002,-0.496,0
V0527,15,7,0.13730000000000003,-0.209,0
V0527,15,6,0.1274,-0.242,0
V0527,15,5,0.17930000000000001,-0.069,0
V0527,15,4,0.09260000000000002,-0.358,0
V0527,15,3,0.050600000000000006,-0.498,0
V0527,15,2,0.10130000000000002,-0.329,0
V0527,15,1,0.05120000000000002,-0.496,0
V0527,15,0,0.0989,-0.337,0
V0527,17,7,0.17930000000000001,-0.069,0
V0527,17,6,0.09260000000000002,-0.358,0
V0527,17,5,0.050600000000000006,-0.498,0
V0527,17,4,0.10130000000000002,-0.329,0
V0527,17,3,0.05120000000000002,-0.496,0
V0527,17,2,0.0989,-0.337,0
V0527,17,1,0.04970000000000002,-0.501,0
V0527,17,0,0.07550000000000003,-0.415,0
V0527,18,7,0.09260000000000002,-0.358,0
V0527,18,6,0.050600000000000006,-0.498,0
V0527,18,5,0.10130000000000002,-0.329,0
V0527,18,4,0.05120000000000002,-0.496,0
V0527,18,3,0.0989,-0.337,0
V0527,18,2,0.04970000000000002,-0.501,0
V0527,18,1,0.07550000000000003,-0.415,0
V0527,18,0,0.05360000000000001,-0.488,0
V0527,19,7,0.050600000000000006,-0.498,0
V0527,19,6,0.10130000000000002,-0.329,0
V0527,19,5,0.05120000000000002,-0.496,0
V0527,19,4,0.0989,-0.337,0
V0527,19,3,0.04970000000000002,-0.501,0
V0527,19,2,0.07550000000000003,-0.415,0
V0527,19,1,0.05360000000000001,-0.488,0
V0527,19,0,0.04970000000000002,-0.501,0
V0527,22,7,0.0989,-0.337,0
V0527,22,6,0.04970000000000002,-0.501,0
V0527,22,5,0.07550000000000003,-0.415,0
V0527,22,4,0.05360000000000001,-0.488,0
V0527,22,3,0.04970000000000002,-0.501,0
V0527,22,2,0.0413,-0.529,0
V0527,22,1,0.05600000000000002,-0.48,0
V0527,22,0,0.04040000000000002,-0.532,0
V0530,18,7,0.2126,0.042,0
V0530,18,6,0.2513,0.171,0
V0530,18,5,0.22490000000000002,0.083,0
V0530,18,4,0.1973,-0.009,0
V0530,18,3,0.2861,0.287,0
V0530,18,2,0.24710000000000001,0.157,0
V0530,18,1,0.2444,0.148,0
V0530,18,0,0.2696,0.232,0
V0531,3,2,0.2003,0.001,0
V0531,3,1,0.22010000000000002,0.067,0
V0531,3,0,0.21830000000000002,0.061,0
V0531,9,7,0.22010000000000002,0.067,0
V0531,9,6,0.21830000000000002,0.061,0
V0531,9,5,0.1892,-0.036,0
V0531,9,4,0.1904,-0.032,0
V0531,9,3,0.2339,0.113,0
V0531,9,2,0.1547,-0.151,0
V0531,9,1,0.23,0.1,0
V0531,9,0,0.21710000000000002,0.057,0
V0531,16,7,0.21710000000000002,0.057,0
V0531,16,6,0.2354,0.118,0
V0531,16,5,0.2222,0.074,0
V0531,16,4,0.2684,0.228,0
V0531,16,3,0.203,0.01,0
V0531,16,2,0.2255,0.085,0
V0531,16,1,0.16040000000000001,-0.132,0
V0531,16,0,0.18080000000000002,-0.064,0
V0531,18,7,0.2222,0.074,0
V0531,18,6,0.2684,0.228,0
V0531,18,5,0.203,0.01,0
V0531,18,4,0.2255,0.085,0
V0531,18,3,0.16040000000000001,-0.132,0
V0531,18,2,0.18080000000000002,-0.064,0
V0531,18,1,0.11150000000000002,-0.295,0
V0531,18,0,0.10820000000000002,-0.306,0
V0532,8,7,0.1337,-0.221,0
V0532,8,6,0.1487,-0.171,0
V0532,8,5,0.1685,-0.105,0
V0532,8,4,0.1628,-0.124,0
V0532,8,3,0.1595,-0.135,0
V0532,8,2,0.2048,0.016,0
V0532,8,1,0.15560000000000002,-0.148,0
V0532,8,0,0.11540000000000002,-0.282,0
V0532,14,7,0.15560000000000002,-0.148,0
V0532,14,6,0.11540000000000002,-0.282,0
V0532,14,5,0.1811,-0.063,0
V0532,14,4,0.14270000000000002,-0.191,0
V0532,14,3,0.10580000000000002,-0.314,0
V0532,14,2,0.03950000000000001,-0.535,0
V0532,14,1,0.161,-0.13,0
V0532,14,0,0.09830000000000001,-0.339,0
V0533,19,7,0.4292,-0.236,1
V0533,19,6,0.12470000000000002,-0.251,0
V0533,19,5,0.0446,-0.518,0
V0533,19,4,0.09620000000000002,-0.346,0
V0533,19,3,0.06410000000000002,-0.453,0
V0533,19,2,0.09650000000000002,-0.345,0
V0533,19,1,0.0782,-0.406,0
V0533,19,0,0.3929,-0.357,1
V0536,22,7,0.1322,-0.226,0
V0536,22,6,0.13790000000000002,-0.207,0
V0536,22,5,0.1496,-0.168,0
V0536,22,4,0.13880000000000003,-0.204,0
V0536,22,3,0.13340000000000002,-0.222,0
V0536,22,2,0.10160000000000001,-0.328,0
V0536,22,1,0.005600000000000022,-0.648,0
V0536,22,0,0.35509999999999997,-0.483,1
V0536,23,7,0.13790000000000002,-0.207,0
V0536,23,6,0.1496,-0.168,0
V0536,23,5,0.13880000000000003,-0.204,0
V0536,23,4,0.13340000000000002,-0.222,0
V0536,23,3,0.10160000000000001,-0.328,0
V0536,23,2,0.005600000000000022,-0.648,0
V0536,23,1,0.35509999999999997,-0.483,1
V0536,23,0,0.09470000000000002,-0.351,0
V0539,22,7,0.2705,0.235,0
V0539,22,6,0.3347,0.449,0
V0539,22,5,0.2762,0.254,0
V0539,22,4,0.2549,0.183,0
V0539,22,3,0.27890000000000004,0.263,0
V0539,22,2,0.2195,0.065,0
V0539,22,1,0.2474,0.158,0
V0539,22,0,0.2441,0.147,0
V0540,9,7,0.15530000000000002,-0.149,0
V0540,9,6,0.17,-0.1,0
V0540,9,5,0.47509999999999997,-0.083,1
V0540,9,4,0.12530000000000002,-0.249,0
V0540,9,3,0.19790000000000002,-0.007,0
V0540,9,2,0.1391,-0.203,0
V0540,9,1,0.10700000000000001,-0.31,0
V0540,9,0,0.1625,-0.125,0
V0541,12,7,0.125,-0.25,0
V0541,12,6,0.1361,-0.213,0
V0541,12,5,0.09200000000000001,-0.36,0
V0541,12,4,0.12620000000000003,-0.246,0
V0541,12,3,0.13130000000000003,-0.229,0
V0541,12,2,0.1406,-0.198,0
V0541,12,1,0.12380000000000001,-0.254,0
V0541,12,0,0.3899,-0.367,1
V0541,15,7,0.12620000000000003,-0.246,0
V0541,15,6,0.13130000000000003,-0.229,0
V0541,15,5,0.1406,-0.198,0
V0541,15,4,0.12380000000000001,-0.254,0
V0541,15,3,0.3899,-0.367,1
V0541,15,2,0.14240000000000003,-0.192,0
V0541,15,1,0.07160000000000002,-0.428,0
V0541,15,0,0.03140000000000001,-0.562,0
V0541,16,7,0.13130000000000003,-0.229,0
V0541,16,6,0.1406,-0.198,0
V0541,16,5,0.12380000000000001,-0.254,0
V0541,16,4,0.3899,-0.367,1
V0541,16,3,0.14240000000000003,-0.192,0
V0541,16,2,0.07160000000000002,-0.428,0
V0541,16,1,0.03140000000000001,-0.562,0
V0541,16,0,0.07610000000000003,-0.413,0
V0541,19,7,0.3899,-0.367,1
V0541,19,6,0.14240000000000003,-0.192,0
V0541,19,5,0.07160000000000002,-0.428,0
V0541,19,4,0.03140000000000001,-0.562,0
V0541,19,3,0.07610000000000003,-0.413,0
V0541,19,2,0.035900000000000015,-0.547,0
V0541,19,1,0.33499999999999996,-0.55,1
V0541,19,0,0.0032000000000000084,-0.656,0
V0541,20,7,0.14240000000000003,-0.192,0
V0541,20,6,0.07160000000000002,-0.428,0
V0541,20,5,0.03140000000000001,-0.562,0
V0541,20,4,0.07610000000000003,-0.413,0
V0541,20,3,0.035900000000000015,-0.547,0
V0541,20,2,0.33499999999999996,-0.55,1
V0541,20,1,0.0032000000000000084,-0.656,0
V0541,20,0,0.0,-0.688,0
V0541,22,7,0.03140000000000001,-0.562,0
V0541,22,6,0.07610000000000003,-0.413,0
V0541,22,5,0.035900000000000015,-0.547,0
V0541,22,4,0.33499999999999996,-0.55,1
V0541,22,3,0.0032000000000000084,-0.656,0
V0541,22,2,0.0,-0.688,0
V0541,22,1,0.02090000000000003,-0.597,0
V0541,22,0,0.049100000000000005,-0.503,0
V0543,12,7,0.07460000000000003,-0.418,0
V0543,12,6,0.10640000000000001,-0.312,0
V0543,12,5,0.05990000000000001,-0.467,0
V0543,12,4,0.08240000000000001,-0.392,0
V0543,12,3,0.08240000000000001,-0.392,0
V0543,12,2,0.06860000000000002,-0.438,0
V0543,12,1,0.07040000000000002,-0.432,0
V0543,12,0,0.05210000000000001,-0.493,0
V0543,14,7,0.05990000000000001,-0.467,0
V0543,14,6,0.08240000000000001,-0.392,0
V0543,14,5,0.08240000000000001,-0.392,0
V0543,14,4,0.06860000000000002,-0.438,0
V0543,14,3,0.07040000000000002,-0.432,0
V0543,14,2,0.05210000000000001,-0.493,0
V0543,14,1,0.065,-0.45,0
V0543,14,0,0.06890000000000002,-0.437,0
V0543,15,7,0.08240000000000001,-0.392,0
V0543,15,6,0.08240000000000001,-0.392,0
V0543,15,5,0.06860000000000002,-0.438,0
V0543,15,4,0.07040000000000002,-0.432,0
V0543,15,3,0.05210000000000001,-0.493,0
V0543,15,2,0.065,-0.45,0
V0543,15,1,0.06890000000000002,-0.437,0
V0543,15,0,0.019100000000000034,-0.603,0
V0543,19,7,0.05210000000000001,-0.493,0
V0543,19,6,0.065,-0.45,0
V0543,19,5,0.06890000000000002,-0.437,0
V0543,19,4,0.019100000000000034,-0.603,0
V0543,19,3,0.019100000000000034,-0.603,0
V0543,19,2,0.0,-0.815,0
V0543,19,1,0.02090000000000003,-0.597,0
V0543,19,0,0.0,-0.705,0
V0544,10,7,0.1718,-0.094,0
V0544,10,6,0.11900000000000001,-0.27,0
V0544,10,5,0.14240000000000003,-0.192,0
V0544,10,4,0.42110000000000003,-0.263,1
V0544,10,3,0.1496,-0.168,0
V0544,10,2,0.07190000000000002,-0.427,0
V0544,10,1,0.17,-0.1,0
V0544,10,0,0.1316,-0.228,0
V0545,19,7,0.2174,0.058,0
V0545,19,6,0.18680000000000002,-0.044,0
V0545,19,5,0.15230000000000002,-0.159,0
V0545,19,4,0.12620000000000003,-0.246,0
V0545,19,3,0.14540000000000003,-0.182,0
V0545,19,2,0.1448,-0.184,0
V0545,19,1,0.10430000000000002,-0.319,0
V0545,19,0,0.19010000000000002,-0.033,0
V0546,19,7,0.13190000000000002,-0.227,0
V0546,19,6,0.2177,0.059,0
V0546,19,5,0.1688,-0.104,0
V0546,19,4,0.10430000000000002,-0.319,0
V0546,19,3,0.5324,0.108,1
V0546,19,2,0.1985,-0.005,0
V0546,19,1,0.1778,-0.074,0
V0546,19,0,0.1652,-0.116,0
V0548,18,7,0.2285,0.095,0
V0548,18,6,0.2639,0.213,0
V0548,18,5,0.2,0.0,0
V0548,18,4,0.278,0.26,0
V0548,18,3,0.2087,0.029,0
V0548,18,2,0.18200000000000002,-0.06,0
V0548,18,1,0.16760000000000003,-0.108,0
V0548,18,0,0.2378,0.126,0
V0550,16,7,0.13280000000000003,-0.224,0
V0550,16,6,0.16460000000000002,-0.118,0
V0550,16,5,0.08900000000000001,-0.37,0
V0550,16,4,0.11870000000000001,-0.271,0
V0550,16,3,0.03770000000000001,-0.541,0
V0550,16,2,0.07580000000000002,-0.414,0
V0550,16,1,0.4262,-0.246,1
V0550,16,0,0.13940000000000002,-0.202,0
V0550,22,7,0.4262,-0.246,1
V0550,22,6,0.13940000000000002,-0.202,0
V0550,22,5,0.07160000000000002,-0.428,0
V0550,22,4,0.03320000000000001,-0.556,0
V0550,22,3,0.0398,-0.534,0
V0550,22,2,0.07220000000000001,-0.426,0
V0550,22,1,0.1019,-0.327,0
V0550,22,0,0.09350000000000001,-0.355,0
V0551,17,7,0.07850000000000001,-0.405,0
V0551,17,6,0.09500000000000001,-0.35,0
V0551,17,5,0.09140000000000002,-0.362,0
V0551,17,4,0.05300000000000002,-0.49,0
V0551,17,3,0.13130000000000003,-0.229,0
V0551,17,2,0.39080000000000004,-0.364,1
V0551,17,1,0.0476,-0.508,0
V0551,17,0,0.07280000000000003,-0.424,0
V0551,19,7,0.09140000000000002,-0.362,0
V0551,19,6,0.05300000000000002,-0.49,0
V0551,19,5,0.13130000000000003,-0.229,0
V0551,19,4,0.39080000000000004,-0.364,1
V0551,19,3,0.0476,-0.508,0
V0551,19,2,0.07280000000000003,-0.424,0
V0551,19,1,0.3617,-0.461,1
V0551,19,0,0.0353,-0.549,0
V0551,20,7,0.05300000000000002,-0.49,0
V0551,20,6,0.13130000000000003,-0.229,0
V0551,20,5,0.39080000000000004,-0.364,1
V0551,20,4,0.0476,-0.508,0
V0551,20,3,0.07280000000000003,-0.424,0
V0551,20,2,0.3617,-0.461,1
V0551,20,1,0.0353,-0.549,0
V0551,20,0,0.0974,-0.342,0
V0551,23,7,0.0476,-0.508,0
V0551,23,6,0.07280000000000003,-0.424,0
V0551,23,5,0.3617,-0.461,1
V0551,23,4,0.0353,-0.549,0
V0551,23,3,0.0974,-0.342,0
V0551,23,2,0.042200000000000015,-0.526,0
V0551,23,1,0.047000000000000014,-0.51,0
V0551,23,0,0.07190000000000002,-0.427,0
V0552,6,5,0.13940000000000002,-0.202,0
V0552,6,4,0.1835,-0.055,0
V0552,6,3,0.11900000000000001,-0.27,0
V0552,6,2,0.10730000000000002,-0.309,0
V0552,6,1,0.1547,-0.151,0
V0552,6,0,0.13880000000000003,-0.204,0
V0553,6,5,0.5249,0.083,1
V0553,6,4,0.21230000000000002,0.041,0
V0553,6,3,0.254,0.18,0
V0553,6,2,0.2303,0.101,0
V0553,6,1,0.2432,0.144,0
V0553,6,0,0.2351,0.117,0
V0553,15,7,0.2516,0.172,0
V0553,15,6,0.2576,0.192,0
V0553,15,5,0.2885,0.295,0
V0553,15,4,0.2117,0.039,0
V0553,15,3,0.218,0.06,0
V0553,15,2,0.19820000000000002,-0.006,0
V0553,15,1,0.24200000000000002,0.14,0
V0553,15,0,0.248,0.16,0
V0554,19,7,0.09050000000000001,-0.365,0
V0554,19,6,0.11000000000000001,-0.3,0
V0554,19,5,0.4199,-0.267,1
V0554,19,4,0.06380000000000002,-0.454,0
V0554,19,3,0.0,-0.681,0
V0554,19,2,0.09230000000000002,-0.359,0
V0554,19,1,0.07010000000000002,-0.433,0
V0554,19,0,0.05030000000000001,-0.499,0
V0554,21,7,0.4199,-0.267,1
V0554,21,6,0.06380000000000002,-0.454,0
V0554,21,5,0.0,-0.681,0
V0554,21,4,0.09230000000000002,-0.359,0
V0554,21,3,0.07010000000000002,-0.433,0
V0554,21,2,0.05030000000000001,-0.499,0
V0554,21,1,0.1004,-0.332,0
V0554,21,0,0.06920000000000001,-0.436,0
V0554,22,7,0.06380000000000002,-0.454,0
V0554,22,6,0.0,-0.681,0
V0554,22,5,0.09230000000000002,-0.359,0
V0554,22,4,0.07010000000000002,-0.433,0
V0554,22,3,0.05030000000000001,-0.499,0
V0554,22,2,0.1004,-0.332,0
V0554,22,1,0.06920000000000001,-0.436,0
V0554,22,0,0.04340000000000002,-0.522,0
V0554,23,7,0.0,-0.681,0
V0554,23,6,0.09230000000000002,-0.359,0
V0554,23,5,0.07010000000000002,-0.433,0
V0554,23,4,0.05030000000000001,-0.499,0
V0554,23,3,0.1004,-0.332,0
V0554,23,2,0.06920000000000001,-0.436,0
V0554,23,1,0.04340000000000002,-0.522,0
V0554,23,0,0.0,-0.805,0
V0555,8,7,0.49160000000000004,-0.028,1
V0555,8,6,0.2141,0.047,0
V0555,8,5,0.48560000000000003,-0.048,1
V0555,8,4,0.1466,-0.178,0
V0555,8,3,0.16340000000000002,-0.122,0
V0555,8,2,0.53,0.1,1
V0555,8,1,0.4448,-0.184,1
V0555,8,0,0.1337,-0.221,0
V0555,22,7,0.17300000000000001,-0.09,0
V0555,22,6,0.1529,-0.157,0
V0555,22,5,0.12290000000000001,-0.257,0
V0555,22,4,0.16310000000000002,-0.123,0
V0555,22,3,0.1385,-0.205,0
V0555,22,2,0.1559,-0.147,0
V0555,22,1,0.15530000000000002,-0.149,0
V0555,22,0,0.1403,-0.199,0
V0555,23,7,0.1529,-0.157,0
V0555,23,6,0.12290000000000001,-0.257,0
V0555,23,5,0.16310000000000002,-0.123,0
V0555,23,4,0.1385,-0.205,0
V0555,23,3,0.1559,-0.147,0
V0555,23,2,0.15530000000000002,-0.149,0
V0555,23,1,0.1403,-0.199,0
V0555,23,0,0.0665,-0.445,0
V0556,3,2,0.21500000000000002,0.05,0
V0556,3,1,0.19010000000000002,-0.033,0
V0556,3,0,0.191,-0.03,0
V0556,8,7,0.21500000000000002,0.05,0
V0556,8,6,0.19010000000000002,-0.033,0
V0556,8,5,0.191,-0.03,0
V0556,8,4,0.15050000000000002,-0.165,0
V0556,8,3,0.2222,0.074,0
V0556,8,2,0.4535,-0.155,1
V0556,8,1,0.10940000000000001,-0.302,0
V0556,8,0,0.3806,-0.398,1
V0556,9,7,0.19010000000000002,-0.033,0
V0556,9,6,0.191,-0.03,0
V0556,9,5,0.15050000000000002,-0.165,0
V0556,9,4,0.2222,0.074,0
V0556,9,3,0.4535,-0.155,1
V0556,9,2,0.10940000000000001,-0.302,0
V0556,9,1,0.3806,-0.398,1
V0556,9,0,0.1421,-0.193,0
V0556,13,7,0.4535,-0.155,1
V0556,13,6,0.10940000000000001,-0.302,0
V0556,13,5,0.3806,-0.398,1
V0556,13,4,0.1421,-0.193,0
V0556,13,3,0.08900000000000001,-0.37,0
V0556,13,2,0.1829,-0.057,0
V0556,13,1,0.09980000000000001,-0.334,0
V0556,13,0,0.0995,-0.335,0
V0556,14,7,0.10940000000000001,-0.302,0
V0556,14,6,0.3806,-0.398,1
V0556,14,5,0.1421,-0.193,0
V0556,14,4,0.08900000000000001,-0.37,0
V0556,14,3,0.1829,-0.057,0
V0556,14,2,0.09980000000000001,-0.334,0
V0556,14,1,0.0995,-0.335,0
V0556,14,0,0.11750000000000001,-0.275,0
V0556,15,7,0.3806,-0.398,1
V0556,15,6,0.1421,-0.193,0
V0556,15,5,0.08900000000000001,-0.37,0
V0556,15,4,0.1829,-0.057,0
V0556,15,3,0.09980000000000001,-0.334,0
V0556,15,2,0.0995,-0.335,0
V0556,15,1,0.11750000000000001,-0.275,0
V0556,15,0,0.09980000000000001,-0.334,0
V0556,19,7,0.09980000000000001,-0.334,0
V0556,19,6,0.0995,-0.335,0
V0556,19,5,0.11750000000000001,-0.275,0
V0556,19,4,0.09980000000000001,-0.334,0
V0556,19,3,0.08000000000000002,-0.4,0
V0556,19,2,0.11300000000000002,-0.29,0
V0556,19,1,0.05120000000000002,-0.496,0
V0556,19,0,0.3884,-0.372,1
V0556,20,7,0.0995,-0.335,0
V0556,20,6,0.11750000000000001,-0.275,0
V0556,20,5,0.09980000000000001,-0.334,0
V0556,20,4,0.08000000000000002,-0.4,0
V0556,20,3,0.11300000000000002,-0.29,0
V0556,20,2,0.05120000000000002,-0.496,0
V0556,20,1,0.3884,-0.372,1
V0556,20,0,0.0665,-0.445,0
V0556,23,7,0.08000000000000002,-0.4,0
V0556,23,6,0.11300000000000002,-0.29,0
V0556,23,5,0.05120000000000002,-0.496,0
V0556,23,4,0.3884,-0.372,1
V0556,23,3,0.0665,-0.445,0
V0556,23,2,0.11060000000000002,-0.298,0
V0556,23,1,0.12440000000000001,-0.252,0
V0556,23,0,0.05720000000000003,-0.476,0
V0558,16,7,0.19640000000000002,-0.012,0
V0558,16,6,0.16610000000000003,-0.113,0
V0558,16,5,0.4976,-0.008,1
V0558,16,4,0.2078,0.026,0
V0558,16,3,0.44120000000000004,-0.196,1
V0558,16,2,0.4397,-0.201,1
V0558,16,1,0.13130000000000003,-0.229,0
V0558,16,0,0.2252,0.084,0
V0558,18,7,0.4976,-0.008,1
V0558,18,6,0.2078,0.026,0
V0558,18,5,0.44120000000000004,-0.196,1
V0558,18,4,0.4397,-0.201,1
V0558,18,3,0.13130000000000003,-0.229,0
V0558,18,2,0.2252,0.084,0
V0558,18,1,0.14540000000000003,-0.182,0
V0558,18,0,0.12290000000000001,-0.257,0
V0558,23,7,0.2252,0.084,0
V0558,23,6,0.14540000000000003,-0.182,0
V0558,23,5,0.12290000000000001,-0.257,0
V0558,23,4,0.13130000000000003,-0.229,0
V0558,23,3,0.19340000000000002,-0.022,0
V0558,23,2,0.17270000000000002,-0.091,0
V0558,23,1,0.08120000000000001,-0.396,0
V0558,23,0,0.08630000000000002,-0.379,0
V0559,15,7,0.116,-0.28,0
V0559,15,6,0.04580000000000001,-0.514,0
V0559,15,5,0.08300000000000002,-0.39,0
V0559,15,4,0.09290000000000002,-0.357,0
V0559,15,3,0.08870000000000001,-0.371,0
V0559,15,2,0.0989,-0.337,0
V0559,15,1,0.058400000000000035,-0.472,0
V0559,15,0,0.0806,-0.398,0
V0559,22,7,0.0806,-0.398,0
V0559,22,6,0.0989,-0.337,0
V0559,22,5,0.054800000000000015,-0.484,0
V0559,22,4,0.3842,-0.386,1
V0559,22,3,0.0806,-0.398,0
V0559,22,2,0.09920000000000001,-0.336,0
V0559,22,1,0.08810000000000001,-0.373,0
V0559,22,0,0.065,-0.45,0
V0559,23,7,0.0989,-0.337,0
V0559,23,6,0.054800000000000015,-0.484,0
V0559,23,5,0.3842,-0.386,1
V0559,23,4,0.0806,-0.398,0
V0559,23,3,0.09920000000000001,-0.336,0
V0559,23,2,0.08810000000000001,-0.373,0
V0559,23,1,0.065,-0.45,0
V0559,23,0,0.022100000000000036,-0.593,0
V0561,11,7,0.1355,-0.215,0
V0561,11,6,0.3884,-0.372,1
V0561,11,5,0.1499,-0.167,0
V0561,11,4,0.4376,-0.208,1
V0561,11,3,0.1223,-0.259,0
V0561,11,2,0.12380000000000001,-0.254,0
V0561,11,1,0.1325,-0.225,0
V0561,11,0,0.1628,-0.124,0
V0561,12,7,0.3884,-0.372,1
V0561,12,6,0.1499,-0.167,0
V0561,12,5,0.4376,-0.208,1
V0561,12,4,0.1223,-0.259,0
V0561,12,3,0.12380000000000001,-0.254,0
V0561,12,2,0.1325,-0.225,0
V0561,12,1,0.1628,-0.124,0
V0561,12,0,0.1559,-0.147,0
V0562,13,7,0.1466,-0.178,0
V0562,13,6,0.188,-0.04,0
V0562,13,5,0.1625,-0.125,0
V0562,13,4,0.15680000000000002,-0.144,0
V0562,13,3,0.13520000000000001,-0.216,0
V0562,13,2,0.20450000000000002,0.015,0
V0562,13,1,0.08450000000000002,-0.385,0
V0562,13,0,0.1322,-0.226,0
V0562,17,7,0.13520000000000001,-0.216,0
V0562,17,6,0.20450000000000002,0.015,0
V0562,17,5,0.08450000000000002,-0.385,0
V0562,17,4,0.1322,-0.226,0
V0562,17,3,0.1514,-0.162,0
V0562,17,2,0.12770000000000004,-0.241,0
V0562,17,1,0.1301,-0.233,0
V0562,17,0,0.3527,-0.491,1
V0562,18,7,0.20450000000000002,0.015,0
V0562,18,6,0.08450000000000002,-0.385,0
V0562,18,5,0.1322,-0.226,0
V0562,18,4,0.1514,-0.162,0
V0562,18,3,0.12770000000000004,-0.241,0
V0562,18,2,0.1301,-0.233,0
V0562,18,1,0.3527,-0.491,1
V0562,18,0,0.07760000000000003,-0.408,0
V0562,21,7,0.1514,-0.162,0
V0562,21,6,0.12770000000000004,-0.241,0
V0562,21,5,0.1301,-0.233,0
V0562,21,4,0.3527,-0.491,1
V0562,21,3,0.07760000000000003,-0.408,0
V0562,21,2,0.10130000000000002,-0.329,0
V0562,21,1,0.04820000000000002,-0.506,0
V0562,21,0,0.39080000000000004,-0.364,1
V0563,12,7,0.131,-0.23,0
V0563,12,6,0.14600000000000002,-0.18,0
V0563,12,5,0.044300000000000006,-0.519,0
V0563,12,4,0.12380000000000001,-0.254,0
V0563,12,3,0.17720000000000002,-0.076,0
V0563,12,2,0.1502,-0.166,0
V0563,12,1,0.1517,-0.161,0
V0563,12,0,0.1184,-0.272,0
V0564,12,7,0.2555,0.185,0
V0564,12,6,0.23750000000000002,0.125,0
V0564,12,5,0.3329,0.443,0
V0564,12,4,0.221,0.07,0
V0564,12,3,0.2396,0.132,0
V0564,12,2,0.3062,0.354,0
V0564,12,1,0.2396,0.132,0
V0564,12,0,0.19490000000000002,-0.017,0
V0564,13,7,0.23750000000000002,0.125,0
V0564,13,6,0.3329,0.443,0
V0564,13,5,0.221,0.07,0
V0564,13,4,0.2396,0.132,0
V0564,13,3,0.3062,0.354,0
V0564,13,2,0.2396,0.132,0
V0564,13,1,0.19490000000000002,-0.017,0
V0564,13,0,0.23900000000000002,0.13,0
V0571,2,1,0.12470000000000002,-0.251,0
V0571,2,0,0.02300000000000002,-0.59,0
V0571,9,7,0.02300000000000002,-0.59,0
V0571,9,6,0.0431,-0.523,0
V0571,9,5,0.006500000000000006,-0.645,0
V0571,9,4,0.053300000000000014,-0.489,0
V0571,9,3,0.3677,-0.441,1
V0571,9,2,0.04820000000000002,-0.506,0
V0571,9,1,0.0,-0.701,0
V0571,9,0,0.030800000000000022,-0.564,0
V0571,11,7,0.006500000000000006,-0.645,0
V0571,11,6,0.053300000000000014,-0.489,0
V0571,11,5,0.3677,-0.441,1
V0571,11,4,0.04820000000000002,-0.506,0
V0571,11,3,0.0,-0.701,0
V0571,11,2,0.030800000000000022,-0.564,0
V0571,11,1,0.0007999999999999952,-0.664,0
V0571,11,0,0.09050000000000001,-0.365,0
V0571,17,7,0.0007999999999999952,-0.664,0
V0571,17,6,0.09050000000000001,-0.365,0
V0571,17,5,0.06140000000000001,-0.462,0
V0571,17,4,0.042200000000000015,-0.526,0
V0571,17,3,0.06080000000000002,-0.464,0
V0571,17,2,0.0632,-0.456,0
V0571,17,1,0.0401,-0.533,0
V0571,17,0,0.0,-0.679,0
V0572,4,3,0.15350000000000003,-0.155,0
V0572,4,2,0.15200000000000002,-0.16,0
V0572,4,1,0.2069,0.023,0
V0572,4,0,0.1907,-0.031,0
V0574,4,3,0.14900000000000002,-0.17,0
V0574,4,2,0.2063,0.021,0
V0574,4,1,0.18200000000000002,-0.06,0
V0574,4,0,0.2225,0.075,0
V0574,5,4,0.14900000000000002,-0.17,0
V0574,5,3,0.2063,0.021,0
V0574,5,2,0.18200000000000002,-0.06,0
V0574,5,1,0.2225,0.075,0
V0574,5,0,0.2606,0.202,0
V0574,12,7,0.2606,0.202,0
V0574,12,6,0.21860000000000002,0.062,0
V0574,12,5,0.09620000000000002,-0.346,0
V0574,12,4,0.4193,-0.269,1
V0574,12,3,0.17300000000000001,-0.09,0
V0574,12,2,0.4556,-0.148,1
V0574,12,1,0.10820000000000002,-0.306,0
V0574,12,0,0.1361,-0.213,0
V0574,15,7,0.4193,-0.269,1
V0574,15,6,0.17300000000000001,-0.09,0
V0574,15,5,0.4556,-0.148,1
V0574,15,4,0.10820000000000002,-0.306,0
V0574,15,3,0.1361,-0.213,0
V0574,15,2,0.1829,-0.057,0
V0574,15,1,0.12920000000000004,-0.236,0
V0574,15,0,0.16640000000000002,-0.112,0
V0574,16,7,0.17300000000000001,-0.09,0
V0574,16,6,0.4556,-0.148,1
V0574,16,5,0.10820000000000002,-0.306,0
V0574,16,4,0.1361,-0.213,0
V0574,16,3,0.1829,-0.057,0
V0574,16,2,0.12920000000000004,-0.236,0
V0574,16,1,0.16640000000000002,-0.112,0
V0574,16,0,0.12470000000000002,-0.251,0
V0575,15,7,0.09170000000000002,-0.361,0
V0575,15,6,0.1724,-0.092,0
V0575,15,5,0.07610000000000003,-0.413,0
V0575,15,4,0.05030000000000001,-0.499,0
V0575,15,3,0.14900000000000002,-0.17,0
V0575,15,2,0.11030000000000002,-0.299,0
V0575,15,1,0.0806,-0.398,0
V0575,15,0,0.08330000000000001,-0.389,0
V0575,19,7,0.14900000000000002,-0.17,0
V0575,19,6,0.11030000000000002,-0.299,0
V0575,19,5,0.0806,-0.398,0
V0575,19,4,0.08330000000000001,-0.389,0
V0575,19,3,0.1421,-0.193,0
V0575,19,2,0.14240000000000003,-0.192,0
V0575,19,1,0.08480000000000001,-0.384,0
V0575,19,0,0.07010000000000002,-0.433,0
V0575,20,7,0.11030000000000002,-0.299,0
V0575,20,6,0.0806,-0.398,0
V0575,20,5,0.08330000000000001,-0.389,0
V0575,20,4,0.1421,-0.193,0
V0575,20,3,0.14240000000000003,-0.192,0
V0575,20,2,0.08480000000000001,-0.384,0
V0575,20,1,0.07010000000000002,-0.433,0
V0575,20,0,0.014300000000000007,-0.619,0
V0576,8,7,0.12680000000000002,-0.244,0
V0576,8,6,0.13640000000000002,-0.212,0
V0576,8,5,0.14120000000000002,-0.196,0
V0576,8,4,0.4124,-0.292,1
V0576,8,3,0.16640000000000002,-0.112,0
V0576,8,2,0.16340000000000002,-0.122,0
V0576,8,1,0.08390000000000002,-0.387,0
V0576,8,0,0.05240000000000003,-0.492,0
V0577,12,7,0.2243,0.081,0
V0577,12,6,0.1763,-0.079,0
V0577,12,5,0.07460000000000003,-0.418,0
V0577,12,4,0.09590000000000003,-0.347,0
V0577,12,3,0.06530000000000002,-0.449,0
V0577,12,2,0.06260000000000002,-0.458,0
V0577,12,1,0.08390000000000002,-0.387,0
V0577,12,0,0.11300000000000002,-0.29,0
V0577,18,7,0.08390000000000002,-0.387,0
V0577,18,6,0.11300000000000002,-0.29,0
V0577,18,5,0.059600000000000014,-0.468,0
V0577,18,4,0.125,-0.25,0
V0577,18,3,0.10910000000000002,-0.303,0
V0577,18,2,0.04550000000000001,-0.515,0
V0577,18,1,0.04250000000000001,-0.525,0
V0577,18,0,0.035900000000000015,-0.547,0
V0577,19,7,0.11300000000000002,-0.29,0
V0577,19,6,0.059600000000000014,-0.468,0
V0577,19,5,0.125,-0.25,0
V0577,19,4,0.10910000000000002,-0.303,0
V0577,19,3,0.04550000000000001,-0.515,0
V0577,19,2,0.04250000000000001,-0.525,0
V0577,19,1,0.035900000000000015,-0.547,0
V0577,19,0,0.016400000000000026,-0.612,0
V0577,21,7,0.125,-0.25,0
V0577,21,6,0.10910000000000002,-0.303,0
V0577,21,5,0.04550000000000001,-0.515,0
V0577,21,4,0.04250000000000001,-0.525,0
V0577,21,3,0.035900000000000015,-0.547,0
V0577,21,2,0.016400000000000026,-0.612,0
V0577,21,1,0.02570000000000003,-0.581,0
V0577,21,0,0.08000000000000002,-0.4,0
V0578,15,7,0.2444,0.148,0
V0578,15,6,0.23720000000000002,0.124,0
V0578,15,5,0.2192,0.064,0
V0578,15,4,0.1958,-0.014,0
V0578,15,3,0.18050000000000002,-0.065,0
V0578,15,2,0.18380000000000002,-0.054,0
V0578,15,1,0.20090000000000002,0.003,0
V0578,15,0,0.188,-0.04,0
V0580,13,7,0.1709,-0.097,0
V0580,13,6,0.1637,-0.121,0
V0580,13,5,0.13520000000000001,-0.216,0
V0580,13,4,0.1784,-0.072,0
V0580,13,3,0.10460000000000001,-0.318,0
V0580,13,2,0.12890000000000001,-0.237,0
V0580,13,1,0.389,-0.37,1
V0580,13,0,0.3749,-0.417,1
V0580,21,7,0.08330000000000001,-0.389,0
V0580,21,6,0.08660000000000001,-0.378,0
V0580,21,5,0.0605,-0.465,0
V0580,21,4,0.025400000000000034,-0.582,0
V0580,21,3,0.09260000000000002,-0.358,0
V0580,21,2,0.10400000000000001,-0.32,0
V0580,21,1,0.08540000000000002,-0.382,0
V0580,21,0,0.01820000000000002,-0.606,0
V0580,23,7,0.0605,-0.465,0
V0580,23,6,0.025400000000000034,-0.582,0
V0580,23,5,0.09260000000000002,-0.358,0
V0580,23,4,0.10400000000000001,-0.32,0
V0580,23,3,0.08540000000000002,-0.382,0
V0580,23,2,0.01820000000000002,-0.606,0
V0580,23,1,0.0,-0.721,0
V0580,23,0,0.020300000000000012,-0.599,0
V0581,3,2,0.2141,0.047,0
V0581,3,1,0.2675,0.225,0
V0581,3,0,0.2489,0.163,0
V0581,15,7,0.2006,0.002,0
V0581,15,6,0.20120000000000002,0.004,0
V0581,15,5,0.2564,0.188,0
V0581,15,4,0.2159,0.053,0
V0581,15,3,0.24860000000000002,0.162,0
V0581,15,2,0.5297000000000001,0.099,1
V0581,15,1,0.2288,0.096,0
V0581,15,0,0.2411,0.137,0
V0582,9,7,0.17930000000000001,-0.069,0
V0582,9,6,0.16970000000000002,-0.101,0
V0582,9,5,0.1814,-0.062,0
V0582,9,4,0.13640000000000002,-0.212,0
V0582,9,3,0.12380000000000001,-0.254,0
V0582,9,2,0.1448,-0.184,0
V0582,9,1,0.20750000000000002,0.025,0
V0582,9,0,0.10790000000000001,-0.307,0
V0583,14,7,0.5108,0.036,1
V0583,14,6,0.1796,-0.068,0
V0583,14,5,0.1955,-0.015,0
V0583,14,4,0.18200000000000002,-0.06,0
V0583,14,3,0.1673,-0.109,0
V0583,14,2,0.1376,-0.208,0
V0583,14,1,0.11480000000000003,-0.284,0
V0583,14,0,0.06890000000000002,-0.437,0
V0583,17,7,0.18200000000000002,-0.06,0
V0583,17,6,0.1673,-0.109,0
V0583,17,5,0.1376,-0.208,0
V0583,17,4,0.11480000000000003,-0.284,0
V0583,17,3,0.06890000000000002,-0.437,0
V0583,17,2,0.12710000000000002,-0.243,0
V0583,17,1,0.13340000000000002,-0.222,0
V0583,17,0,0.04880000000000001,-0.504,0
V0583,19,7,0.1376,-0.208,0
V0583,19,6,0.11480000000000003,-0.284,0
V0583,19,5,0.06890000000000002,-0.437,0
V0583,19,4,0.12710000000000002,-0.243,0
V0583,19,3,0.13340000000000002,-0.222,0
V0583,19,2,0.04880000000000001,-0.504,0
V0583,19,1,0.065,-0.45,0
V0583,19,0,0.06860000000000002,-0.438,0
V0583,20,7,0.11480000000000003,-0.284,0
V0583,20,6,0.06890000000000002,-0.437,0
V0583,20,5,0.12710000000000002,-0.243,0
V0583,20,4,0.13340000000000002,-0.222,0
V0583,20,3,0.04880000000000001,-0.504,0
V0583,20,2,0.065,-0.45,0
V0583,20,1,0.06860000000000002,-0.438,0
V0583,20,0,0.0413,-0.529,0
V0583,21,7,0.06890000000000002,-0.437,0
V0583,21,6,0.12710000000000002,-0.243,0
V0583,21,5,0.13340000000000002,-0.222,0
V0583,21,4,0.04880000000000001,-0.504,0
V0583,21,3,0.065,-0.45,0
V0583,21,2,0.06860000000000002,-0.438,0
V0583,21,1,0.0413,-0.529,0
V0583,21,0,0.10160000000000001,-0.328,0
V0586,17,7,0.1178,-0.274,0
V0586,17,6,0.12890000000000001,-0.237,0
V0586,17,5,0.158,-0.14,0
V0586,17,4,0.14150000000000001,-0.195,0
V0586,17,3,0.05210000000000001,-0.493,0
V0586,17,2,0.07280000000000003,-0.424,0
V0586,17,1,0.08960000000000001,-0.368,0
V0586,17,0,0.05120000000000002,-0.496,0
V0587,17,7,0.16340000000000002,-0.122,0
V0587,17,6,0.14750000000000002,-0.175,0
V0587,17,5,0.10160000000000001,-0.328,0
V0587,17,4,0.11810000000000001,-0.273,0
V0587,17,3,0.1574,-0.142,0
V0587,17,2,0.4568,-0.144,1
V0587,17,1,0.08300000000000002,-0.39,0
V0587,17,0,0.137,-0.21,0
V0587,21,7,0.1574,-0.142,0
V0587,21,6,0.4568,-0.144,1
V0587,21,5,0.08300000000000002,-0.39,0
V0587,21,4,0.137,-0.21,0
V0587,21,3,0.022700000000000026,-0.591,0
V0587,21,2,0.10790000000000001,-0.307,0
V0587,21,1,0.03950000000000001,-0.535,0
V0587,21,0,0.032,-0.56,0
V0587,22,7,0.4568,-0.144,1
V0587,22,6,0.08300000000000002,-0.39,0
V0587,22,5,0.137,-0.21,0
V0587,22,4,0.022700000000000026,-0.591,0
V0587,22,3,0.10790000000000001,-0.307,0
V0587,22,2,0.03950000000000001,-0.535,0
V0587,22,1,0.032,-0.56,0
V0587,22,0,0.06290000000000001,-0.457,0
V0587,23,7,0.08300000000000002,-0.39,0
V0587,23,6,0.137,-0.21,0
V0587,23,5,0.022700000000000026,-0.591,0
V0587,23,4,0.10790000000000001,-0.307,0
V0587,23,3,0.03950000000000001,-0.535,0
V0587,23,2,0.032,-0.56,0
V0587,23,1,0.06290000000000001,-0.457,0
V0587,23,0,0.07610000000000003,-0.413,0
V0588,5,4,0.25970000000000004,0.199,0
V0588,5,3,0.2543,0.181,0
V0588,5,2,0.20450000000000002,0.015,0
V0588,5,1,0.5603,0.201,1
V0588,5,0,0.2021,0.007,0
V0588,10,7,0.20450000000000002,0.015,0
V0588,10,6,0.5603,0.201,1
V0588,10,5,0.2021,0.007,0
V0588,10,4,0.1592,-0.136,0
V0588,10,3,0.2051,0.017,0
V0588,10,2,0.15710000000000002,-0.143,0
V0588,10,1,0.16040000000000001,-0.132,0
V0588,10,0,0.22760000000000002,0.092,0
V0588,19,7,0.15500000000000003,-0.15,0
V0588,19,6,0.4193,-0.269,1
V0588,19,5,0.419,-0.27,1
V0588,19,4,0.11720000000000001,-0.276,0
V0588,19,3,0.1577,-0.141,0
V0588,19,2,0.10790000000000001,-0.307,0
V0588,19,1,0.08150000000000002,-0.395,0
V0588,19,0,0.06080000000000002,-0.464,0
V0588,21,7,0.419,-0.27,1
V0588,21,6,0.11720000000000001,-0.276,0
V0588,21,5,0.1577,-0.141,0
V0588,21,4,0.10790000000000001,-0.307,0
V0588,21,3,0.08150000000000002,-0.395,0
V0588,21,2,0.06080000000000002,-0.464,0
V0588,21,1,0.0806,-0.398,0
V0588,21,0,0.07370000000000002,-0.421,0
V0588,23,7,0.1577,-0.141,0
V0588,23,6,0.10790000000000001,-0.307,0
V0588,23,5,0.08150000000000002,-0.395,0
V0588,23,4,0.06080000000000002,-0.464,0
V0588,23,3,0.0806,-0.398,0
V0588,23,2,0.07370000000000002,-0.421,0
V0588,23,1,0.1295,-0.235,0
V0588,23,0,0.10130000000000002,-0.329,0
V0589,14,7,0.2159,0.053,0
V0589,14,6,0.21680000000000002,0.056,0
V0589,14,5,0.21050000000000002,0.035,0
V0589,14,4,0.1778,-0.074,0
V0589,14,3,0.2228,0.076,0
V0589,14,2,0.2354,0.118,0
V0589,14,1,0.2333,0.111,0
V0589,14,0,0.191,-0.03,0
V0590,21,7,0.1526,-0.158,0
V0590,21,6,0.18200000000000002,-0.06,0
V0590,21,5,0.1673,-0.109,0
V0590,21,4,0.1346,-0.218,0
V0590,21,3,0.15080000000000002,-0.164,0
V0590,21,2,0.13490000000000002,-0.217,0
V0590,21,1,0.1532,-0.156,0
V0590,21,0,0.1346,-0.218,0
V0594,16,7,0.18830000000000002,-0.039,0
V0594,16,6,0.1385,-0.205,0
V0594,16,5,0.16460000000000002,-0.118,0
V0594,16,4,0.12470000000000002,-0.251,0
V0594,16,3,0.02090000000000003,-0.597,0
V0594,16,2,0.09530000000000002,-0.349,0
V0594,16,1,0.07730000000000002,-0.409,0
V0594,16,0,0.05810000000000001,-0.473,0
V0594,19,7,0.12470000000000002,-0.251,0
V0594,19,6,0.02090000000000003,-0.597,0
V0594,19,5,0.09530000000000002,-0.349,0
V0594,19,4,0.07730000000000002,-0.409,0
V0594,19,3,0.05810000000000001,-0.473,0
V0594,19,2,0.07250000000000001,-0.425,0
V0594,19,1,0.05600000000000002,-0.48,0
V0594,19,0,0.06710000000000002,-0.443,0
V0594,20,7,0.02090000000000003,-0.597,0
V0594,20,6,0.09530000000000002,-0.349,0
V0594,20,5,0.07730000000000002,-0.409,0
V0594,20,4,0.05810000000000001,-0.473,0
V0594,20,3,0.07250000000000001,-0.425,0
V0594,20,2,0.05600000000000002,-0.48,0
V0594,20,1,0.06710000000000002,-0.443,0
V0594,20,0,0.020300000000000012,-0.599,0
V0594,21,7,0.09530000000000002,-0.349,0
V0594,21,6,0.07730000000000002,-0.409,0
V0594,21,5,0.05810000000000001,-0.473,0
V0594,21,4,0.07250000000000001,-0.425,0
V0594,21,3,0.05600000000000002,-0.48,0
V0594,21,2,0.06710000000000002,-0.443,0
V0594,21,1,0.020300000000000012,-0.599,0
V0594,21,0,0.0,-0.752,0
V0594,22,7,0.07730000000000002,-0.409,0
V0594,22,6,0.05810000000000001,-0.473,0
V0594,22,5,0.07250000000000001,-0.425,0
V0594,22,4,0.05600000000000002,-0.48,0
V0594,22,3,0.06710000000000002,-0.443,0
V0594,22,2,0.020300000000000012,-0.599,0
V0594,22,1,0.0,-0.752,0
V0594,22,0,0.03140000000000001,-0.562,0
V0594,23,7,0.05810000000000001,-0.473,0
V0594,23,6,0.07250000000000001,-0.425,0
V0594,23,5,0.05600000000000002,-0.48,0
V0594,23,4,0.06710000000000002,-0.443,0
V0594,23,3,0.020300000000000012,-0.599,0
V0594,23,2,0.0,-0.752,0
V0594,23,1,0.03140000000000001,-0.562,0
V0594,23,0,0.0,-0.719,0
V0596,9,7,0.07040000000000002,-0.432,0
V0596,9,6,0.1361,-0.213,0
V0596,9,5,0.4637,-0.121,1
V0596,9,4,0.10130000000000002,-0.329,0
V0596,9,3,0.1421,-0.193,0
V0596,9,2,0.15410000000000001,-0.153,0
V0596,9,1,0.1295,-0.235,0
V0596,9,0,0.1589,-0.137,0
V0596,17,7,0.116,-0.28,0
V0596,17,6,0.4214,-0.262,1
V0596,17,5,0.07430000000000003,-0.419,0
V0596,17,4,0.4571,-0.143,1
V0596,17,3,0.20570000000000002,0.019,0
V0596,17,2,0.05870000000000003,-0.471,0
V0596,17,1,0.1496,-0.168,0
V0596,17,0,0.11540000000000002,-0.282,0
V0596,19,7,0.07430000000000003,-0.419,0
V0596,19,6,0.4571,-0.143,1
V0596,19,5,0.20570000000000002,0.019,0
V0596,19,4,0.05870000000000003,-0.471,0
V0596,19,3,0.1496,-0.168,0
V0596,19,2,0.11540000000000002,-0.282,0
V0596,19,1,0.10010000000000001,-0.333,0
V0596,19,0,0.06140000000000001,-0.462,0
V0600,4,3,0.15380000000000002,-0.154,0
V0600,4,2,0.10610000000000001,-0.313,0
V0600,4,1,0.12290000000000001,-0.257,0
V0600,4,0,0.1208,-0.264,0
V0604,21,7,0.12110000000000001,-0.263,0
V0604,21,6,0.1481,-0.173,0
V0604,21,5,0.12710000000000002,-0.243,0
V0604,21,4,0.09080000000000002,-0.364,0
V0604,21,3,0.11900000000000001,-0.27,0
V0604,21,2,0.16460000000000002,-0.118,0
V0604,21,1,0.14780000000000001,-0.174,0
V0604,21,0,0.11480000000000003,-0.284,0
V0606,17,7,0.44179999999999997,-0.194,1
V0606,17,6,0.1391,-0.203,0
V0606,17,5,0.1685,-0.105,0
V0606,17,4,0.1826,-0.058,0
V0606,17,3,0.1331,-0.223,0
V0606,17,2,0.16640000000000002,-0.112,0
V0606,17,1,0.1865,-0.045,0
V0606,17,0,0.1502,-0.166,0
V0606,21,7,0.1331,-0.223,0
V0606,21,6,0.16640000000000002,-0.112,0
V0606,21,5,0.1865,-0.045,0
V0606,21,4,0.1502,-0.166,0
V0606,21,3,0.08780000000000002,-0.374,0
V0606,21,2,0.06890000000000002,-0.437,0
V0606,21,1,0.1499,-0.167,0
V0606,21,0,0.15500000000000003,-0.15,0
V0607,20,7,0.1928,-0.024,0
V0607,20,6,0.08360000000000001,-0.388,0
V0607,20,5,0.16460000000000002,-0.118,0
V0607,20,4,0.4277,-0.241,1
V0607,20,3,0.09650000000000002,-0.345,0
V0607,20,2,0.14690000000000003,-0.177,0
V0607,20,1,0.08030000000000001,-0.399,0
V0607,20,0,0.12350000000000001,-0.255,0
V0607,21,7,0.08360000000000001,-0.388,0
V0607,21,6,0.16460000000000002,-0.118,0
V0607,21,5,0.4277,-0.241,1
V0607,21,4,0.09650000000000002,-0.345,0
V0607,21,3,0.14690000000000003,-0.177,0
V0607,21,2,0.08030000000000001,-0.399,0
V0607,21,1,0.12350000000000001,-0.255,0
V0607,21,0,0.06560000000000002,-0.448,0
V0607,22,7,0.16460000000000002,-0.118,0
V0607,22,6,0.4277,-0.241,1
V0607,22,5,0.09650000000000002,-0.345,0
V0607,22,4,0.14690000000000003,-0.177,0
V0607,22,3,0.08030000000000001,-0.399,0
V0607,22,2,0.12350000000000001,-0.255,0
V0607,22,1,0.06560000000000002,-0.448,0
V0607,22,0,0.008600000000000024,-0.638,0
V0607,23,7,0.4277,-0.241,1
V0607,23,6,0.09650000000000002,-0.345,0
V0607,23,5,0.14690000000000003,-0.177,0
V0607,23,4,0.08030000000000001,-0.399,0
V0607,23,3,0.12350000000000001,-0.255,0
V0607,23,2,0.06560000000000002,-0.448,0
V0607,23,1,0.008600000000000024,-0.638,0
V0607,23,0,0.0,-0.7,0
V0609,22,7,0.10010000000000001,-0.333,0
V0609,22,6,0.1193,-0.269,0
V0609,22,5,0.12350000000000001,-0.255,0
V0609,22,4,0.11510000000000002,-0.283,0
V0609,22,3,0.16040000000000001,-0.132,0
V0609,22,2,0.1019,-0.327,0
V0609,22,1,0.101,-0.33,0
V0609,22,0,0.10850000000000001,-0.305,0
V0610,11,7,0.23420000000000002,0.114,0
V0610,11,6,0.18560000000000001,-0.048,0
V0610,11,5,0.2213,0.071,0
V0610,11,4,0.167,-0.11,0
V0610,11,3,0.19790000000000002,-0.007,0
V0610,11,2,0.20570000000000002,0.019,0
V0610,11,1,0.2306,0.102,0
V0610,11,0,0.2399,0.133,0
V0610,16,7,0.20570000000000002,0.019,0
V0610,16,6,0.2306,0.102,0
V0610,16,5,0.2399,0.133,0
V0610,16,4,0.494,-0.02,1
V0610,16,3,0.2204,0.068,0
V0610,16,2,0.1625,-0.125,0
V0610,16,1,0.134,-0.22,0
V0610,16,0,0.1781,-0.073,0
V0610,18,7,0.2399,0.133,0
V0610,18,6,0.494,-0.02,1
V0610,18,5,0.2204,0.068,0
V0610,18,4,0.1625,-0.125,0
V0610,18,3,0.134,-0.22,0
V0610,18,2,0.1781,-0.073,0
V0610,18,1,0.08930000000000002,-0.369,0
V0610,18,0,0.08450000000000002,-0.385,0
V0610,23,7,0.1781,-0.073,0
V0610,23,6,0.08930000000000002,-0.369,0
V0610,23,5,0.08450000000000002,-0.385,0
V0610,23,4,0.11480000000000003,-0.284,0
V0610,23,3,0.08690000000000002,-0.377,0
V0610,23,2,0.4289,-0.237,1
V0610,23,1,0.12860000000000002,-0.238,0
V0610,23,0,0.1421,-0.193,0
V0611,19,7,0.2711,0.237,0
V0611,19,6,0.19160000000000002,-0.028,0
V0611,19,5,0.20720000000000002,0.024,0
V0611,19,4,0.22190000000000001,0.073,0
V0611,19,3,0.21710000000000002,0.057,0
V0611,19,2,0.1724,-0.092,0
V0611,19,1,0.5081,0.027,1
V0611,19,0,0.1724,-0.092,0
V0612,8,7,0.1751,-0.083,0
V0612,8,6,0.15200000000000002,-0.16,0
V0612,8,5,0.15650000000000003,-0.145,0
V0612,8,4,0.1904,-0.032,0
V0612,8,3,0.13040000000000002,-0.232,0
V0612,8,2,0.13580000000000003,-0.214,0
V0612,8,1,0.13940000000000002,-0.202,0
V0612,8,0,0.12470000000000002,-0.251,0
V0617,20,7,0.1544,-0.152,0
V0617,20,6,0.1724,-0.092,0
V0617,20,5,0.1976,-0.008,0
V0617,20,4,0.128,-0.24,0
V0617,20,3,0.21500000000000002,0.05,0
V0617,20,2,0.14390000000000003,-0.187,0
V0617,20,1,0.46699999999999997,-0.11,1
V0617,20,0,0.1355,-0.215,0
V0617,22,7,0.1976,-0.008,0
V0617,22,6,0.128,-0.24,0
V0617,22,5,0.21500000000000002,0.05,0
V0617,22,4,0.14390000000000003,-0.187,0
V0617,22,3,0.46699999999999997,-0.11,1
V0617,22,2,0.1355,-0.215,0
V0617,22,1,0.12770000000000004,-0.241,0
V0617,22,0,0.14150000000000001,-0.195,0
V0618,22,7,0.22640000000000002,0.088,0
V0618,22,6,0.1406,-0.198,0
V0618,22,5,0.2324,0.108,0
V0618,22,4,0.2144,0.048,0
V0618,22,3,0.2117,0.039,0
V0618,22,2,0.2771,0.257,0
V0618,22,1,0.233,0.11,0
V0618,22,0,0.2252,0.084,0
V0623,14,7,0.11570000000000001,-0.281,0
V0623,14,6,0.4484,-0.172,1
V0623,14,5,0.06830000000000003,-0.439,0
V0623,14,4,0.07400000000000001,-0.42,0
V0623,14,3,0.1316,-0.228,0
V0623,14,2,0.09230000000000002,-0.359,0
V0623,14,1,0.05150000000000002,-0.495,0
V0623,14,0,0.019100000000000034,-0.603,0
V0623,16,7,0.06830000000000003,-0.439,0
V0623,16,6,0.07400000000000001,-0.42,0
V0623,16,5,0.1316,-0.228,0
V0623,16,4,0.09230000000000002,-0.359,0
V0623,16,3,0.05150000000000002,-0.495,0
V0623,16,2,0.019100000000000034,-0.603,0
V0623,16,1,0.31579999999999997,-0.614,1
V0623,16,0,0.07640000000000002,-0.412,0
V0625,4,3,0.2147,0.049,0
V0625,4,2,0.22940000000000002,0.098,0
V0625,4,1,0.17600000000000002,-0.08,0
V0625,4,0,0.18560000000000001,-0.048,0
V0626,13,7,0.233,0.11,0
V0626,13,6,0.1703,-0.099,0
V0626,13,5,0.2624,0.208,0
V0626,13,4,0.21830000000000002,0.061,0
V0626,13,3,0.1613,-0.129,0
V0626,13,2,0.20570000000000002,0.019,0
V0626,13,1,0.1376,-0.208,0
V0626,13,0,0.2414,0.138,0
V0626,20,7,0.2414,0.138,0
V0626,20,6,0.2093,0.031,0
V0626,20,5,0.4769,-0.077,1
V0626,20,4,0.12560000000000002,-0.248,0
V0626,20,3,0.14090000000000003,-0.197,0
V0626,20,2,0.4541,-0.153,1
V0626,20,1,0.1451,-0.183,0
V0626,20,0,0.18200000000000002,-0.06,0
V0631,13,7,0.2258,0.086,0
V0631,13,6,0.22010000000000002,0.067,0
V0631,13,5,0.2522,0.174,0
V0631,13,4,0.21050000000000002,0.035,0
V0631,13,3,0.17420000000000002,-0.086,0
V0631,13,2,0.5015000000000001,0.005,1
V0631,13,1,0.22010000000000002,0.067,0
V0631,13,0,0.1598,-0.134,0
V0631,14,7,0.22010000000000002,0.067,0
V0631,14,6,0.2522,0.174,0
V0631,14,5,0.21050000000000002,0.035,0
V0631,14,4,0.17420000000000002,-0.086,0
V0631,14,3,0.5015000000000001,0.005,1
V0631,14,2,0.22010000000000002,0.067,0
V0631,14,1,0.1598,-0.134,0
V0631,14,0,0.4355,-0.215,1
V0631,17,7,0.17420000000000002,-0.086,0
V0631,17,6,0.5015000000000001,0.005,1
V0631,17,5,0.22010000000000002,0.067,0
V0631,17,4,0.1598,-0.134,0
V0631,17,3,0.4355,-0.215,1
V0631,17,2,0.11900000000000001,-0.27,0
V0631,17,1,0.18980000000000002,-0.034,0
V0631,17,0,0.1223,-0.259,0
V0634,20,7,0.1544,-0.152,0
V0634,20,6,0.14,-0.2,0
V0634,20,5,0.20090000000000002,0.003,0
V0634,20,4,0.1802,-0.066,0
V0634,20,3,0.14090000000000003,-0.197,0
V0634,20,2,0.1316,-0.228,0
V0634,20,1,0.5354,0.118,1
V0634,20,0,0.1826,-0.058,0
V0636,16,7,0.1301,-0.233,0
V0636,16,6,0.11720000000000001,-0.276,0
V0636,16,5,0.1673,-0.109,0
V0636,16,4,0.19130000000000003,-0.029,0
V0636,16,3,0.134,-0.22,0
V0636,16,2,0.15380000000000002,-0.154,0
V0636,16,1,0.4871,-0.043,1
V0636,16,0,0.19940000000000002,-0.002,0
V0637,12,7,0.1325,-0.225,0
V0637,12,6,0.4175,-0.275,1
V0637,12,5,0.15860000000000002,-0.138,0
V0637,12,4,0.17750000000000002,-0.075,0
V0637,12,3,0.2021,0.007,0
V0637,12,2,0.1265,-0.245,0
V0637,12,1,0.1295,-0.235,0
V0637,12,0,0.1316,-0.228,0
V0637,17,7,0.1265,-0.245,0
V0637,17,6,0.1295,-0.235,0
V0637,17,5,0.1316,-0.228,0
V0637,17,4,0.0782,-0.406,0
V0637,17,3,0.08540000000000002,-0.382,0
V0637,17,2,0.1778,-0.074,0
V0637,17,1,0.161,-0.13,0
V0637,17,0,0.1814,-0.062,0
V0638,13,7,0.1418,-0.194,0
V0638,13,6,0.16460000000000002,-0.118,0
V0638,13,5,0.14570000000000002,-0.181,0
V0638,13,4,0.13280000000000003,-0.224,0
V0638,13,3,0.16340000000000002,-0.122,0
V0638,13,2,0.14240000000000003,-0.192,0
V0638,13,1,0.15530000000000002,-0.149,0
V0638,13,0,0.224,0.08,0
V0639,17,7,0.13190000000000002,-0.227,0
V0639,17,6,0.1301,-0.233,0
V0639,17,5,0.12170000000000002,-0.261,0
V0639,17,4,0.0806,-0.398,0
V0639,17,3,0.09050000000000001,-0.365,0
V0639,17,2,0.1643,-0.119,0
V0639,17,1,0.3728,-0.424,1
V0639,17,0,0.4253,-0.249,1
V0639,20,7,0.0806,-0.398,0
V0639,20,6,0.09050000000000001,-0.365,0
V0639,20,5,0.1643,-0.119,0
V0639,20,4,0.3728,-0.424,1
V0639,20,3,0.4253,-0.249,1
V0639,20,2,0.4379,-0.207,1
V0639,20,1,0.12140000000000001,-0.262,0
V0639,20,0,0.07430000000000003,-0.419,0
V0640,12,7,0.25730000000000003,0.191,0
V0640,12,6,0.2192,0.064,0
V0640,12,5,0.2492,0.164,0
V0640,12,4,0.24170000000000003,0.139,0
V0640,12,3,0.2579,0.193,0
V0640,12,2,0.2306,0.102,0
V0640,12,1,0.20900000000000002,0.03,0
V0640,12,0,0.14690000000000003,-0.177,0
V0640,20,7,0.1598,-0.134,0
V0640,20,6,0.16490000000000002,-0.117,0
V0640,20,5,0.16970000000000002,-0.101,0
V0640,20,4,0.18860000000000002,-0.038,0
V0640,20,3,0.12830000000000003,-0.239,0
V0640,20,2,0.14540000000000003,-0.182,0
V0640,20,1,0.4508,-0.164,1
V0640,20,0,0.1955,-0.015,0
V0640,21,7,0.16490000000000002,-0.117,0
V0640,21,6,0.16970000000000002,-0.101,0
V0640,21,5,0.18860000000000002,-0.038,0
V0640,21,4,0.12830000000000003,-0.239,0
V0640,21,3,0.14540000000000003,-0.182,0
V0640,21,2,0.4508,-0.164,1
V0640,21,1,0.1955,-0.015,0
V0640,21,0,0.1628,-0.124,0
V0641,15,7,0.2756,0.252,0
V0641,15,6,0.2804,0.268,0
V0641,15,5,0.2762,0.254,0
V0641,15,4,0.2111,0.037,0
V0641,15,3,0.22940000000000002,0.098,0
V0641,15,2,0.13880000000000003,-0.204,0
V0641,15,1,0.1721,-0.093,0
V0641,15,0,0.11510000000000002,-0.283,0
V0641,16,7,0.2804,0.268,0
V0641,16,6,0.2762,0.254,0
V0641,16,5,0.2111,0.037,0
V0641,16,4,0.22940000000000002,0.098,0
V0641,16,3,0.13880000000000003,-0.204,0
V0641,16,2,0.1721,-0.093,0
V0641,16,1,0.11510000000000002,-0.283,0
V0641,16,0,0.06620000000000001,-0.446,0
V0641,17,7,0.2762,0.254,0
V0641,17,6,0.2111,0.037,0
V0641,17,5,0.22940000000000002,0.098,0
V0641,17,4,0.13880000000000003,-0.204,0
V0641,17,3,0.1721,-0.093,0
V0641,17,2,0.11510000000000002,-0.283,0
V0641,17,1,0.06620000000000001,-0.446,0
V0641,17,0,0.08540000000000002,-0.382,0
V0641,18,7,0.2111,0.037,0
V0641,18,6,0.22940000000000002,0.098,0
V0641,18,5,0.13880000000000003,-0.204,0
V0641,18,4,0.1721,-0.093,0
V0641,18,3,0.11510000000000002,-0.283,0
V0641,18,2,0.06620000000000001,-0.446,0
V0641,18,1,0.08540000000000002,-0.382,0
V0641,18,0,0.10880000000000002,-0.304,0
V0641,19,7,0.22940000000000002,0.098,0
V0641,19,6,0.13880000000000003,-0.204,0
V0641,19,5,0.1721,-0.093,0
V0641,19,4,0.11510000000000002,-0.283,0
V0641,19,3,0.06620000000000001,-0.446,0
V0641,19,2,0.08540000000000002,-0.382,0
V0641,19,1,0.10880000000000002,-0.304,0
V0641,19,0,0.116,-0.28,0
V0641,21,7,0.1721,-0.093,0
V0641,21,6,0.11510000000000002,-0.283,0
V0641,21,5,0.06620000000000001,-0.446,0
V0641,21,4,0.08540000000000002,-0.382,0
V0641,21,3,0.10880000000000002,-0.304,0
V0641,21,2,0.116,-0.28,0
V0641,21,1,0.15080000000000002,-0.164,0
V0641,21,0,0.09410000000000002,-0.353,0
V0641,22,7,0.11510000000000002,-0.283,0
V0641,22,6,0.06620000000000001,-0.446,0
V0641,22,5,0.08540000000000002,-0.382,0
V0641,22,4,0.10880000000000002,-0.304,0
V0641,22,3,0.116,-0.28,0
V0641,22,2,0.15080000000000002,-0.164,0
V0641,22,1,0.09410000000000002,-0.353,0
V0641,22,0,0.10760000000000002,-0.308,0
V0641,23,7,0.06620000000000001,-0.446,0
V0641,23,6,0.08540000000000002,-0.382,0
V0641,23,5,0.10880000000000002,-0.304,0
V0641,23,4,0.116,-0.28,0
V0641,23,3,0.15080000000000002,-0.164,0
V0641,23,2,0.09410000000000002,-0.353,0
V0641,23,1,0.10760000000000002,-0.308,0
V0641,23,0,0.3755,-0.415,1
V0643,14,7,0.1724,-0.092,0
V0643,14,6,0.1322,-0.226,0
V0643,14,5,0.1625,-0.125,0
V0643,14,4,0.1547,-0.151,0
V0643,14,3,0.1169,-0.277,0
V0643,14,2,0.08840000000000002,-0.372,0
V0643,14,1,0.08150000000000002,-0.395,0
V0643,14,0,0.11360000000000002,-0.288,0
V0643,15,7,0.1322,-0.226,0
V0643,15,6,0.1625,-0.125,0
V0643,15,5,0.1547,-0.151,0
V0643,15,4,0.1169,-0.277,0
V0643,15,3,0.08840000000000002,-0.372,0
V0643,15,2,0.08150000000000002,-0.395,0
V0643,15,1,0.11360000000000002,-0.288,0
V0643,15,0,0.0635,-0.455,0
V0643,19,7,0.08840000000000002,-0.372,0
V0643,19,6,0.08150000000000002,-0.395,0
V0643,19,5,0.11360000000000002,-0.288,0
V0643,19,4,0.0635,-0.455,0
V0643,19,3,0.05360000000000001,-0.488,0
V0643,19,2,0.07370000000000002,-0.421,0
V0643,19,1,0.05240000000000003,-0.492,0
V0643,19,0,0.08300000000000002,-0.39,0
V0644,19,7,0.1958,-0.014,0
V0644,19,6,0.1325,-0.225,0
V0644,19,5,0.17300000000000001,-0.09,0
V0644,19,4,0.1673,-0.109,0
V0644,19,3,0.17750000000000002,-0.075,0
V0644,19,2,0.20720000000000002,0.024,0
V0644,19,1,0.12260000000000001,-0.258,0
V0644,19,0,0.4397,-0.201,1
V0644,21,7,0.17300000000000001,-0.09,0
V0644,21,6,0.1673,-0.109,0
V0644,21,5,0.17750000000000002,-0.075,0
V0644,21,4,0.20720000000000002,0.024,0
V0644,21,3,0.12260000000000001,-0.258,0
V0644,21,2,0.4397,-0.201,1
V0644,21,1,0.11750000000000001,-0.275,0
V0644,21,0,0.1592,-0.136,0
V0648,10,7,0.0971,-0.343,0
V0648,10,6,0.1622,-0.126,0
V0648,10,5,0.15500000000000003,-0.15,0
V0648,10,4,0.1514,-0.162,0
V0648,10,3,0.16610000000000003,-0.113,0
V0648,10,2,0.09590000000000003,-0.347,0
V0648,10,1,0.1391,-0.203,0
V0648,10,0,0.09560000000000002,-0.348,0
V0648,11,7,0.1622,-0.126,0
V0648,11,6,0.15500000000000003,-0.15,0
V0648,11,5,0.1514,-0.162,0
V0648,11,4,0.16610000000000003,-0.113,0
V0648,11,3,0.09590000000000003,-0.347,0
V0648,11,2,0.1391,-0.203,0
V0648,11,1,0.09560000000000002,-0.348,0
V0648,11,0,0.14390000000000003,-0.187,0
V0648,18,7,0.14390000000000003,-0.187,0
V0648,18,6,0.125,-0.25,0
V0648,18,5,0.09020000000000002,-0.366,0
V0648,18,4,0.13040000000000002,-0.232,0
V0648,18,3,0.10460000000000001,-0.318,0
V0648,18,2,0.07040000000000002,-0.432,0
V0648,18,1,0.08510000000000001,-0.383,0
V0648,18,0,0.05660000000000001,-0.478,0
V0648,20,7,0.09020000000000002,-0.366,0
V0648,20,6,0.13040000000000002,-0.232,0
V0648,20,5,0.10460000000000001,-0.318,0
V0648,20,4,0.07040000000000002,-0.432,0
V0648,20,3,0.08510000000000001,-0.383,0
V0648,20,2,0.05660000000000001,-0.478,0
V0648,20,1,0.11510000000000002,-0.283,0
V0648,20,0,0.08450000000000002,-0.385,0
V0648,22,7,0.10460000000000001,-0.318,0
V0648,22,6,0.07040000000000002,-0.432,0
V0648,22,5,0.08510000000000001,-0.383,0
V0648,22,4,0.05660000000000001,-0.478,0
V0648,22,3,0.11510000000000002,-0.283,0
V0648,22,2,0.08450000000000002,-0.385,0
V0648,22,1,0.04490000000000002,-0.517,0
V0648,22,0,0.11720000000000001,-0.276,0
V0649,18,7,0.18860000000000002,-0.038,0
V0649,18,6,0.233,0.11,0
V0649,18,5,0.2456,0.152,0
V0649,18,4,0.1955,-0.015,0
V0649,18,3,0.5081,0.027,1
V0649,18,2,0.16910000000000003,-0.103,0
V0649,18,1,0.15500000000000003,-0.15,0
V0649,18,0,0.1517,-0.161,0
V0649,21,7,0.1955,-0.015,0
V0649,21,6,0.5081,0.027,1
V0649,21,5,0.16910000000000003,-0.103,0
V0649,21,4,0.15500000000000003,-0.15,0
V0649,21,3,0.1517,-0.161,0
V0649,21,2,0.1577,-0.141,0
V0649,21,1,0.1517,-0.161,0
V0649,21,0,0.21500000000000002,0.05,0
V0649,22,7,0.5081,0.027,1
V0649,22,6,0.16910000000000003,-0.103,0
V0649,22,5,0.15500000000000003,-0.15,0
V0649,22,4,0.1517,-0.161,0
V0649,22,3,0.1577,-0.141,0
V0649,22,2,0.1517,-0.161,0
V0649,22,1,0.21500000000000002,0.05,0
V0649,22,0,0.13880000000000003,-0.204,0
V0649,23,7,0.16910000000000003,-0.103,0
V0649,23,6,0.15500000000000003,-0.15,0
V0649,23,5,0.1517,-0.161,0
V0649,23,4,0.1577,-0.141,0
V0649,23,3,0.1517,-0.161,0
V0649,23,2,0.21500000000000002,0.05,0
V0649,23,1,0.13880000000000003,-0.204,0
V0649,23,0,0.4445,-0.185,1
V0651,23,7,0.2162,0.054,0
V0651,23,6,0.16760000000000003,-0.108,0
V0651,23,5,0.15500000000000003,-0.15,0
V0651,23,4,0.4691,-0.103,1
V0651,23,3,0.21500000000000002,0.05,0
V0651,23,2,0.21980000000000002,0.066,0
V0651,23,1,0.19610000000000002,-0.013,0
V0651,23,0,0.2162,0.054,0
V0652,16,7,0.0791,-0.403,0
V0652,16,6,0.032299999999999995,-0.559,0
V0652,16,5,0.11480000000000003,-0.284,0
V0652,16,4,0.068,-0.44,0
V0652,16,3,0.17720000000000002,-0.076,0
V0652,16,2,0.11150000000000002,-0.295,0
V0652,16,1,0.11330000000000003,-0.289,0
V0652,16,0,0.12170000000000002,-0.261,0
V0653,8,7,0.07760000000000003,-0.408,0
V0653,8,6,0.4355,-0.215,1
V0653,8,5,0.08120000000000001,-0.396,0
V0653,8,4,0.3875,-0.375,1
V0653,8,3,0.10130000000000002,-0.329,0
V0653,8,2,0.06410000000000002,-0.453,0
V0653,8,1,0.13640000000000002,-0.212,0
V0653,8,0,0.02300000000000002,-0.59,0
V0653,16,7,0.09770000000000001,-0.341,0
V0653,16,6,0.09140000000000002,-0.362,0
V0653,16,5,0.054800000000000015,-0.484,0
V0653,16,4,0.08510000000000001,-0.383,0
V0653,16,3,0.0,-0.687,0
V0653,16,2,0.34040000000000004,-0.532,1
V0653,16,1,0.0383,-0.539,0
V0653,16,0,0.06680000000000003,-0.444,0
V0653,17,7,0.09140000000000002,-0.362,0
V0653,17,6,0.054800000000000015,-0.484,0
V0653,17,5,0.08510000000000001,-0.383,0
V0653,17,4,0.0,-0.687,0
V0653,17,3,0.34040000000000004,-0.532,1
V0653,17,2,0.0383,-0.539,0
V0653,17,1,0.06680000000000003,-0.444,0
V0653,17,0,0.0,-0.716,0
V0653,19,7,0.08510000000000001,-0.383,0
V0653,19,6,0.0,-0.687,0
V0653,19,5,0.34040000000000004,-0.532,1
V0653,19,4,0.0383,-0.539,0
V0653,19,3,0.06680000000000003,-0.444,0
V0653,19,2,0.0,-0.716,0
V0653,19,1,0.052700000000000025,-0.491,0
V0653,19,0,0.2897,-0.701,1
V0653,23,7,0.06680000000000003,-0.444,0
V0653,23,6,0.0,-0.716,0
V0653,23,5,0.052700000000000025,-0.491,0
V0653,23,4,0.2897,-0.701,1
V0653,23,3,0.0368,-0.544,0
V0653,23,2,0.2666,-0.778,1
V0653,23,1,0.020000000000000018,-0.6,0
V0653,23,0,0.019100000000000034,-0.603,0
V0655,8,7,0.19490000000000002,-0.017,0
V0655,8,6,0.12470000000000002,-0.251,0
V0655,8,5,0.2006,0.002,0
V0655,8,4,0.12770000000000004,-0.241,0
V0655,8,3,0.49460000000000004,-0.018,1
V0655,8,2,0.16340000000000002,-0.122,0
V0655,8,1,0.1622,-0.126,0
V0655,8,0,0.1331,-0.223,0
V0655,12,7,0.49460000000000004,-0.018,1
V0655,12,6,0.16340000000000002,-0.122,0
V0655,12,5,0.1622,-0.126,0
V0655,12,4,0.1331,-0.223,0
V0655,12,3,0.1361,-0.213,0
V0655,12,2,0.473,-0.09,1
V0655,12,1,0.1223,-0.259,0
V0655,12,0,0.16340000000000002,-0.122,0
V0655,13,7,0.16340000000000002,-0.122,0
V0655,13,6,0.1622,-0.126,0
V0655,13,5,0.1331,-0.223,0
V0655,13,4,0.1361,-0.213,0
V0655,13,3,0.473,-0.09,1
V0655,13,2,0.1223,-0.259,0
V0655,13,1,0.16340000000000002,-0.122,0
V0655,13,0,0.10460000000000001,-0.318,0
V0655,16,7,0.1361,-0.213,0
V0655,16,6,0.473,-0.09,1
V0655,16,5,0.1223,-0.259,0
V0655,16,4,0.16340000000000002,-0.122,0
V0655,16,3,0.10460000000000001,-0.318,0
V0655,16,2,0.1325,-0.225,0
V0655,16,1,0.07400000000000001,-0.42,0
V0655,16,0,0.036500000000000005,-0.545,0
V0655,19,7,0.16340000000000002,-0.122,0
V0655,19,6,0.10460000000000001,-0.318,0
V0655,19,5,0.1325,-0.225,0
V0655,19,4,0.07400000000000001,-0.42,0
V0655,19,3,0.036500000000000005,-0.545,0
V0655,19,2,0.0806,-0.398,0
V0655,19,1,0.13640000000000002,-0.212,0
V0655,19,0,0.068,-0.44,0
V0657,11,7,0.2288,0.096,0
V0657,11,6,0.1817,-0.061,0
V0657,11,5,0.2864,0.288,0
V0657,11,4,0.2348,0.116,0
V0657,11,3,0.20900000000000002,0.03,0
V0657,11,2,0.26480000000000004,0.216,0
V0657,11,1,0.5102,0.034,1
V0657,11,0,0.2396,0.132,0
V0657,16,7,0.26480000000000004,0.216,0
V0657,16,6,0.5102,0.034,1
V0657,16,5,0.2396,0.132,0
V0657,16,4,0.15650000000000003,-0.145,0
V0657,16,3,0.1511,-0.163,0
V0657,16,2,0.21050000000000002,0.035,0
V0657,16,1,0.17870000000000003,-0.071,0
V0657,16,0,0.19490000000000002,-0.017,0
V0657,18,7,0.2396,0.132,0
V0657,18,6,0.15650000000000003,-0.145,0
V0657,18,5,0.1511,-0.163,0
V0657,18,4,0.21050000000000002,0.035,0
V0657,18,3,0.17870000000000003,-0.071,0
V0657,18,2,0.19490000000000002,-0.017,0
V0657,18,1,0.15050000000000002,-0.165,0
V0657,18,0,0.12920000000000004,-0.236,0
V0657,21,7,0.21050000000000002,0.035,0
V0657,21,6,0.17870000000000003,-0.071,0
V0657,21,5,0.19490000000000002,-0.017,0
V0657,21,4,0.15050000000000002,-0.165,0
V0657,21,3,0.12920000000000004,-0.236,0
V0657,21,2,0.17570000000000002,-0.081,0
V0657,21,1,0.14,-0.2,0
V0657,21,0,0.14540000000000003,-0.182,0
V0657,22,7,0.17870000000000003,-0.071,0
V0657,22,6,0.19490000000000002,-0.017,0
V0657,22,5,0.15050000000000002,-0.165,0
V0657,22,4,0.12920000000000004,-0.236,0
V0657,22,3,0.17570000000000002,-0.081,0
V0657,22,2,0.14,-0.2,0
V0657,22,1,0.14540000000000003,-0.182,0
V0657,22,0,0.14600000000000002,-0.18,0
V0657,23,7,0.19490000000000002,-0.017,0
V0657,23,6,0.15050000000000002,-0.165,0
V0657,23,5,0.12920000000000004,-0.236,0
V0657,23,4,0.17570000000000002,-0.081,0
V0657,23,3,0.14,-0.2,0
V0657,23,2,0.14540000000000003,-0.182,0
V0657,23,1,0.14600000000000002,-0.18,0
V0657,23,0,0.11390000000000002,-0.287,0
V0658,14,7,0.1436,-0.188,0
V0658,14,6,0.3647,-0.451,1
V0658,14,5,0.06830000000000003,-0.439,0
V0658,14,4,0.09020000000000002,-0.366,0
V0658,14,3,0.1598,-0.134,0
V0658,14,2,0.4085,-0.305,1
V0658,14,1,0.12530000000000002,-0.249,0
V0658,14,0,0.137,-0.21,0
V0659,3,2,0.191,-0.03,0
V0659,3,1,0.2159,0.053,0
V0659,3,0,0.2285,0.095,0
V0661,23,7,0.1163,-0.279,0
V0661,23,6,0.1514,-0.162,0
V0661,23,5,0.10460000000000001,-0.318,0
V0661,23,4,0.12380000000000001,-0.254,0
V0661,23,3,0.1655,-0.115,0
V0661,23,2,0.14690000000000003,-0.177,0
V0661,23,1,0.12140000000000001,-0.262,0
V0661,23,0,0.18530000000000002,-0.049,0
V0662,22,7,0.17300000000000001,-0.09,0
V0662,22,6,0.20270000000000002,0.009,0
V0662,22,5,0.2243,0.081,0
V0662,22,4,0.1301,-0.233,0
V0662,22,3,0.1433,-0.189,0
V0662,22,2,0.2093,0.031,0
V0662,22,1,0.1169,-0.277,0
V0662,22,0,0.18860000000000002,-0.038,0
V0664,20,7,0.218,0.06,0
V0664,20,6,0.5509999999999999,0.17,1
V0664,20,5,0.13190000000000002,-0.227,0
V0664,20,4,0.1754,-0.082,0
V0664,20,3,0.4994,-0.002,1
V0664,20,2,0.21530000000000002,0.051,0
V0664,20,1,0.1655,-0.115,0
V0664,20,0,0.12680000000000002,-0.244,0
V0664,23,7,0.1754,-0.082,0
V0664,23,6,0.4994,-0.002,1
V0664,23,5,0.21530000000000002,0.051,0
V0664,23,4,0.1655,-0.115,0
V0664,23,3,0.12680000000000002,-0.244,0
V0664,23,2,0.24680000000000002,0.156,0
V0664,23,1,0.16970000000000002,-0.101,0
V0664,23,0,0.1958,-0.014,0
V0665,17,7,0.17450000000000002,-0.085,0
V0665,17,6,0.1622,-0.126,0
V0665,17,5,0.11000000000000001,-0.3,0
V0665,17,4,0.12380000000000001,-0.254,0
V0665,17,3,0.128,-0.24,0
V0665,17,2,0.1544,-0.152,0
V0665,17,1,0.1958,-0.014,0
V0665,17,0,0.3503,-0.499,1
V0665,20,7,0.12380000000000001,-0.254,0
V0665,20,6,0.128,-0.24,0
V0665,20,5,0.1544,-0.152,0
V0665,20,4,0.1958,-0.014,0
V0665,20,3,0.3503,-0.499,1
V0665,20,2,0.15380000000000002,-0.154,0
V0665,20,1,0.4091,-0.303,1
V0665,20,0,0.07790000000000002,-0.407,0
V0665,21,7,0.128,-0.24,0
V0665,21,6,0.1544,-0.152,0
V0665,21,5,0.1958,-0.014,0
V0665,21,4,0.3503,-0.499,1
V0665,21,3,0.15380000000000002,-0.154,0
V0665,21,2,0.4091,-0.303,1
V0665,21,1,0.07790000000000002,-0.407,0
V0665,21,0,0.0,-0.78,0
V0665,22,7,0.1544,-0.152,0
V0665,22,6,0.1958,-0.014,0
V0665,22,5,0.3503,-0.499,1
V0665,22,4,0.15380000000000002,-0.154,0
V0665,22,3,0.4091,-0.303,1
V0665,22,2,0.07790000000000002,-0.407,0
V0665,22,1,0.0,-0.78,0
V0665,22,0,0.06680000000000003,-0.444,0
V0665,23,7,0.1958,-0.014,0
V0665,23,6,0.3503,-0.499,1
V0665,23,5,0.15380000000000002,-0.154,0
V0665,23,4,0.4091,-0.303,1
V0665,23,3,0.07790000000000002,-0.407,0
V0665,23,2,0.0,-0.78,0
V0665,23,1,0.06680000000000003,-0.444,0
V0665,23,0,0.02510000000000004,-0.583,0
V0667,2,1,0.2081,0.027,0
V0667,2,0,0.275,0.25,0
V0668,1,0,0.19610000000000002,-0.013,0
V0668,12,7,0.2192,0.064,0
V0668,12,6,0.10490000000000001,-0.317,0
V0668,12,5,0.1751,-0.083,0
V0668,12,4,0.1952,-0.016,0
V0668,12,3,0.128,-0.24,0
V0668,12,2,0.1511,-0.163,0
V0668,12,1,0.08660000000000001,-0.378,0
V0668,12,0,0.12620000000000003,-0.246,0
V0668,13,7,0.10490000000000001,-0.317,0
V0668,13,6,0.1751,-0.083,0
V0668,13,5,0.1952,-0.016,0
V0668,13,4,0.128,-0.24,0
V0668,13,3,0.1511,-0.163,0
V0668,13,2,0.08660000000000001,-0.378,0
V0668,13,1,0.12620000000000003,-0.246,0
V0668,13,0,0.1178,-0.274,0
V0668,18,7,0.08660000000000001,-0.378,0
V0668,18,6,0.12620000000000003,-0.246,0
V0668,18,5,0.1178,-0.274,0
V0668,18,4,0.1865,-0.045,0
V0668,18,3,0.13670000000000002,-0.211,0
V0668,18,2,0.029900000000000038,-0.567,0
V0668,18,1,0.3671,-0.443,1
V0668,18,0,0.08780000000000002,-0.374,0
V0668,21,7,0.1865,-0.045,0
V0668,21,6,0.13670000000000002,-0.211,0
V0668,21,5,0.029900000000000038,-0.567,0
V0668,21,4,0.3671,-0.443,1
V0668,21,3,0.08780000000000002,-0.374,0
V0668,21,2,0.1418,-0.194,0
V0668,21,1,0.05540000000000003,-0.482,0
V0668,21,0,0.4304,-0.232,1
V0668,22,7,0.13670000000000002,-0.211,0
V0668,22,6,0.029900000000000038,-0.567,0
V0668,22,5,0.3671,-0.443,1
V0668,22,4,0.08780000000000002,-0.374,0
V0668,22,3,0.1418,-0.194,0
V0668,22,2,0.05540000000000003,-0.482,0
V0668,22,1,0.4304,-0.232,1
V0668,22,0,0.09500000000000001,-0.35,0
V0670,15,7,0.1733,-0.089,0
V0670,15,6,0.1829,-0.057,0
V0670,15,5,0.2726,0.242,0
V0670,15,4,0.2039,0.013,0
V0670,15,3,0.1754,-0.082,0
V0670,15,2,0.22760000000000002,0.092,0
V0670,15,1,0.1673,-0.109,0
V0670,15,0,0.2129,0.043,0
V0670,22,7,0.2129,0.043,0
V0670,22,6,0.1337,-0.221,0
V0670,22,5,0.12380000000000001,-0.254,0
V0670,22,4,0.1259,-0.247,0
V0670,22,3,0.09140000000000002,-0.362,0
V0670,22,2,0.12620000000000003,-0.246,0
V0670,22,1,0.1577,-0.141,0
V0670,22,0,0.11090000000000001,-0.297,0
V0673,23,7,0.22010000000000002,0.067,0
V0673,23,6,0.15860000000000002,-0.138,0
V0673,23,5,0.1421,-0.193,0
V0673,23,4,0.16190000000000002,-0.127,0
V0673,23,3,0.161,-0.13,0
V0673,23,2,0.09770000000000001,-0.341,0
V0673,23,1,0.4424,-0.192,1
V0673,23,0,0.11090000000000001,-0.297,0
V0674,15,7,0.08150000000000002,-0.395,0
V0674,15,6,0.3509,-0.497,1
V0674,15,5,0.03620000000000001,-0.546,0
V0674,15,4,0.08420000000000001,-0.386,0
V0674,15,3,0.07160000000000002,-0.428,0
V0674,15,2,0.0665,-0.445,0
V0674,15,1,0.11360000000000002,-0.288,0
V0674,15,0,0.09590000000000003,-0.347,0
V0674,18,7,0.08420000000000001,-0.386,0
V0674,18,6,0.07160000000000002,-0.428,0
V0674,18,5,0.0665,-0.445,0
V0674,18,4,0.11360000000000002,-0.288,0
V0674,18,3,0.09590000000000003,-0.347,0
V0674,18,2,0.08330000000000001,-0.389,0
V0674,18,1,0.10010000000000001,-0.333,0
V0674,18,0,0.0635,-0.455,0
V0676,8,7,0.281,0.27,0
V0676,8,6,0.24860000000000002,0.162,0
V0676,8,5,0.2018,0.006,0
V0676,8,4,0.5546,0.182,1
V0676,8,3,0.5840000000000001,0.28,1
V0676,8,2,0.2333,0.111,0
V0676,8,1,0.6107,0.369,1
V0676,8,0,0.2546,0.182,0
V0677,11,7,0.18080000000000002,-0.064,0
V0677,11,6,0.1502,-0.166,0
V0677,11,5,0.17600000000000002,-0.08,0
V0677,11,4,0.14090000000000003,-0.197,0
V0677,11,3,0.1613,-0.129,0
V0677,11,2,0.12260000000000001,-0.258,0
V0677,11,1,0.14720000000000003,-0.176,0
V0677,11,0,0.11540000000000002,-0.282,0
V0677,15,7,0.1613,-0.129,0
V0677,15,6,0.12260000000000001,-0.258,0
V0677,15,5,0.14720000000000003,-0.176,0
V0677,15,4,0.11540000000000002,-0.282,0
V0677,15,3,0.09980000000000001,-0.334,0
V0677,15,2,0.1703,-0.099,0
V0677,15,1,0.116,-0.28,0
V0677,15,0,0.1307,-0.231,0
V0677,18,7,0.11540000000000002,-0.282,0
V0677,18,6,0.09980000000000001,-0.334,0
V0677,18,5,0.1703,-0.099,0
V0677,18,4,0.116,-0.28,0
V0677,18,3,0.1307,-0.231,0
V0677,18,2,0.11720000000000001,-0.276,0
V0677,18,1,0.0050000000000000044,-0.65,0
V0677,18,0,0.07310000000000003,-0.423,0
V0677,19,7,0.09980000000000001,-0.334,0
V0677,19,6,0.1703,-0.099,0
V0677,19,5,0.116,-0.28,0
V0677,19,4,0.1307,-0.231,0
V0677,19,3,0.11720000000000001,-0.276,0
V0677,19,2,0.0050000000000000044,-0.65,0
V0677,19,1,0.07310000000000003,-0.423,0
V0677,19,0,0.0,-0.708,0
V0677,20,7,0.1703,-0.099,0
V0677,20,6,0.116,-0.28,0
V0677,20,5,0.1307,-0.231,0
V0677,20,4,0.11720000000000001,-0.276,0
V0677,20,3,0.0050000000000000044,-0.65,0
V0677,20,2,0.07310000000000003,-0.423,0
V0677,20,1,0.0,-0.708,0
V0677,20,0,0.007700000000000012,-0.641,0
V0677,21,7,0.116,-0.28,0
V0677,21,6,0.1307,-0.231,0
V0677,21,5,0.11720000000000001,-0.276,0
V0677,21,4,0.0050000000000000044,-0.65,0
V0677,21,3,0.07310000000000003,-0.423,0
V0677,21,2,0.0,-0.708,0
V0677,21,1,0.007700000000000012,-0.641,0
V0677,21,0,0.01460000000000003,-0.618,0
V0677,22,7,0.1307,-0.231,0
V0677,22,6,0.11720000000000001,-0.276,0
V0677,22,5,0.0050000000000000044,-0.65,0
V0677,22,4,0.07310000000000003,-0.423,0
V0677,22,3,0.0,-0.708,0
V0677,22,2,0.007700000000000012,-0.641,0
V0677,22,1,0.01460000000000003,-0.618,0
V0677,22,0,0.021200000000000024,-0.596,0
V0678,10,7,0.1736,-0.088,0
V0678,10,6,0.17750000000000002,-0.075,0
V0678,10,5,0.2018,0.006,0
V0678,10,4,0.5108,0.036,1
V0678,10,3,0.2222,0.074,0
V0678,10,2,0.19460000000000002,-0.018,0
V0678,10,1,0.191,-0.03,0
V0678,10,0,0.131,-0.23,0
V0678,11,7,0.17750000000000002,-0.075,0
V0678,11,6,0.2018,0.006,0
V0678,11,5,0.5108,0.036,1
V0678,11,4,0.2222,0.074,0
V0678,11,3,0.19460000000000002,-0.018,0
V0678,11,2,0.191,-0.03,0
V0678,11,1,0.131,-0.23,0
V0678,11,0,0.19940000000000002,-0.002,0
V0679,5,4,0.10910000000000002,-0.303,0
V0679,5,3,0.10130000000000002,-0.329,0
V0679,5,2,0.18830000000000002,-0.039,0
V0679,5,1,0.15080000000000002,-0.164,0
V0679,5,0,0.12710000000000002,-0.243,0
V0679,12,7,0.12710000000000002,-0.243,0
V0679,12,6,0.09560000000000002,-0.348,0
V0679,12,5,0.16790000000000002,-0.107,0
V0679,12,4,0.09140000000000002,-0.362,0
V0679,12,3,0.4049,-0.317,1
V0679,12,2,0.44,-0.2,1
V0679,12,1,0.08390000000000002,-0.387,0
V0679,12,0,0.07880000000000001,-0.404,0
V0679,14,7,0.16790000000000002,-0.107,0
V0679,14,6,0.09140000000000002,-0.362,0
V0679,14,5,0.4049,-0.317,1
V0679,14,4,0.44,-0.2,1
V0679,14,3,0.08390000000000002,-0.387,0
V0679,14,2,0.07880000000000001,-0.404,0
V0679,14,1,0.06620000000000001,-0.446,0
V0679,14,0,0.3329,-0.557,1
V0679,21,7,0.3329,-0.557,1
V0679,21,6,0.09770000000000001,-0.341,0
V0679,21,5,0.059000000000000025,-0.47,0
V0679,21,4,0.06140000000000001,-0.462,0
V0679,21,3,0.04100000000000001,-0.53,0
V0679,21,2,0.07880000000000001,-0.404,0
V0679,21,1,0.06380000000000002,-0.454,0
V0679,21,0,0.013100000000000028,-0.623,0
V0682,14,7,0.2456,0.152,0
V0682,14,6,0.48050000000000004,-0.065,1
V0682,14,5,0.2591,0.197,0
V0682,14,4,0.23120000000000002,0.104,0
V0682,14,3,0.23600000000000002,0.12,0
V0682,14,2,0.5549,0.183,1
V0682,14,1,0.2954,0.318,0
V0682,14,0,0.22760000000000002,0.092,0
V0684,18,7,0.1991,-0.003,0
V0684,18,6,0.46340000000000003,-0.122,1
V0684,18,5,0.1622,-0.126,0
V0684,18,4,0.12320000000000002,-0.256,0
V0684,18,3,0.1559,-0.147,0
V0684,18,2,0.1829,-0.057,0
V0684,18,1,0.1589,-0.137,0
V0684,18,0,0.1433,-0.189,0
V0684,21,7,0.12320000000000002,-0.256,0
V0684,21,6,0.1559,-0.147,0
V0684,21,5,0.1829,-0.057,0
V0684,21,4,0.1589,-0.137,0
V0684,21,3,0.1433,-0.189,0
V0684,21,2,0.1346,-0.218,0
V0684,21,1,0.10550000000000001,-0.315,0
V0684,21,0,0.065,-0.45,0
V0684,22,7,0.1559,-0.147,0
V0684,22,6,0.1829,-0.057,0
V0684,22,5,0.1589,-0.137,0
V0684,22,4,0.1433,-0.189,0
V0684,22,3,0.1346,-0.218,0
V0684,22,2,0.10550000000000001,-0.315,0
V0684,22,1,0.065,-0.45,0
V0684,22,0,0.18680000000000002,-0.044,0
V0686,4,3,0.13730000000000003,-0.209,0
V0686,4,2,0.11750000000000001,-0.275,0
V0686,4,1,0.07310000000000003,-0.423,0
V0686,4,0,0.1514,-0.162,0
V0686,22,7,0.1739,-0.087,0
V0686,22,6,0.17900000000000002,-0.07,0
V0686,22,5,0.18530000000000002,-0.049,0
V0686,22,4,0.15530000000000002,-0.149,0
V0686,22,3,0.19940000000000002,-0.002,0
V0686,22,2,0.13490000000000002,-0.217,0
V0686,22,1,0.19490000000000002,-0.017,0
V0686,22,0,0.1223,-0.259,0
V0687,8,7,0.11750000000000001,-0.275,0
V0687,8,6,0.16670000000000001,-0.111,0
V0687,8,5,0.43220000000000003,-0.226,1
V0687,8,4,0.34309999999999996,-0.523,1
V0687,8,3,0.10670000000000002,-0.311,0
V0687,8,2,0.20420000000000002,0.014,0
V0687,8,1,0.08360000000000001,-0.388,0
V0687,8,0,0.4448,-0.184,1
V0688,12,7,0.09860000000000001,-0.338,0
V0688,12,6,0.10730000000000002,-0.309,0
V0688,12,5,0.11900000000000001,-0.27,0
V0688,12,4,0.05180000000000001,-0.494,0
V0688,12,3,0.0635,-0.455,0
V0688,12,2,0.05750000000000002,-0.475,0
V0688,12,1,0.044300000000000006,-0.519,0
V0688,12,0,0.06560000000000002,-0.448,0
V0688,21,7,0.3287,-0.571,1
V0688,21,6,0.3353,-0.549,1
V0688,21,5,0.04820000000000002,-0.506,0
V0688,21,4,0.06260000000000002,-0.458,0
V0688,21,3,0.3749,-0.417,1
V0688,21,2,0.04490000000000002,-0.517,0
V0688,21,1,0.09560000000000002,-0.348,0
V0688,21,0,0.0338,-0.554,0
V0689,5,4,0.2339,0.113,0
V0689,5,3,0.2495,0.165,0
V0689,5,2,0.2078,0.026,0
V0689,5,1,0.5132,0.044,1
V0689,5,0,0.2066,0.022,0
V0690,8,7,0.1316,-0.228,0
V0690,8,6,0.16490000000000002,-0.117,0
V0690,8,5,0.15350000000000003,-0.155,0
V0690,8,4,0.09830000000000001,-0.339,0
V0690,8,3,0.11180000000000002,-0.294,0
V0690,8,2,0.13490000000000002,-0.217,0
V0690,8,1,0.455,-0.15,1
V0690,8,0,0.1904,-0.032,0
V0692,5,4,0.1754,-0.082,0
V0692,5,3,0.18380000000000002,-0.054,0
V0692,5,2,0.1826,-0.058,0
V0692,5,1,0.2174,0.058,0
V0692,5,0,0.20450000000000002,0.015,0
V0692,10,7,0.1826,-0.058,0
V0692,10,6,0.2174,0.058,0
V0692,10,5,0.20450000000000002,0.015,0
V0692,10,4,0.21860000000000002,0.062,0
V0692,10,3,0.1673,-0.109,0
V0692,10,2,0.18080000000000002,-0.064,0
V0692,10,1,0.2132,0.044,0
V0692,10,0,0.18830000000000002,-0.039,0
V0692,15,7,0.18080000000000002,-0.064,0
V0692,15,6,0.2132,0.044,0
V0692,15,5,0.18830000000000002,-0.039,0
V0692,15,4,0.1766,-0.078,0
V0692,15,3,0.1019,-0.327,0
V0692,15,2,0.4838,-0.054,1
V0692,15,1,0.1703,-0.099,0
V0692,15,0,0.1307,-0.231,0
V0693,7,6,0.1592,-0.136,0
V0693,7,5,0.4505,-0.165,1
V0693,7,4,0.14150000000000001,-0.195,0
V0693,7,3,0.1559,-0.147,0
V0693,7,2,0.21860000000000002,0.062,0
V0693,7,1,0.17,-0.1,0
V0693,7,0,0.1628,-0.124,0
V0693,9,7,0.4505,-0.165,1
V0693,9,6,0.14150000000000001,-0.195,0
V0693,9,5,0.1559,-0.147,0
V0693,9,4,0.21860000000000002,0.062,0
V0693,9,3,0.17,-0.1,0
V0693,9,2,0.1628,-0.124,0
V0693,9,1,0.15680000000000002,-0.144,0
V0693,9,0,0.08120000000000001,-0.396,0
V0693,19,7,0.137,-0.21,0
V0693,19,6,0.10070000000000001,-0.331,0
V0693,19,5,0.02810000000000004,-0.573,0
V0693,19,4,0.06920000000000001,-0.436,0
V0693,19,3,0.07250000000000001,-0.425,0
V0693,19,2,0.0,-0.705,0
V0693,19,1,0.0,-0.75,0
V0693,19,0,0.05570000000000003,-0.481,0
V0693,22,7,0.06920000000000001,-0.436,0
V0693,22,6,0.07250000000000001,-0.425,0
V0693,22,5,0.0,-0.705,0
V0693,22,4,0.0,-0.75,0
V0693,22,3,0.05570000000000003,-0.481,0
V0693,22,2,0.021200000000000024,-0.596,0
V0693,22,1,0.07070000000000001,-0.431,0
V0693,22,0,0.05180000000000001,-0.494,0
V0694,1,0,0.07790000000000002,-0.407,0
V0694,13,7,0.11900000000000001,-0.27,0
V0694,13,6,0.4238,-0.254,1
V0694,13,5,0.13340000000000002,-0.222,0
V0694,13,4,0.07400000000000001,-0.42,0
V0694,13,3,0.11750000000000001,-0.275,0
V0694,13,2,0.4022,-0.326,1
V0694,13,1,0.4421,-0.193,1
V0694,13,0,0.1739,-0.087,0
V0699,10,7,0.2144,0.048,0
V0699,10,6,0.1526,-0.158,0
V0699,10,5,0.1781,-0.073,0
V0699,10,4,0.1673,-0.109,0
V0699,10,3,0.16610000000000003,-0.113,0
V0699,10,2,0.1685,-0.105,0
V0699,10,1,0.3989,-0.337,1
V0699,10,0,0.1511,-0.163,0
V0700,3,2,0.15680000000000002,-0.144,0
V0700,3,1,0.1703,-0.099,0
V0700,3,0,0.14390000000000003,-0.187,0
V0700,4,3,0.15680000000000002,-0.144,0
V0700,4,2,0.1703,-0.099,0
V0700,4,1,0.14390000000000003,-0.187,0
V0700,4,0,0.1421,-0.193,0
V0702,6,5,0.16040000000000001,-0.132,0
V0702,6,4,0.1829,-0.057,0
V0702,6,3,0.164,-0.12,0
V0702,6,2,0.11570000000000001,-0.281,0
V0702,6,1,0.1724,-0.092,0
V0702,6,0,0.1316,-0.228,0
V0702,13,7,0.1316,-0.228,0
V0702,13,6,0.10010000000000001,-0.333,0
V0702,13,5,0.1307,-0.231,0
V0702,13,4,0.125,-0.25,0
V0702,13,3,0.08990000000000002,-0.367,0
V0702,13,2,0.4133,-0.289,1
V0702,13,1,0.06980000000000003,-0.434,0
V0702,13,0,0.3326,-0.558,1
V0702,15,7,0.1307,-0.231,0
V0702,15,6,0.125,-0.25,0
V0702,15,5,0.08990000000000002,-0.367,0
V0702,15,4,0.4133,-0.289,1
V0702,15,3,0.06980000000000003,-0.434,0
V0702,15,2,0.3326,-0.558,1
V0702,15,1,0.11300000000000002,-0.29,0
V0702,15,0,0.06530000000000002,-0.449,0
V0702,19,7,0.06980000000000003,-0.434,0
V0702,19,6,0.3326,-0.558,1
V0702,19,5,0.11300000000000002,-0.29,0
V0702,19,4,0.06530000000000002,-0.449,0
V0702,19,3,0.024500000000000022,-0.585,0
V0702,19,2,0.35750000000000004,-0.475,1
V0702,19,1,0.0368,-0.544,0
V0702,19,0,0.0,-0.708,0
V0702,20,7,0.3326,-0.558,1
V0702,20,6,0.11300000000000002,-0.29,0
V0702,20,5,0.06530000000000002,-0.449,0
V0702,20,4,0.024500000000000022,-0.585,0
V0702,20,3,0.35750000000000004,-0.475,1
V0702,20,2,0.0368,-0.544,0
V0702,20,1,0.0,-0.708,0
V0702,20,0,0.04820000000000002,-0.506,0
V0703,9,7,0.12410000000000002,-0.253,0
V0703,9,6,0.09620000000000002,-0.346,0
V0703,9,5,0.09050000000000001,-0.365,0
V0703,9,4,0.13340000000000002,-0.222,0
V0703,9,3,0.09650000000000002,-0.345,0
V0703,9,2,0.1178,-0.274,0
V0703,9,1,0.16310000000000002,-0.123,0
V0703,9,0,0.08660000000000001,-0.378,0
V0703,14,7,0.1178,-0.274,0
V0703,14,6,0.16310000000000002,-0.123,0
V0703,14,5,0.08660000000000001,-0.378,0
V0703,14,4,0.1526,-0.158,0
V0703,14,3,0.10820000000000002,-0.306,0
V0703,14,2,0.14600000000000002,-0.18,0
V0703,14,1,0.11030000000000002,-0.299,0
V0703,14,0,0.05570000000000003,-0.481,0
V0703,15,7,0.16310000000000002,-0.123,0
V0703,15,6,0.08660000000000001,-0.378,0
V0703,15,5,0.1526,-0.158,0
V0703,15,4,0.10820000000000002,-0.306,0
V0703,15,3,0.14600000000000002,-0.18,0
V0703,15,2,0.11030000000000002,-0.299,0
V0703,15,1,0.05570000000000003,-0.481,0
V0703,15,0,0.07850000000000001,-0.405,0
V0703,16,7,0.08660000000000001,-0.378,0
V0703,16,6,0.1526,-0.158,0
V0703,16,5,0.10820000000000002,-0.306,0
V0703,16,4,0.14600000000000002,-0.18,0
V0703,16,3,0.11030000000000002,-0.299,0
V0703,16,2,0.05570000000000003,-0.481,0
V0703,16,1,0.07850000000000001,-0.405,0
V0703,16,0,0.013700000000000018,-0.621,0
V0703,17,7,0.1526,-0.158,0
V0703,17,6,0.10820000000000002,-0.306,0
V0703,17,5,0.14600000000000002,-0.18,0
V0703,17,4,0.11030000000000002,-0.299,0
V0703,17,3,0.05570000000000003,-0.481,0
V0703,17,2,0.07850000000000001,-0.405,0
V0703,17,1,0.013700000000000018,-0.621,0
V0703,17,0,0.005600000000000022,-0.648,0
V0703,18,7,0.10820000000000002,-0.306,0
V0703,18,6,0.14600000000000002,-0.18,0
V0703,18,5,0.11030000000000002,-0.299,0
V0703,18,4,0.05570000000000003,-0.481,0
V0703,18,3,0.07850000000000001,-0.405,0
V0703,18,2,0.013700000000000018,-0.621,0
V0703,18,1,0.005600000000000022,-0.648,0
V0703,18,0,0.01940000000000003,-0.602,0
V0703,20,7,0.11030000000000002,-0.299,0
V0703,20,6,0.05570000000000003,-0.481,0
V0703,20,5,0.07850000000000001,-0.405,0
V0703,20,4,0.013700000000000018,-0.621,0
V0703,20,3,0.005600000000000022,-0.648,0
V0703,20,2,0.01940000000000003,-0.602,0
V0703,20,1,0.021200000000000024,-0.596,0
V0703,20,0,0.04490000000000002,-0.517,0
V0703,21,7,0.05570000000000003,-0.481,0
V0703,21,6,0.07850000000000001,-0.405,0
V0703,21,5,0.013700000000000018,-0.621,0
V0703,21,4,0.005600000000000022,-0.648,0
V0703,21,3,0.01940000000000003,-0.602,0
V0703,21,2,0.021200000000000024,-0.596,0
V0703,21,1,0.04490000000000002,-0.517,0
V0703,21,0,0.046400000000000025,-0.512,0
V0705,19,7,0.11000000000000001,-0.3,0
V0705,19,6,0.14,-0.2,0
V0705,19,5,0.1403,-0.199,0
V0705,19,4,0.068,-0.44,0
V0705,19,3,0.09560000000000002,-0.348,0
V0705,19,2,0.09350000000000001,-0.355,0
V0705,19,1,0.03920000000000001,-0.536,0
V0705,19,0,0.07010000000000002,-0.433,0
V0708,8,7,0.1688,-0.104,0
V0708,8,6,0.14300000000000002,-0.19,0
V0708,8,5,0.17,-0.1,0
V0708,8,4,0.09980000000000001,-0.334,0
V0708,8,3,0.13730000000000003,-0.209,0
V0708,8,2,0.191,-0.03,0
V0708,8,1,0.1835,-0.055,0
V0708,8,0,0.1514,-0.162,0
V0708,16,7,0.1514,-0.162,0
V0708,16,6,0.1637,-0.121,0
V0708,16,5,0.1448,-0.184,0
V0708,16,4,0.14900000000000002,-0.17,0
V0708,16,3,0.167,-0.11,0
V0708,16,2,0.13820000000000002,-0.206,0
V0708,16,1,0.17750000000000002,-0.075,0
V0708,16,0,0.12170000000000002,-0.261,0
V0710,5,4,0.2336,0.112,0
V0710,5,3,0.2561,0.187,0
V0710,5,2,0.2552,0.184,0
V0710,5,1,0.22910000000000003,0.097,0
V0710,5,0,0.2,0.0,0
V0713,6,5,0.14840000000000003,-0.172,0
V0713,6,4,0.14690000000000003,-0.177,0
V0713,6,3,0.10160000000000001,-0.328,0
V0713,6,2,0.12620000000000003,-0.246,0
V0713,6,1,0.4388,-0.204,1
V0713,6,0,0.14090000000000003,-0.197,0
V0713,8,7,0.14840000000000003,-0.172,0
V0713,8,6,0.14690000000000003,-0.177,0
V0713,8,5,0.10160000000000001,-0.328,0
V0713,8,4,0.12620000000000003,-0.246,0
V0713,8,3,0.4388,-0.204,1
V0713,8,2,0.14090000000000003,-0.197,0
V0713,8,1,0.10700000000000001,-0.31,0
V0713,8,0,0.09380000000000002,-0.354,0
V0715,14,7,0.15230000000000002,-0.159,0
V0715,14,6,0.07580000000000002,-0.414,0
V0715,14,5,0.047900000000000026,-0.507,0
V0715,14,4,0.047900000000000026,-0.507,0
V0715,14,3,0.137,-0.21,0
V0715,14,2,0.10730000000000002,-0.309,0
V0715,14,1,0.0461,-0.513,0
V0715,14,0,0.35240000000000005,-0.492,1
V0715,16,7,0.047900000000000026,-0.507,0
V0715,16,6,0.047900000000000026,-0.507,0
V0715,16,5,0.137,-0.21,0
V0715,16,4,0.10730000000000002,-0.309,0
V0715,16,3,0.0461,-0.513,0
V0715,16,2,0.35240000000000005,-0.492,1
V0715,16,1,0.042200000000000015,-0.526,0
V0715,16,0,0.05180000000000001,-0.494,0
V0715,19,7,0.10730000000000002,-0.309,0
V0715,19,6,0.0461,-0.513,0
V0715,19,5,0.35240000000000005,-0.492,1
V0715,19,4,0.042200000000000015,-0.526,0
V0715,19,3,0.05180000000000001,-0.494,0
V0715,19,2,0.08330000000000001,-0.389,0
V0715,19,1,0.10610000000000001,-0.313,0
V0715,19,0,0.08930000000000002,-0.369,0
V0715,21,7,0.35240000000000005,-0.492,1
V0715,21,6,0.042200000000000015,-0.526,0
V0715,21,5,0.05180000000000001,-0.494,0
V0715,21,4,0.08330000000000001,-0.389,0
V0715,21,3,0.10610000000000001,-0.313,0
V0715,21,2,0.08930000000000002,-0.369,0
V0715,21,1,0.08480000000000001,-0.384,0
V0715,21,0,0.0,-0.74,0
V0715,22,7,0.042200000000000015,-0.526,0
V0715,22,6,0.05180000000000001,-0.494,0
V0715,22,5,0.08330000000000001,-0.389,0
V0715,22,4,0.10610000000000001,-0.313,0
V0715,22,3,0.08930000000000002,-0.369,0
V0715,22,2,0.08480000000000001,-0.384,0
V0715,22,1,0.0,-0.74,0
V0715,22,0,0.0,-0.67,0
V0716,11,7,0.14690000000000003,-0.177,0
V0716,11,6,0.16010000000000002,-0.133,0
V0716,11,5,0.20120000000000002,0.004,0
V0716,11,4,0.12260000000000001,-0.258,0
V0716,11,3,0.11150000000000002,-0.295,0
V0716,11,2,0.16190000000000002,-0.127,0
V0716,11,1,0.188,-0.04,0
V0716,11,0,0.10250000000000001,-0.325,0
V0716,12,7,0.16010000000000002,-0.133,0
V0716,12,6,0.20120000000000002,0.004,0
V0716,12,5,0.12260000000000001,-0.258,0
V0716,12,4,0.11150000000000002,-0.295,0
V0716,12,3,0.16190000000000002,-0.127,0
V0716,12,2,0.188,-0.04,0
V0716,12,1,0.10250000000000001,-0.325,0
V0716,12,0,0.08600000000000002,-0.38,0
V0716,13,7,0.20120000000000002,0.004,0
V0716,13,6,0.12260000000000001,-0.258,0
V0716,13,5,0.11150000000000002,-0.295,0
V0716,13,4,0.16190000000000002,-0.127,0
V0716,13,3,0.188,-0.04,0
V0716,13,2,0.10250000000000001,-0.325,0
V0716,13,1,0.08600000000000002,-0.38,0
V0716,13,0,0.061100000000000015,-0.463,0
V0716,16,7,0.16190000000000002,-0.127,0
V0716,16,6,0.188,-0.04,0
V0716,16,5,0.10250000000000001,-0.325,0
V0716,16,4,0.08600000000000002,-0.38,0
V0716,16,3,0.061100000000000015,-0.463,0
V0716,16,2,0.05450000000000002,-0.485,0
V0716,16,1,0.09290000000000002,-0.357,0
V0716,16,0,0.02150000000000002,-0.595,0
V0716,17,7,0.188,-0.04,0
V0716,17,6,0.10250000000000001,-0.325,0
V0716,17,5,0.08600000000000002,-0.38,0
V0716,17,4,0.061100000000000015,-0.463,0
V0716,17,3,0.05450000000000002,-0.485,0
V0716,17,2,0.09290000000000002,-0.357,0
V0716,17,1,0.02150000000000002,-0.595,0
V0716,17,0,0.07700000000000003,-0.41,0
V0716,20,7,0.061100000000000015,-0.463,0
V0716,20,6,0.05450000000000002,-0.485,0
V0716,20,5,0.09290000000000002,-0.357,0
V0716,20,4,0.02150000000000002,-0.595,0
V0716,20,3,0.07700000000000003,-0.41,0
V0716,20,2,0.024200000000000027,-0.586,0
V0716,20,1,0.01100000000000001,-0.63,0
V0716,20,0,0.01730000000000001,-0.609,0
V0717,16,7,0.1532,-0.156,0
V0717,16,6,0.14690000000000003,-0.177,0
V0717,16,5,0.12350000000000001,-0.255,0
V0717,16,4,0.1511,-0.163,0
V0717,16,3,0.16040000000000001,-0.132,0
V0717,16,2,0.137,-0.21,0
V0717,16,1,0.4349,-0.217,1
V0717,16,0,0.1406,-0.198,0
V0720,11,7,0.2741,0.247,0
V0720,11,6,0.21980000000000002,0.066,0
V0720,11,5,0.19490000000000002,-0.017,0
V0720,11,4,0.15500000000000003,-0.15,0
V0720,11,3,0.49160000000000004,-0.028,1
V0720,11,2,0.2063,0.021,0
V0720,11,1,0.22310000000000002,0.077,0
V0720,11,0,0.2054,0.018,0
V0720,15,7,0.49160000000000004,-0.028,1
V0720,15,6,0.2063,0.021,0
V0720,15,5,0.22310000000000002,0.077,0
V0720,15,4,0.2054,0.018,0
V0720,15,3,0.12020000000000002,-0.266,0
V0720,15,2,0.161,-0.13,0
V0720,15,1,0.15050000000000002,-0.165,0
V0720,15,0,0.17600000000000002,-0.08,0
V0720,17,7,0.22310000000000002,0.077,0
V0720,17,6,0.2054,0.018,0
V0720,17,5,0.12020000000000002,-0.266,0
V0720,17,4,0.161,-0.13,0
V0720,17,3,0.15050000000000002,-0.165,0
V0720,17,2,0.17600000000000002,-0.08,0
V0720,17,1,0.1589,-0.137,0
V0720,17,0,0.4451,-0.183,1
V0720,20,7,0.161,-0.13,0
V0720,20,6,0.15050000000000002,-0.165,0
V0720,20,5,0.17600000000000002,-0.08,0
V0720,20,4,0.1589,-0.137,0
V0720,20,3,0.4451,-0.183,1
V0720,20,2,0.14690000000000003,-0.177,0
V0720,20,1,0.125,-0.25,0
V0720,20,0,0.004400000000000015,-0.652,0
V0720,22,7,0.17600000000000002,-0.08,0
V0720,22,6,0.1589,-0.137,0
V0720,22,5,0.4451,-0.183,1
V0720,22,4,0.14690000000000003,-0.177,0
V0720,22,3,0.125,-0.25,0
V0720,22,2,0.004400000000000015,-0.652,0
V0720,22,1,0.09200000000000001,-0.36,0
V0720,22,0,0.3962,-0.346,1
V0722,15,7,0.1952,-0.016,0
V0722,15,6,0.1835,-0.055,0
V0722,15,5,0.2207,0.069,0
V0722,15,4,0.17450000000000002,-0.085,0
V0722,15,3,0.2396,0.132,0
V0722,15,2,0.2495,0.165,0
V0722,15,1,0.2351,0.117,0
V0722,15,0,0.17930000000000001,-0.069,0
V0723,10,7,0.17600000000000002,-0.08,0
V0723,10,6,0.1466,-0.178,0
V0723,10,5,0.1592,-0.136,0
V0723,10,4,0.2147,0.049,0
V0723,10,3,0.14,-0.2,0
V0723,10,2,0.13640000000000002,-0.212,0
V0723,10,1,0.11660000000000001,-0.278,0
V0723,10,0,0.14240000000000003,-0.192,0
V0723,17,7,0.14240000000000003,-0.192,0
V0723,17,6,0.1451,-0.183,0
V0723,17,5,0.2309,0.103,0
V0723,17,4,0.16670000000000001,-0.111,0
V0723,17,3,0.16760000000000003,-0.108,0
V0723,17,2,0.17570000000000002,-0.081,0
V0723,17,1,0.10940000000000001,-0.302,0
V0723,17,0,0.0791,-0.403,0
V0725,9,7,0.1937,-0.021,0
V0725,9,6,0.10010000000000001,-0.333,0
V0725,9,5,0.10220000000000001,-0.326,0
V0725,9,4,0.10460000000000001,-0.318,0
V0725,9,3,0.09050000000000001,-0.365,0
V0725,9,2,0.1715,-0.095,0
V0725,9,1,0.11720000000000001,-0.276,0
V0725,9,0,0.12770000000000004,-0.241,0
V0725,10,7,0.10010000000000001,-0.333,0
V0725,10,6,0.10220000000000001,-0.326,0
V0725,10,5,0.10460000000000001,-0.318,0
V0725,10,4,0.09050000000000001,-0.365,0
V0725,10,3,0.1715,-0.095,0
V0725,10,2,0.11720000000000001,-0.276,0
V0725,10,1,0.12770000000000004,-0.241,0
V0725,10,0,0.1526,-0.158,0
V0726,16,7,0.12410000000000002,-0.253,0
V0726,16,6,0.49219999999999997,-0.026,1
V0726,16,5,0.11540000000000002,-0.282,0
V0726,16,4,0.4073,-0.309,1
V0726,16,3,0.08390000000000002,-0.387,0
V0726,16,2,0.11420000000000002,-0.286,0
V0726,16,1,0.1004,-0.332,0
V0726,16,0,0.06830000000000003,-0.439,0
V0726,22,7,0.1004,-0.332,0
V0726,22,6,0.06830000000000003,-0.439,0
V0726,22,5,0.0791,-0.403,0
V0726,22,4,0.1385,-0.205,0
V0726,22,3,0.08870000000000001,-0.371,0
V0726,22,2,0.08480000000000001,-0.384,0
V0726,22,1,0.08510000000000001,-0.383,0
V0726,22,0,0.4145,-0.285,1
V0727,18,7,0.09170000000000002,-0.361,0
V0727,18,6,0.1622,-0.126,0
V0727,18,5,0.15500000000000003,-0.15,0
V0727,18,4,0.164,-0.12,0
V0727,18,3,0.08240000000000001,-0.392,0
V0727,18,2,0.11750000000000001,-0.275,0
V0727,18,1,0.09290000000000002,-0.357,0
V0727,18,0,0.10910000000000002,-0.303,0
V0727,19,7,0.1622,-0.126,0
V0727,19,6,0.15500000000000003,-0.15,0
V0727,19,5,0.164,-0.12,0
V0727,19,4,0.08240000000000001,-0.392,0
V0727,19,3,0.11750000000000001,-0.275,0
V0727,19,2,0.09290000000000002,-0.357,0
V0727,19,1,0.10910000000000002,-0.303,0
V0727,19,0,0.12320000000000002,-0.256,0
V0729,19,7,0.2654,0.218,0
V0729,19,6,0.1991,-0.003,0
V0729,19,5,0.21350000000000002,0.045,0
V0729,19,4,0.15710000000000002,-0.143,0
V0729,19,3,0.22490000000000002,0.083,0
V0729,19,2,0.11000000000000001,-0.3,0
V0729,19,1,0.509,0.03,1
V0729,19,0,0.16190000000000002,-0.127,0
V0729,20,7,0.1991,-0.003,0
V0729,20,6,0.21350000000000002,0.045,0
V0729,20,5,0.15710000000000002,-0.143,0
V0729,20,4,0.22490000000000002,0.083,0
V0729,20,3,0.11000000000000001,-0.3,0
V0729,20,2,0.509,0.03,1
V0729,20,1,0.16190000000000002,-0.127,0
V0729,20,0,0.167,-0.11,0
V0730,17,7,0.1985,-0.005,0
V0730,17,6,0.2288,0.096,0
V0730,17,5,0.5405,0.135,1
V0730,17,4,0.1784,-0.072,0
V0730,17,3,0.20120000000000002,0.004,0
V0730,17,2,0.203,0.01,0
V0730,17,1,0.1637,-0.121,0
V0730,17,0,0.4274,-0.242,1
V0730,23,7,0.1637,-0.121,0
V0730,23,6,0.4274,-0.242,1
V0730,23,5,0.4457,-0.181,1
V0730,23,4,0.1223,-0.259,0
V0730,23,3,0.1208,-0.264,0
V0730,23,2,0.12020000000000002,-0.266,0
V0730,23,1,0.09080000000000002,-0.364,0
V0730,23,0,0.12260000000000001,-0.258,0
V0731,9,7,0.2351,0.117,0
V0731,9,6,0.2207,0.069,0
V0731,9,5,0.1637,-0.121,0
V0731,9,4,0.1562,-0.146,0
V0731,9,3,0.1592,-0.136,0
V0731,9,2,0.22910000000000003,0.097,0
V0731,9,1,0.14570000000000002,-0.181,0
V0731,9,0,0.1922,-0.026,0
V0733,8,7,0.224,0.08,0
V0733,8,6,0.1943,-0.019,0
V0733,8,5,0.1829,-0.057,0
V0733,8,4,0.2066,0.022,0
V0733,8,3,0.15230000000000002,-0.159,0
V0733,8,2,0.16820000000000002,-0.106,0
V0733,8,1,0.1862,-0.046,0
V0733,8,0,0.2087,0.029,0
V0733,10,7,0.1829,-0.057,0
V0733,10,6,0.2066,0.022,0
V0733,10,5,0.15230000000000002,-0.159,0
V0733,10,4,0.16820000000000002,-0.106,0
V0733,10,3,0.1862,-0.046,0
V0733,10,2,0.2087,0.029,0
V0733,10,1,0.1466,-0.178,0
V0733,10,0,0.15560000000000002,-0.148,0
V0733,12,7,0.15230000000000002,-0.159,0
V0733,12,6,0.16820000000000002,-0.106,0
V0733,12,5,0.1862,-0.046,0
V0733,12,4,0.2087,0.029,0
V0733,12,3,0.1466,-0.178,0
V0733,12,2,0.15560000000000002,-0.148,0
V0733,12,1,0.1295,-0.235,0
V0733,12,0,0.05030000000000001,-0.499,0
V0733,13,7,0.16820000000000002,-0.106,0
V0733,13,6,0.1862,-0.046,0
V0733,13,5,0.2087,0.029,0
V0733,13,4,0.1466,-0.178,0
V0733,13,3,0.15560000000000002,-0.148,0
V0733,13,2,0.1295,-0.235,0
V0733,13,1,0.05030000000000001,-0.499,0
V0733,13,0,0.0383,-0.539,0
V0733,14,7,0.1862,-0.046,0
V0733,14,6,0.2087,0.029,0
V0733,14,5,0.1466,-0.178,0
V0733,14,4,0.15560000000000002,-0.148,0
V0733,14,3,0.1295,-0.235,0
V0733,14,2,0.05030000000000001,-0.499,0
V0733,14,1,0.0383,-0.539,0
V0733,14,0,0.07610000000000003,-0.413,0
V0733,16,7,0.1466,-0.178,0
V0733,16,6,0.15560000000000002,-0.148,0
V0733,16,5,0.1295,-0.235,0
V0733,16,4,0.05030000000000001,-0.499,0
V0733,16,3,0.0383,-0.539,0
V0733,16,2,0.07610000000000003,-0.413,0
V0733,16,1,0.008900000000000019,-0.637,0
V0733,16,0,0.0005000000000000004,-0.665,0
V0733,21,7,0.07610000000000003,-0.413,0
V0733,21,6,0.008900000000000019,-0.637,0
V0733,21,5,0.0005000000000000004,-0.665,0
V0733,21,4,0.06080000000000002,-0.464,0
V0733,21,3,0.012800000000000006,-0.624,0
V0733,21,2,0.01580000000000001,-0.614,0
V0733,21,1,0.042800000000000005,-0.524,0
V0733,21,0,0.05450000000000002,-0.485,0
V0733,22,7,0.008900000000000019,-0.637,0
V0733,22,6,0.0005000000000000004,-0.665,0
V0733,22,5,0.06080000000000002,-0.464,0
V0733,22,4,0.012800000000000006,-0.624,0
V0733,22,3,0.01580000000000001,-0.614,0
V0733,22,2,0.042800000000000005,-0.524,0
V0733,22,1,0.05450000000000002,-0.485,0
V0733,22,0,0.11420000000000002,-0.286,0
V0734,16,7,0.2081,0.027,0
V0734,16,6,0.15050000000000002,-0.165,0
V0734,16,5,0.1685,-0.105,0
V0734,16,4,0.14420000000000002,-0.186,0
V0734,16,3,0.1529,-0.157,0
V0734,16,2,0.17600000000000002,-0.08,0
V0734,16,1,0.19190000000000002,-0.027,0
V0734,16,0,0.1169,-0.277,0
V0734,17,7,0.15050000000000002,-0.165,0
V0734,17,6,0.1685,-0.105,0
V0734,17,5,0.14420000000000002,-0.186,0
V0734,17,4,0.1529,-0.157,0
V0734,17,3,0.17600000000000002,-0.08,0
V0734,17,2,0.19190000000000002,-0.027,0
V0734,17,1,0.1169,-0.277,0
V0734,17,0,0.14840000000000003,-0.172,0
V0734,19,7,0.14420000000000002,-0.186,0
V0734,19,6,0.1529,-0.157,0
V0734,19,5,0.17600000000000002,-0.08,0
V0734,19,4,0.19190000000000002,-0.027,0
V0734,19,3,0.1169,-0.277,0
V0734,19,2,0.14840000000000003,-0.172,0
V0734,19,1,0.1184,-0.272,0
V0734,19,0,0.06290000000000001,-0.457,0
V0734,21,7,0.17600000000000002,-0.08,0
V0734,21,6,0.19190000000000002,-0.027,0
V0734,21,5,0.1169,-0.277,0
V0734,21,4,0.14840000000000003,-0.172,0
V0734,21,3,0.1184,-0.272,0
V0734,21,2,0.06290000000000001,-0.457,0
V0734,21,1,0.098,-0.34,0
V0734,21,0,0.06710000000000002,-0.443,0
V0734,22,7,0.19190000000000002,-0.027,0
V0734,22,6,0.1169,-0.277,0
V0734,22,5,0.14840000000000003,-0.172,0
V0734,22,4,0.1184,-0.272,0
V0734,22,3,0.06290000000000001,-0.457,0
V0734,22,2,0.098,-0.34,0
V0734,22,1,0.06710000000000002,-0.443,0
V0734,22,0,0.07580000000000002,-0.414,0
V0735,11,7,0.3782,-0.406,1
V0735,11,6,0.1178,-0.274,0
V0735,11,5,0.07100000000000001,-0.43,0
V0735,11,4,0.11180000000000002,-0.294,0
V0735,11,3,0.1433,-0.189,0
V0735,11,2,0.065,-0.45,0
V0735,11,1,0.07160000000000002,-0.428,0
V0735,11,0,0.07040000000000002,-0.432,0
V0735,14,7,0.11180000000000002,-0.294,0
V0735,14,6,0.1433,-0.189,0
V0735,14,5,0.065,-0.45,0
V0735,14,4,0.07160000000000002,-0.428,0
V0735,14,3,0.07040000000000002,-0.432,0
V0735,14,2,0.0605,-0.465,0
V0735,14,1,0.0,-0.685,0
V0735,14,0,0.05810000000000001,-0.473,0
V0735,18,7,0.07040000000000002,-0.432,0
V0735,18,6,0.0605,-0.465,0
V0735,18,5,0.0,-0.685,0
V0735,18,4,0.05810000000000001,-0.473,0
V0735,18,3,0.0383,-0.539,0
V0735,18,2,0.10940000000000001,-0.302,0
V0735,18,1,0.06290000000000001,-0.457,0
V0735,18,0,0.04400000000000001,-0.52,0
V0735,19,7,0.0605,-0.465,0
V0735,19,6,0.0,-0.685,0
V0735,19,5,0.05810000000000001,-0.473,0
V0735,19,4,0.0383,-0.539,0
V0735,19,3,0.10940000000000001,-0.302,0
V0735,19,2,0.06290000000000001,-0.457,0
V0735,19,1,0.04400000000000001,-0.52,0
V0735,19,0,0.09200000000000001,-0.36,0
V0735,21,7,0.05810000000000001,-0.473,0
V0735,21,6,0.0383,-0.539,0
V0735,21,5,0.10940000000000001,-0.302,0
V0735,21,4,0.06290000000000001,-0.457,0
V0735,21,3,0.04400000000000001,-0.52,0
V0735,21,2,0.09200000000000001,-0.36,0
V0735,21,1,0.09470000000000002,-0.351,0
V0735,21,0,0.029600000000000043,-0.568,0
V0736,18,7,0.1628,-0.124,0
V0736,18,6,0.1826,-0.058,0
V0736,18,5,0.1673,-0.109,0
V0736,18,4,0.191,-0.03,0
V0736,18,3,0.1799,-0.067,0
V0736,18,2,0.5123,0.041,1
V0736,18,1,0.1637,-0.121,0
V0736,18,0,0.128,-0.24,0
V0736,23,7,0.5123,0.041,1
V0736,23,6,0.1637,-0.121,0
V0736,23,5,0.128,-0.24,0
V0736,23,4,0.09350000000000001,-0.355,0
V0736,23,3,0.10070000000000001,-0.331,0
V0736,23,2,0.0383,-0.539,0
V0736,23,1,0.10700000000000001,-0.31,0
V0736,23,0,0.101,-0.33,0
V0737,11,7,0.14390000000000003,-0.187,0
V0737,11,6,0.1925,-0.025,0
V0737,11,5,0.2192,0.064,0
V0737,11,4,0.20420000000000002,0.014,0
V0737,11,3,0.1922,-0.026,0
V0737,11,2,0.533,0.11,1
V0737,11,1,0.4343,-0.219,1
V0737,11,0,0.19640000000000002,-0.012,0
V0737,23,7,0.13820000000000002,-0.206,0
V0737,23,6,0.16940000000000002,-0.102,0
V0737,23,5,0.10490000000000001,-0.317,0
V0737,23,4,0.16010000000000002,-0.133,0
V0737,23,3,0.1925,-0.025,0
V0737,23,2,0.09200000000000001,-0.36,0
V0737,23,1,0.13340000000000002,-0.222,0
V0737,23,0,0.08360000000000001,-0.388,0
V0738,12,7,0.1847,-0.051,0
V0738,12,6,0.12260000000000001,-0.258,0
V0738,12,5,0.1724,-0.092,0
V0738,12,4,0.09770000000000001,-0.341,0
V0738,12,3,0.1385,-0.205,0
V0738,12,2,0.21350000000000002,0.045,0
V0738,12,1,0.12380000000000001,-0.254,0
V0738,12,0,0.4631,-0.123,1
V0738,21,7,0.09140000000000002,-0.362,0
V0738,21,6,0.1322,-0.226,0
V0738,21,5,0.4181,-0.273,1
V0738,21,4,0.08270000000000001,-0.391,0
V0738,21,3,0.3476,-0.508,1
V0738,21,2,0.1193,-0.269,0
V0738,21,1,0.05660000000000001,-0.478,0
V0738,21,0,0.0,-0.769,0
V0739,9,7,0.1991,-0.003,0
V0739,9,6,0.19190000000000002,-0.027,0
V0739,9,5,0.1733,-0.089,0
V0739,9,4,0.21200000000000002,0.04,0
V0739,9,3,0.2177,0.059,0
V0739,9,2,0.2768,0.256,0
V0739,9,1,0.2462,0.154,0
V0739,9,0,0.19640000000000002,-0.012,0
V0741,6,5,0.10280000000000002,-0.324,0
V0741,6,4,0.08420000000000001,-0.386,0
V0741,6,3,0.1874,-0.042,0
V0741,6,2,0.11810000000000001,-0.273,0
V0741,6,1,0.1637,-0.121,0
V0741,6,0,0.12860000000000002,-0.238,0
V0741,9,7,0.08420000000000001,-0.386,0
V0741,9,6,0.1874,-0.042,0
V0741,9,5,0.11810000000000001,-0.273,0
V0741,9,4,0.1637,-0.121,0
V0741,9,3,0.12860000000000002,-0.238,0
V0741,9,2,0.3752,-0.416,1
V0741,9,1,0.1487,-0.171,0
V0741,9,0,0.04880000000000001,-0.504,0
V0741,23,7,0.05360000000000001,-0.488,0
V0741,23,6,0.0431,-0.523,0
V0741,23,5,0.11900000000000001,-0.27,0
V0741,23,4,0.004400000000000015,-0.652,0
V0741,23,3,0.04820000000000002,-0.506,0
V0741,23,2,0.08810000000000001,-0.373,0
V0741,23,1,0.05600000000000002,-0.48,0
V0741,23,0,0.12110000000000001,-0.263,0
V0743,7,6,0.1685,-0.105,0
V0743,7,5,0.1925,-0.025,0
V0743,7,4,0.2243,0.081,0
V0743,7,3,0.15080000000000002,-0.164,0
V0743,7,2,0.21980000000000002,0.066,0
V0743,7,1,0.21230000000000002,0.041,0
V0743,7,0,0.5075000000000001,0.025,1
V0743,12,7,0.21980000000000002,0.066,0
V0743,12,6,0.21230000000000002,0.041,0
V0743,12,5,0.5075000000000001,0.025,1
V0743,12,4,0.2894,0.298,0
V0743,12,3,0.1436,-0.188,0
V0743,12,2,0.17870000000000003,-0.071,0
V0743,12,1,0.1736,-0.088,0
V0743,12,0,0.16760000000000003,-0.108,0
V0743,13,7,0.21230000000000002,0.041,0
V0743,13,6,0.5075000000000001,0.025,1
V0743,13,5,0.2894,0.298,0
V0743,13,4,0.1436,-0.188,0
V0743,13,3,0.17870000000000003,-0.071,0
V0743,13,2,0.1736,-0.088,0
V0743,13,1,0.16760000000000003,-0.108,0
V0743,13,0,0.06410000000000002,-0.453,0
V0743,18,7,0.1736,-0.088,0
V0743,18,6,0.16760000000000003,-0.108,0
V0743,18,5,0.06410000000000002,-0.453,0
V0743,18,4,0.08780000000000002,-0.374,0
V0743,18,3,0.10400000000000001,-0.32,0
V0743,18,2,0.08150000000000002,-0.395,0
V0743,18,1,0.07400000000000001,-0.42,0
V0743,18,0,0.11120000000000002,-0.296,0
V0743,21,7,0.08780000000000002,-0.374,0
V0743,21,6,0.10400000000000001,-0.32,0
V0743,21,5,0.08150000000000002,-0.395,0
V0743,21,4,0.07400000000000001,-0.42,0
V0743,21,3,0.11120000000000002,-0.296,0
V0743,21,2,0.4121,-0.293,1
V0743,21,1,0.07640000000000002,-0.412,0
V0743,21,0,0.10310000000000001,-0.323,0
V0745,18,7,0.2018,0.006,0
V0745,18,6,0.1721,-0.093,0
V0745,18,5,0.18830000000000002,-0.039,0
V0745,18,4,0.4709,-0.097,1
V0745,18,3,0.19460000000000002,-0.018,0
V0745,18,2,0.14120000000000002,-0.196,0
V0745,18,1,0.4226,-0.258,1
V0745,18,0,0.4181,-0.273,1
V0745,22,7,0.19460000000000002,-0.018,0
V0745,22,6,0.14120000000000002,-0.196,0
V0745,22,5,0.4226,-0.258,1
V0745,22,4,0.4181,-0.273,1
V0745,22,3,0.37370000000000003,-0.421,1
V0745,22,2,0.08120000000000001,-0.396,0
V0745,22,1,0.4034,-0.322,1
V0745,22,0,0.07580000000000002,-0.414,0
V0745,23,7,0.14120000000000002,-0.196,0
V0745,23,6,0.4226,-0.258,1
V0745,23,5,0.4181,-0.273,1
V0745,23,4,0.37370000000000003,-0.421,1
V0745,23,3,0.08120000000000001,-0.396,0
V0745,23,2,0.4034,-0.322,1
V0745,23,1,0.07580000000000002,-0.414,0
V0745,23,0,0.12290000000000001,-0.257,0
V0748,12,7,0.2015,0.005,0
V0748,12,6,0.13640000000000002,-0.212,0
V0748,12,5,0.5141,0.047,1
V0748,12,4,0.4874,-0.042,1
V0748,12,3,0.2117,0.039,0
V0748,12,2,0.1967,-0.011,0
V0748,12,1,0.4961,-0.013,1
V0748,12,0,0.1892,-0.036,0
V0748,15,7,0.4874,-0.042,1
V0748,15,6,0.2117,0.039,0
V0748,15,5,0.1967,-0.011,0
V0748,15,4,0.4961,-0.013,1
V0748,15,3,0.1892,-0.036,0
V0748,15,2,0.2651,0.217,0
V0748,15,1,0.1004,-0.332,0
V0748,15,0,0.14540000000000003,-0.182,0
V0748,18,7,0.4961,-0.013,1
V0748,18,6,0.1892,-0.036,0
V0748,18,5,0.2651,0.217,0
V0748,18,4,0.1004,-0.332,0
V0748,18,3,0.14540000000000003,-0.182,0
V0748,18,2,0.10400000000000001,-0.32,0
V0748,18,1,0.0665,-0.445,0
V0748,18,0,0.040700000000000014,-0.531,0
V0748,20,7,0.2651,0.217,0
V0748,20,6,0.1004,-0.332,0
V0748,20,5,0.14540000000000003,-0.182,0
V0748,20,4,0.10400000000000001,-0.32,0
V0748,20,3,0.0665,-0.445,0
V0748,20,2,0.040700000000000014,-0.531,0
V0748,20,1,0.08300000000000002,-0.39,0
V0748,20,0,0.09380000000000002,-0.354,0
V0748,21,7,0.1004,-0.332,0
V0748,21,6,0.14540000000000003,-0.182,0
V0748,21,5,0.10400000000000001,-0.32,0
V0748,21,4,0.0665,-0.445,0
V0748,21,3,0.040700000000000014,-0.531,0
V0748,21,2,0.08300000000000002,-0.39,0
V0748,21,1,0.09380000000000002,-0.354,0
V0748,21,0,0.09500000000000001,-0.35,0
V0748,22,7,0.14540000000000003,-0.182,0
V0748,22,6,0.10400000000000001,-0.32,0
V0748,22,5,0.0665,-0.445,0
V0748,22,4,0.040700000000000014,-0.531,0
V0748,22,3,0.08300000000000002,-0.39,0
V0748,22,2,0.09380000000000002,-0.354,0
V0748,22,1,0.09500000000000001,-0.35,0
V0748,22,0,0.09650000000000002,-0.345,0
V0749,17,7,0.12680000000000002,-0.244,0
V0749,17,6,0.07730000000000002,-0.409,0
V0749,17,5,0.09230000000000002,-0.359,0
V0749,17,4,0.09620000000000002,-0.346,0
V0749,17,3,0.09590000000000003,-0.347,0
V0749,17,2,0.1418,-0.194,0
V0749,17,1,0.4154,-0.282,1
V0749,17,0,0.09680000000000002,-0.344,0
V0750,19,7,0.488,-0.04,1
V0750,19,6,0.22190000000000001,0.073,0
V0750,19,5,0.2426,0.142,0
V0750,19,4,0.22010000000000002,0.067,0
V0750,19,3,0.21530000000000002,0.051,0
V0750,19,2,0.1496,-0.168,0
V0750,19,1,0.24170000000000003,0.139,0
V0750,19,0,0.2039,0.013,0
V0751,7,6,0.1451,-0.183,0
V0751,7,5,0.09680000000000002,-0.344,0
V0751,7,4,0.16190000000000002,-0.127,0
V0751,7,3,0.09650000000000002,-0.345,0
V0751,7,2,0.052700000000000025,-0.491,0
V0751,7,1,0.1163,-0.279,0
V0751,7,0,0.116,-0.28,0
V0751,12,7,0.052700000000000025,-0.491,0
V0751,12,6,0.1163,-0.279,0
V0751,12,5,0.116,-0.28,0
V0751,12,4,0.04580000000000001,-0.514,0
V0751,12,3,0.06860000000000002,-0.438,0
V0751,12,2,0.08300000000000002,-0.39,0
V0751,12,1,0.00020000000000000573,-0.666,0
V0751,12,0,0.0806,-0.398,0
V0751,16,7,0.06860000000000002,-0.438,0
V0751,16,6,0.08300000000000002,-0.39,0
V0751,16,5,0.00020000000000000573,-0.666,0
V0751,16,4,0.0806,-0.398,0
V0751,16,3,0.09980000000000001,-0.334,0
V0751,16,2,0.02720000000000003,-0.576,0
V0751,16,1,0.04100000000000001,-0.53,0
V0751,16,0,0.04970000000000002,-0.501,0
V0751,18,7,0.00020000000000000573,-0.666,0
V0751,18,6,0.0806,-0.398,0
V0751,18,5,0.09980000000000001,-0.334,0
V0751,18,4,0.02720000000000003,-0.576,0
V0751,18,3,0.04100000000000001,-0.53,0
V0751,18,2,0.04970000000000002,-0.501,0
V0751,18,1,0.02240000000000003,-0.592,0
V0751,18,0,0.0383,-0.539,0
V0751,19,7,0.0806,-0.398,0
V0751,19,6,0.09980000000000001,-0.334,0
V0751,19,5,0.02720000000000003,-0.576,0
V0751,19,4,0.04100000000000001,-0.53,0
V0751,19,3,0.04970000000000002,-0.501,0
V0751,19,2,0.02240000000000003,-0.592,0
V0751,19,1,0.0383,-0.539,0
V0751,19,0,0.030800000000000022,-0.564,0
V0751,21,7,0.02720000000000003,-0.576,0
V0751,21,6,0.04100000000000001,-0.53,0
V0751,21,5,0.04970000000000002,-0.501,0
V0751,21,4,0.02240000000000003,-0.592,0
V0751,21,3,0.0383,-0.539,0
V0751,21,2,0.030800000000000022,-0.564,0
V0751,21,1,0.0,-0.71,0
V0751,21,0,0.014000000000000012,-0.62,0
V0752,10,7,0.1739,-0.087,0
V0752,10,6,0.1637,-0.121,0
V0752,10,5,0.1421,-0.193,0
V0752,10,4,0.04730000000000001,-0.509,0
V0752,10,3,0.10520000000000002,-0.316,0
V0752,10,2,0.1451,-0.183,0
V0752,10,1,0.1274,-0.242,0
V0752,10,0,0.06770000000000001,-0.441,0
V0753,16,7,0.21980000000000002,0.066,0
V0753,16,6,0.2156,0.052,0
V0753,16,5,0.17570000000000002,-0.081,0
V0753,16,4,0.2237,0.079,0
V0753,16,3,0.2447,0.149,0
V0753,16,2,0.12830000000000003,-0.239,0
V0753,16,1,0.25730000000000003,0.191,0
V0753,16,0,0.5459,0.153,1
V0753,19,7,0.2237,0.079,0
V0753,19,6,0.2447,0.149,0
V0753,19,5,0.12830000000000003,-0.239,0
V0753,19,4,0.25730000000000003,0.191,0
V0753,19,3,0.5459,0.153,1
V0753,19,2,0.4709,-0.097,1
V0753,19,1,0.16340000000000002,-0.122,0
V0753,19,0,0.2393,0.131,0
V0753,21,7,0.12830000000000003,-0.239,0
V0753,21,6,0.25730000000000003,0.191,0
V0753,21,5,0.5459,0.153,1
V0753,21,4,0.4709,-0.097,1
V0753,21,3,0.16340000000000002,-0.122,0
V0753,21,2,0.2393,0.131,0
V0753,21,1,0.16310000000000002,-0.123,0
V0753,21,0,0.1889,-0.037,0
V0754,11,7,0.185,-0.05,0
V0754,11,6,0.2903,0.301,0
V0754,11,5,0.2333,0.111,0
V0754,11,4,0.2096,0.032,0
V0754,11,3,0.15530000000000002,-0.149,0
V0754,11,2,0.1331,-0.223,0
V0754,11,1,0.15680000000000002,-0.144,0
V0754,11,0,0.2033,0.011,0
V0754,12,7,0.2903,0.301,0
V0754,12,6,0.2333,0.111,0
V0754,12,5,0.2096,0.032,0
V0754,12,4,0.15530000000000002,-0.149,0
V0754,12,3,0.1331,-0.223,0
V0754,12,2,0.15680000000000002,-0.144,0
V0754,12,1,0.2033,0.011,0
V0754,12,0,0.422,-0.26,1
V0755,15,7,0.2411,0.137,0
V0755,15,6,0.1754,-0.082,0
V0755,15,5,0.13880000000000003,-0.204,0
V0755,15,4,0.2489,0.163,0
V0755,15,3,0.1337,-0.221,0
V0755,15,2,0.4508,-0.164,1
V0755,15,1,0.3872,-0.376,1
V0755,15,0,0.0665,-0.445,0
V0755,17,7,0.13880000000000003,-0.204,0
V0755,17,6,0.2489,0.163,0
V0755,17,5,0.1337,-0.221,0
V0755,17,4,0.4508,-0.164,1
V0755,17,3,0.3872,-0.376,1
V0755,17,2,0.0665,-0.445,0
V0755,17,1,0.1376,-0.208,0
V0755,17,0,0.15560000000000002,-0.148,0
V0756,23,7,0.08630000000000002,-0.379,0
V0756,23,6,0.19130000000000003,-0.029,0
V0756,23,5,0.11660000000000001,-0.278,0
V0756,23,4,0.14270000000000002,-0.191,0
V0756,23,3,0.09200000000000001,-0.36,0
V0756,23,2,0.10730000000000002,-0.309,0
V0756,23,1,0.17900000000000002,-0.07,0
V0756,23,0,0.09770000000000001,-0.341,0
V0757,1,0,0.23270000000000002,0.109,0
V0757,23,7,0.191,-0.03,0
V0757,23,6,0.18380000000000002,-0.054,0
V0757,23,5,0.17,-0.1,0
V0757,23,4,0.11870000000000001,-0.271,0
V0757,23,3,0.1688,-0.104,0
V0757,23,2,0.13940000000000002,-0.202,0
V0757,23,1,0.14900000000000002,-0.17,0
V0757,23,0,0.10310000000000001,-0.323,0
V0759,12,7,0.20270000000000002,0.009,0
V0759,12,6,0.1799,-0.067,0
V0759,12,5,0.1811,-0.063,0
V0759,12,4,0.2585,0.195,0
V0759,12,3,0.46640000000000004,-0.112,1
V0759,12,2,0.1976,-0.008,0
V0759,12,1,0.1841,-0.053,0
V0759,12,0,0.2336,0.112,0
V0760,13,7,0.1487,-0.171,0
V0760,13,6,0.025400000000000034,-0.582,0
V0760,13,5,0.07430000000000003,-0.419,0
V0760,13,4,0.08840000000000002,-0.372,0
V0760,13,3,0.12290000000000001,-0.257,0
V0760,13,2,0.07790000000000002,-0.407,0
V0760,13,1,0.10010000000000001,-0.333,0
V0760,13,0,0.09590000000000003,-0.347,0
V0760,15,7,0.07430000000000003,-0.419,0
V0760,15,6,0.08840000000000002,-0.372,0
V0760,15,5,0.12290000000000001,-0.257,0
V0760,15,4,0.07790000000000002,-0.407,0
V0760,15,3,0.10010000000000001,-0.333,0
V0760,15,2,0.09590000000000003,-0.347,0
V0760,15,1,0.07700000000000003,-0.41,0
V0760,15,0,0.07070000000000001,-0.431,0
V0760,19,7,0.10010000000000001,-0.333,0
V0760,19,6,0.09590000000000003,-0.347,0
V0760,19,5,0.07700000000000003,-0.41,0
V0760,19,4,0.07070000000000001,-0.431,0
V0760,19,3,0.0,-0.695,0
V0760,19,2,0.07700000000000003,-0.41,0
V0760,19,1,0.07700000000000003,-0.41,0
V0760,19,0,0.04820000000000002,-0.506,0
V0760,20,7,0.09590000000000003,-0.347,0
V0760,20,6,0.07700000000000003,-0.41,0
V0760,20,5,0.07070000000000001,-0.431,0
V0760,20,4,0.0,-0.695,0
V0760,20,3,0.07700000000000003,-0.41,0
V0760,20,2,0.07700000000000003,-0.41,0
V0760,20,1,0.04820000000000002,-0.506,0
V0760,20,0,0.3509,-0.497,1
V0760,23,7,0.0,-0.695,0
V0760,23,6,0.07700000000000003,-0.41,0
V0760,23,5,0.07700000000000003,-0.41,0
V0760,23,4,0.04820000000000002,-0.506,0
V0760,23,3,0.3509,-0.497,1
V0760,23,2,0.06920000000000001,-0.436,0
V0760,23,1,0.08180000000000001,-0.394,0
V0760,23,0,0.06710000000000002,-0.443,0
V0761,19,7,0.23570000000000002,0.119,0
V0761,19,6,0.21050000000000002,0.035,0
V0761,19,5,0.227,0.09,0
V0761,19,4,0.1658,-0.114,0
V0761,19,3,0.2462,0.154,0
V0761,19,2,0.2252,0.084,0
V0761,19,1,0.2786,0.262,0
V0761,19,0,0.2324,0.108,0
V0763,8,7,0.12050000000000001,-0.265,0
V0763,8,6,0.13430000000000003,-0.219,0
V0763,8,5,0.17930000000000001,-0.069,0
V0763,8,4,0.13940000000000002,-0.202,0
V0763,8,3,0.1403,-0.199,0
V0763,8,2,0.164,-0.12,0
V0763,8,1,0.09380000000000002,-0.354,0
V0763,8,0,0.14840000000000003,-0.172,0
V0763,9,7,0.13430000000000003,-0.219,0
V0763,9,6,0.17930000000000001,-0.069,0
V0763,9,5,0.13940000000000002,-0.202,0
V0763,9,4,0.1403,-0.199,0
V0763,9,3,0.164,-0.12,0
V0763,9,2,0.09380000000000002,-0.354,0
V0763,9,1,0.14840000000000003,-0.172,0
V0763,9,0,0.17600000000000002,-0.08,0
V0763,11,7,0.13940000000000002,-0.202,0
V0763,11,6,0.1403,-0.199,0
V0763,11,5,0.164,-0.12,0
V0763,11,4,0.09380000000000002,-0.354,0
V0763,11,3,0.14840000000000003,-0.172,0
V0763,11,2,0.17600000000000002,-0.08,0
V0763,11,1,0.10400000000000001,-0.32,0
V0763,11,0,0.08420000000000001,-0.386,0
V0763,15,7,0.14840000000000003,-0.172,0
V0763,15,6,0.17600000000000002,-0.08,0
V0763,15,5,0.10400000000000001,-0.32,0
V0763,15,4,0.08420000000000001,-0.386,0
V0763,15,3,0.0974,-0.342,0
V0763,15,2,0.09050000000000001,-0.365,0
V0763,15,1,0.11030000000000002,-0.299,0
V0763,15,0,0.0989,-0.337,0
V0763,17,7,0.10400000000000001,-0.32,0
V0763,17,6,0.08420000000000001,-0.386,0
V0763,17,5,0.0974,-0.342,0
V0763,17,4,0.09050000000000001,-0.365,0
V0763,17,3,0.11030000000000002,-0.299,0
V0763,17,2,0.0989,-0.337,0
V0763,17,1,0.09320000000000002,-0.356,0
V0763,17,0,0.08450000000000002,-0.385,0
V0763,18,7,0.08420000000000001,-0.386,0
V0763,18,6,0.0974,-0.342,0
V0763,18,5,0.09050000000000001,-0.365,0
V0763,18,4,0.11030000000000002,-0.299,0
V0763,18,3,0.0989,-0.337,0
V0763,18,2,0.09320000000000002,-0.356,0
V0763,18,1,0.08450000000000002,-0.385,0
V0763,18,0,0.04970000000000002,-0.501,0
V0763,21,7,0.11030000000000002,-0.299,0
V0763,21,6,0.0989,-0.337,0
V0763,21,5,0.09320000000000002,-0.356,0
V0763,21,4,0.08450000000000002,-0.385,0
V0763,21,3,0.04970000000000002,-0.501,0
V0763,21,2,0.09470000000000002,-0.351,0
V0763,21,1,0.09110000000000001,-0.363,0
V0763,21,0,0.07400000000000001,-0.42,0
V0763,23,7,0.09320000000000002,-0.356,0
V0763,23,6,0.08450000000000002,-0.385,0
V0763,23,5,0.04970000000000002,-0.501,0
V0763,23,4,0.09470000000000002,-0.351,0
V0763,23,3,0.09110000000000001,-0.363,0
V0763,23,2,0.07400000000000001,-0.42,0
V0763,23,1,0.07760000000000003,-0.408,0
V0763,23,0,0.3956,-0.348,1
V0766,5,4,0.14840000000000003,-0.172,0
V0766,5,3,0.13670000000000002,-0.211,0
V0766,5,2,0.2096,0.032,0
V0766,5,1,0.4661,-0.113,1
V0766,5,0,0.17300000000000001,-0.09,0
V0766,17,7,0.1487,-0.171,0
V0766,17,6,0.1463,-0.179,0
V0766,17,5,0.0989,-0.337,0
V0766,17,4,0.07760000000000003,-0.408,0
V0766,17,3,0.1178,-0.274,0
V0766,17,2,0.14930000000000002,-0.169,0
V0766,17,1,0.08150000000000002,-0.395,0
V0766,17,0,0.14120000000000002,-0.196,0
V0766,20,7,0.07760000000000003,-0.408,0
V0766,20,6,0.1178,-0.274,0
V0766,20,5,0.14930000000000002,-0.169,0
V0766,20,4,0.08150000000000002,-0.395,0
V0766,20,3,0.14120000000000002,-0.196,0
V0766,20,2,0.3839,-0.387,1
V0766,20,1,0.06140000000000001,-0.462,0
V0766,20,0,0.37160000000000004,-0.428,1
V0768,2,1,0.1907,-0.031,0
V0768,2,0,0.1562,-0.146,0
V0768,7,6,0.1907,-0.031,0
V0768,7,5,0.1562,-0.146,0
V0768,7,4,0.227,0.09,0
V0768,7,3,0.14150000000000001,-0.195,0
V0768,7,2,0.12860000000000002,-0.238,0
V0768,7,1,0.1307,-0.231,0
V0768,7,0,0.05540000000000003,-0.482,0
V0768,11,7,0.14150000000000001,-0.195,0
V0768,11,6,0.12860000000000002,-0.238,0
V0768,11,5,0.1307,-0.231,0
V0768,11,4,0.05540000000000003,-0.482,0
V0768,11,3,0.13730000000000003,-0.209,0
V0768,11,2,0.02240000000000003,-0.592,0
V0768,11,1,0.05090000000000003,-0.497,0
V0768,11,0,0.10310000000000001,-0.323,0
V0768,12,7,0.12860000000000002,-0.238,0
V0768,12,6,0.1307,-0.231,0
V0768,12,5,0.05540000000000003,-0.482,0
V0768,12,4,0.13730000000000003,-0.209,0
V0768,12,3,0.02240000000000003,-0.592,0
V0768,12,2,0.05090000000000003,-0.497,0
V0768,12,1,0.10310000000000001,-0.323,0
V0768,12,0,0.0032000000000000084,-0.656,0
V0768,17,7,0.05090000000000003,-0.497,0
V0768,17,6,0.10310000000000001,-0.323,0
V0768,17,5,0.0032000000000000084,-0.656,0
V0768,17,4,0.0,-0.683,0
V0768,17,3,0.03409999999999999,-0.553,0
V0768,17,2,0.07460000000000003,-0.418,0
V0768,17,1,0.11330000000000003,-0.289,0
V0768,17,0,0.06290000000000001,-0.457,0
V0768,18,7,0.10310000000000001,-0.323,0
V0768,18,6,0.0032000000000000084,-0.656,0
V0768,18,5,0.0,-0.683,0
V0768,18,4,0.03409999999999999,-0.553,0
V0768,18,3,0.07460000000000003,-0.418,0
V0768,18,2,0.11330000000000003,-0.289,0
V0768,18,1,0.06290000000000001,-0.457,0
V0768,18,0,0.1004,-0.332,0
V0768,19,7,0.0032000000000000084,-0.656,0
V0768,19,6,0.0,-0.683,0
V0768,19,5,0.03409999999999999,-0.553,0
V0768,19,4,0.07460000000000003,-0.418,0
V0768,19,3,0.11330000000000003,-0.289,0
V0768,19,2,0.06290000000000001,-0.457,0
V0768,19,1,0.1004,-0.332,0
V0768,19,0,0.11300000000000002,-0.29,0
V0768,20,7,0.0,-0.683,0
V0768,20,6,0.03409999999999999,-0.553,0
V0768,20,5,0.07460000000000003,-0.418,0
V0768,20,4,0.11330000000000003,-0.289,0
V0768,20,3,0.06290000000000001,-0.457,0
V0768,20,2,0.1004,-0.332,0
V0768,20,1,0.11300000000000002,-0.29,0
V0768,20,0,0.0971,-0.343,0
V0768,22,7,0.07460000000000003,-0.418,0
V0768,22,6,0.11330000000000003,-0.289,0
V0768,22,5,0.06290000000000001,-0.457,0
V0768,22,4,0.1004,-0.332,0
V0768,22,3,0.11300000000000002,-0.29,0
V0768,22,2,0.0971,-0.343,0
V0768,22,1,0.022100000000000036,-0.593,0
V0768,22,0,0.3653,-0.449,1
V0771,6,5,0.22820000000000001,0.094,0
V0771,6,4,0.2099,0.033,0
V0771,6,3,0.2099,0.033,0
V0771,6,2,0.2285,0.095,0
V0771,6,1,0.20450000000000002,0.015,0
V0771,6,0,0.19130000000000003,-0.029,0
V0771,11,7,0.2285,0.095,0
V0771,11,6,0.20450000000000002,0.015,0
V0771,11,5,0.19130000000000003,-0.029,0
V0771,11,4,0.2126,0.042,0
V0771,11,3,0.2174,0.058,0
V0771,11,2,0.1673,-0.109,0
V0771,11,1,0.19130000000000003,-0.029,0
V0771,11,0,0.1499,-0.167,0
V0771,19,7,0.17450000000000002,-0.085,0
V0771,19,6,0.1406,-0.198,0
V0771,19,5,0.1709,-0.097,0
V0771,19,4,0.22970000000000002,0.099,0
V0771,19,3,0.18830000000000002,-0.039,0
V0771,19,2,0.1496,-0.168,0
V0771,19,1,0.16340000000000002,-0.122,0
V0771,19,0,0.20900000000000002,0.03,0
V0774,5,4,0.09560000000000002,-0.348,0
V0774,5,3,0.1583,-0.139,0
V0774,5,2,0.15080000000000002,-0.164,0
V0774,5,1,0.1376,-0.208,0
V0774,5,0,0.0971,-0.343,0
V0774,14,7,0.08810000000000001,-0.373,0
V0774,14,6,0.06230000000000002,-0.459,0
V0774,14,5,0.09440000000000003,-0.352,0
V0774,14,4,0.03770000000000001,-0.541,0
V0774,14,3,0.08570000000000001,-0.381,0
V0774,14,2,0.12350000000000001,-0.255,0
V0774,14,1,0.06230000000000002,-0.459,0
V0774,14,0,0.0431,-0.523,0
V0774,20,7,0.06230000000000002,-0.459,0
V0774,20,6,0.0431,-0.523,0
V0774,20,5,0.11180000000000002,-0.294,0
V0774,20,4,0.09260000000000002,-0.358,0
V0774,20,3,0.058400000000000035,-0.472,0
V0774,20,2,0.06770000000000001,-0.441,0
V0774,20,1,0.07190000000000002,-0.427,0
V0774,20,0,0.019100000000000034,-0.603,0
V0777,9,7,0.11510000000000002,-0.283,0
V0777,9,6,0.16010000000000002,-0.133,0
V0777,9,5,0.2255,0.085,0
V0777,9,4,0.07130000000000003,-0.429,0
V0777,9,3,0.13670000000000002,-0.211,0
V0777,9,2,0.06290000000000001,-0.457,0
V0777,9,1,0.029000000000000026,-0.57,0
V0777,9,0,0.09770000000000001,-0.341,0
V0777,19,7,0.12050000000000001,-0.265,0
V0777,19,6,0.05750000000000002,-0.475,0
V0777,19,5,0.06230000000000002,-0.459,0
V0777,19,4,0.09200000000000001,-0.36,0
V0777,19,3,0.023900000000000032,-0.587,0
V0777,19,2,0.125,-0.25,0
V0777,19,1,0.0635,-0.455,0
V0777,19,0,0.08690000000000002,-0.377,0
V0777,20,7,0.05750000000000002,-0.475,0
V0777,20,6,0.06230000000000002,-0.459,0
V0777,20,5,0.09200000000000001,-0.36,0
V0777,20,4,0.023900000000000032,-0.587,0
V0777,20,3,0.125,-0.25,0
V0777,20,2,0.0635,-0.455,0
V0777,20,1,0.08690000000000002,-0.377,0
V0777,20,0,0.09980000000000001,-0.334,0
V0777,22,7,0.09200000000000001,-0.36,0
V0777,22,6,0.023900000000000032,-0.587,0
V0777,22,5,0.125,-0.25,0
V0777,22,4,0.0635,-0.455,0
V0777,22,3,0.08690000000000002,-0.377,0
V0777,22,2,0.09980000000000001,-0.334,0
V0777,22,1,0.06560000000000002,-0.448,0
V0777,22,0,0.05030000000000001,-0.499,0
V0779,15,7,0.16490000000000002,-0.117,0
V0779,15,6,0.503,0.01,1
V0779,15,5,0.1583,-0.139,0
V0779,15,4,0.17300000000000001,-0.09,0
V0779,15,3,0.1607,-0.131,0
V0779,15,2,0.09290000000000002,-0.357,0
V0779,15,1,0.1295,-0.235,0
V0779,15,0,0.052700000000000025,-0.491,0
V0779,16,7,0.503,0.01,1
V0779,16,6,0.1583,-0.139,0
V0779,16,5,0.17300000000000001,-0.09,0
V0779,16,4,0.1607,-0.131,0
V0779,16,3,0.09290000000000002,-0.357,0
V0779,16,2,0.1295,-0.235,0
V0779,16,1,0.052700000000000025,-0.491,0
V0779,16,0,0.10760000000000002,-0.308,0
V0779,18,7,0.17300000000000001,-0.09,0
V0779,18,6,0.1607,-0.131,0
V0779,18,5,0.09290000000000002,-0.357,0
V0779,18,4,0.1295,-0.235,0
V0779,18,3,0.052700000000000025,-0.491,0
V0779,18,2,0.10760000000000002,-0.308,0
V0779,18,1,0.08570000000000001,-0.381,0
V0779,18,0,0.04670000000000002,-0.511,0
V0779,21,7,0.1295,-0.235,0
V0779,21,6,0.052700000000000025,-0.491,0
V0779,21,5,0.10760000000000002,-0.308,0
V0779,21,4,0.08570000000000001,-0.381,0
V0779,21,3,0.04670000000000002,-0.511,0
V0779,21,2,0.12110000000000001,-0.263,0
V0779,21,1,0.054200000000000026,-0.486,0
V0779,21,0,0.06380000000000002,-0.454,0
V0779,23,7,0.10760000000000002,-0.308,0
V0779,23,6,0.08570000000000001,-0.381,0
V0779,23,5,0.04670000000000002,-0.511,0
V0779,23,4,0.12110000000000001,-0.263,0
V0779,23,3,0.054200000000000026,-0.486,0
V0779,23,2,0.06380000000000002,-0.454,0
V0779,23,1,0.065,-0.45,0
V0779,23,0,0.07100000000000001,-0.43,0
V0780,8,7,0.22310000000000002,0.077,0
V0780,8,6,0.24530000000000002,0.151,0
V0780,8,5,0.21380000000000002,0.046,0
V0780,8,4,0.2645,0.215,0
V0780,8,3,0.2,0.0,0
V0780,8,2,0.254,0.18,0
V0780,8,1,0.2558,0.186,0
V0780,8,0,0.20240000000000002,0.008,0
V0780,16,7,0.1625,-0.125,0
V0780,16,6,0.15530000000000002,-0.149,0
V0780,16,5,0.14390000000000003,-0.187,0
V0780,16,4,0.15050000000000002,-0.165,0
V0780,16,3,0.17720000000000002,-0.076,0
V0780,16,2,0.425,-0.25,1
V0780,16,1,0.1874,-0.042,0
V0780,16,0,0.06830000000000003,-0.439,0
V0781,10,7,0.15860000000000002,-0.138,0
V0781,10,6,0.1307,-0.231,0
V0781,10,5,0.15860000000000002,-0.138,0
V0781,10,4,0.1892,-0.036,0
V0781,10,3,0.21980000000000002,0.066,0
V0781,10,2,0.5177,0.059,1
V0781,10,1,0.2117,0.039,0
V0781,10,0,0.05660000000000001,-0.478,0
V0781,16,7,0.2117,0.039,0
V0781,16,6,0.05660000000000001,-0.478,0
V0781,16,5,0.13040000000000002,-0.232,0
V0781,16,4,0.10640000000000001,-0.312,0
V0781,16,3,0.15050000000000002,-0.165,0
V0781,16,2,0.10070000000000001,-0.331,0
V0781,16,1,0.4535,-0.155,1
V0781,16,0,0.08360000000000001,-0.388,0
V0781,19,7,0.10640000000000001,-0.312,0
V0781,19,6,0.15050000000000002,-0.165,0
V0781,19,5,0.10070000000000001,-0.331,0
V0781,19,4,0.4535,-0.155,1
V0781,19,3,0.08360000000000001,-0.388,0
V0781,19,2,0.12710000000000002,-0.243,0
V0781,19,1,0.3179,-0.607,1
V0781,19,0,0.10550000000000001,-0.315,0
V0782,17,7,0.1754,-0.082,0
V0782,17,6,0.12470000000000002,-0.251,0
V0782,17,5,0.1847,-0.051,0
V0782,17,4,0.07850000000000001,-0.405,0
V0782,17,3,0.12860000000000002,-0.238,0
V0782,17,2,0.13730000000000003,-0.209,0
V0782,17,1,0.12830000000000003,-0.239,0
V0782,17,0,0.047000000000000014,-0.51,0
V0782,20,7,0.07850000000000001,-0.405,0
V0782,20,6,0.12860000000000002,-0.238,0
V0782,20,5,0.13730000000000003,-0.209,0
V0782,20,4,0.12830000000000003,-0.239,0
V0782,20,3,0.047000000000000014,-0.51,0
V0782,20,2,0.08030000000000001,-0.399,0
V0782,20,1,0.1589,-0.137,0
V0782,20,0,0.09620000000000002,-0.346,0
V0786,9,7,0.1613,-0.129,0
V0786,9,6,0.1817,-0.061,0
V0786,9,5,0.2051,0.017,0
V0786,9,4,0.1907,-0.031,0
V0786,9,3,0.4238,-0.254,1
V0786,9,2,0.10790000000000001,-0.307,0
V0786,9,1,0.09140000000000002,-0.362,0
V0786,9,0,0.09830000000000001,-0.339,0
V0786,12,7,0.1907,-0.031,0
V0786,12,6,0.4238,-0.254,1
V0786,12,5,0.10790000000000001,-0.307,0
V0786,12,4,0.09140000000000002,-0.362,0
V0786,12,3,0.09830000000000001,-0.339,0
V0786,12,2,0.1739,-0.087,0
V0786,12,1,0.1004,-0.332,0
V0786,12,0,0.1376,-0.208,0
V0786,21,7,0.1796,-0.068,0
V0786,21,6,0.158,-0.14,0
V0786,21,5,0.4478,-0.174,1
V0786,21,4,0.13670000000000002,-0.211,0
V0786,21,3,0.008600000000000024,-0.638,0
V0786,21,2,0.10880000000000002,-0.304,0
V0786,21,1,0.05810000000000001,-0.473,0
V0786,21,0,0.3557,-0.481,1
V0788,1,0,0.21200000000000002,0.04,0
V0788,9,7,0.2117,0.039,0
V0788,9,6,0.21710000000000002,0.057,0
V0788,9,5,0.061100000000000015,-0.463,0
V0788,9,4,0.17420000000000002,-0.086,0
V0788,9,3,0.1562,-0.146,0
V0788,9,2,0.12560000000000002,-0.248,0
V0788,9,1,0.08810000000000001,-0.373,0
V0788,9,0,0.1826,-0.058,0
V0788,11,7,0.061100000000000015,-0.463,0
V0788,11,6,0.17420000000000002,-0.086,0
V0788,11,5,0.1562,-0.146,0
V0788,11,4,0.12560000000000002,-0.248,0
V0788,11,3,0.08810000000000001,-0.373,0
V0788,11,2,0.1826,-0.058,0
V0788,11,1,0.15650000000000003,-0.145,0
V0788,11,0,0.14720000000000003,-0.176,0
V0788,14,7,0.12560000000000002,-0.248,0
V0788,14,6,0.08810000000000001,-0.373,0
V0788,14,5,0.1826,-0.058,0
V0788,14,4,0.15650000000000003,-0.145,0
V0788,14,3,0.14720000000000003,-0.176,0
V0788,14,2,0.1607,-0.131,0
V0788,14,1,0.12410000000000002,-0.253,0
V0788,14,0,0.10850000000000001,-0.305,0
V0788,18,7,0.14720000000000003,-0.176,0
V0788,18,6,0.1607,-0.131,0
V0788,18,5,0.12410000000000002,-0.253,0
V0788,18,4,0.10850000000000001,-0.305,0
V0788,18,3,0.1448,-0.184,0
V0788,18,2,0.08960000000000001,-0.368,0
V0788,18,1,0.1004,-0.332,0
V0788,18,0,0.06890000000000002,-0.437,0
V0788,19,7,0.1607,-0.131,0
V0788,19,6,0.12410000000000002,-0.253,0
V0788,19,5,0.10850000000000001,-0.305,0
V0788,19,4,0.1448,-0.184,0
V0788,19,3,0.08960000000000001,-0.368,0
V0788,19,2,0.1004,-0.332,0
V0788,19,1,0.06890000000000002,-0.437,0
V0788,19,0,0.08840000000000002,-0.372,0
V0788,20,7,0.12410000000000002,-0.253,0
V0788,20,6,0.10850000000000001,-0.305,0
V0788,20,5,0.1448,-0.184,0
V0788,20,4,0.08960000000000001,-0.368,0
V0788,20,3,0.1004,-0.332,0
V0788,20,2,0.06890000000000002,-0.437,0
V0788,20,1,0.08840000000000002,-0.372,0
V0788,20,0,0.4652,-0.116,1
V0789,10,7,0.17300000000000001,-0.09,0
V0789,10,6,0.3962,-0.346,1
V0789,10,5,0.15860000000000002,-0.138,0
V0789,10,4,0.12110000000000001,-0.263,0
V0789,10,3,0.08420000000000001,-0.386,0
V0789,10,2,0.4112,-0.296,1
V0789,10,1,0.12140000000000001,-0.262,0
V0789,10,0,0.09290000000000002,-0.357,0
V0789,13,7,0.12110000000000001,-0.263,0
V0789,13,6,0.08420000000000001,-0.386,0
V0789,13,5,0.4112,-0.296,1
V0789,13,4,0.12140000000000001,-0.262,0
V0789,13,3,0.09290000000000002,-0.357,0
V0789,13,2,0.05180000000000001,-0.494,0
V0789,13,1,0.1184,-0.272,0
V0789,13,0,0.09500000000000001,-0.35,0
V0789,16,7,0.12140000000000001,-0.262,0
V0789,16,6,0.09290000000000002,-0.357,0
V0789,16,5,0.05180000000000001,-0.494,0
V0789,16,4,0.1184,-0.272,0
V0789,16,3,0.09500000000000001,-0.35,0
V0789,16,2,0.11480000000000003,-0.284,0
V0789,16,1,0.12050000000000001,-0.265,0
V0789,16,0,0.08840000000000002,-0.372,0
V0789,19,7,0.1184,-0.272,0
V0789,19,6,0.09500000000000001,-0.35,0
V0789,19,5,0.11480000000000003,-0.284,0
V0789,19,4,0.12050000000000001,-0.265,0
V0789,19,3,0.08840000000000002,-0.372,0
V0789,19,2,0.0695,-0.435,0
V0789,19,1,0.029900000000000038,-0.567,0
V0789,19,0,0.02780000000000002,-0.574,0
V0789,20,7,0.09500000000000001,-0.35,0
V0789,20,6,0.11480000000000003,-0.284,0
V0789,20,5,0.12050000000000001,-0.265,0
V0789,20,4,0.08840000000000002,-0.372,0
V0789,20,3,0.0695,-0.435,0
V0789,20,2,0.029900000000000038,-0.567,0
V0789,20,1,0.02780000000000002,-0.574,0
V0789,20,0,0.036500000000000005,-0.545,0
V0789,21,7,0.11480000000000003,-0.284,0
V0789,21,6,0.12050000000000001,-0.265,0
V0789,21,5,0.08840000000000002,-0.372,0
V0789,21,4,0.0695,-0.435,0
V0789,21,3,0.029900000000000038,-0.567,0
V0789,21,2,0.02780000000000002,-0.574,0
V0789,21,1,0.036500000000000005,-0.545,0
V0789,21,0,0.05600000000000002,-0.48,0
V0790,13,7,0.43520000000000003,-0.216,1
V0790,13,6,0.4655,-0.115,1
V0790,13,5,0.12830000000000003,-0.239,0
V0790,13,4,0.12470000000000002,-0.251,0
V0790,13,3,0.09260000000000002,-0.358,0
V0790,13,2,0.10910000000000002,-0.303,0
V0790,13,1,0.1628,-0.124,0
V0790,13,0,0.07370000000000002,-0.421,0
V0791,22,7,0.2021,0.007,0
V0791,22,6,0.2522,0.174,0
V0791,22,5,0.2033,0.011,0
V0791,22,4,0.14450000000000002,-0.185,0
V0791,22,3,0.5135000000000001,0.045,1
V0791,22,2,0.5156000000000001,0.052,1
V0791,22,1,0.1709,-0.097,0
V0791,22,0,0.21200000000000002,0.04,0
V0793,13,7,0.10910000000000002,-0.303,0
V0793,13,6,0.4361,-0.213,1
V0793,13,5,0.09530000000000002,-0.349,0
V0793,13,4,0.3932,-0.356,1
V0793,13,3,0.09590000000000003,-0.347,0
V0793,13,2,0.13190000000000002,-0.227,0
V0793,13,1,0.13790000000000002,-0.207,0
V0793,13,0,0.08000000000000002,-0.4,0
V0793,19,7,0.13790000000000002,-0.207,0
V0793,19,6,0.08000000000000002,-0.4,0
V0793,19,5,0.08600000000000002,-0.38,0
V0793,19,4,0.08510000000000001,-0.383,0
V0793,19,3,0.0974,-0.342,0
V0793,19,2,0.05540000000000003,-0.482,0
V0793,19,1,0.06560000000000002,-0.448,0
V0793,19,0,0.1019,-0.327,0
V0793,21,7,0.08600000000000002,-0.38,0
V0793,21,6,0.08510000000000001,-0.383,0
V0793,21,5,0.0974,-0.342,0
V0793,21,4,0.05540000000000003,-0.482,0
V0793,21,3,0.06560000000000002,-0.448,0
V0793,21,2,0.1019,-0.327,0
V0793,21,1,0.05390000000000003,-0.487,0
V0793,21,0,0.08150000000000002,-0.395,0
V0794,11,7,0.1748,-0.084,0
V0794,11,6,0.24680000000000002,0.156,0
V0794,11,5,0.2111,0.037,0
V0794,11,4,0.2348,0.116,0
V0794,11,3,0.13880000000000003,-0.204,0
V0794,11,2,0.24170000000000003,0.139,0
V0794,11,1,0.1943,-0.019,0
V0794,11,0,0.19310000000000002,-0.023,0
V0796,7,6,0.4376,-0.208,1
V0796,7,5,0.10580000000000002,-0.314,0
V0796,7,4,0.10550000000000001,-0.315,0
V0796,7,3,0.14270000000000002,-0.191,0
V0796,7,2,0.10400000000000001,-0.32,0
V0796,7,1,0.09590000000000003,-0.347,0
V0796,7,0,0.1922,-0.026,0
V0796,9,7,0.10580000000000002,-0.314,0
V0796,9,6,0.10550000000000001,-0.315,0
V0796,9,5,0.14270000000000002,-0.191,0
V0796,9,4,0.10400000000000001,-0.32,0
V0796,9,3,0.09590000000000003,-0.347,0
V0796,9,2,0.1922,-0.026,0
V0796,9,1,0.1034,-0.322,0
V0796,9,0,0.13670000000000002,-0.211,0
V0796,15,7,0.1034,-0.322,0
V0796,15,6,0.13670000000000002,-0.211,0
V0796,15,5,0.1817,-0.061,0
V0796,15,4,0.07490000000000002,-0.417,0
V0796,15,3,0.1259,-0.247,0
V0796,15,2,0.11660000000000001,-0.278,0
V0796,15,1,0.05450000000000002,-0.485,0
V0796,15,0,0.09860000000000001,-0.338,0
V0796,20,7,0.11660000000000001,-0.278,0
V0796,20,6,0.05450000000000002,-0.485,0
V0796,20,5,0.09860000000000001,-0.338,0
V0796,20,4,0.08720000000000001,-0.376,0
V0796,20,3,0.09500000000000001,-0.35,0
V0796,20,2,0.007700000000000012,-0.641,0
V0796,20,1,0.05600000000000002,-0.48,0
V0796,20,0,0.09020000000000002,-0.366,0
V0797,1,0,0.3254,-0.582,1
V0797,11,7,0.05870000000000003,-0.471,0
V0797,11,6,0.0,-0.801,0
V0797,11,5,0.04730000000000001,-0.509,0
V0797,11,4,0.07250000000000001,-0.425,0
V0797,11,3,0.052700000000000025,-0.491,0
V0797,11,2,0.06410000000000002,-0.453,0
V0797,11,1,0.031100000000000044,-0.563,0
V0797,11,0,0.0,-0.686,0
V0797,16,7,0.06410000000000002,-0.453,0
V0797,16,6,0.031100000000000044,-0.563,0
V0797,16,5,0.0,-0.686,0
V0797,16,4,0.0,-0.8,0
V0797,16,3,0.0,-0.766,0
V0797,16,2,0.0,-0.732,0
V0797,16,1,0.019100000000000034,-0.603,0
V0797,16,0,0.0,-0.696,0
V0797,19,7,0.0,-0.8,0
V0797,19,6,0.0,-0.766,0
V0797,19,5,0.0,-0.732,0
V0797,19,4,0.019100000000000034,-0.603,0
V0797,19,3,0.0,-0.696,0
V0797,19,2,0.0,-0.696,0
V0797,19,1,0.0,-0.796,0
V0797,19,0,0.03409999999999999,-0.553,0
V0798,10,7,0.1862,-0.046,0
V0798,10,6,0.17870000000000003,-0.071,0
V0798,10,5,0.47809999999999997,-0.073,1
V0798,10,4,0.18050000000000002,-0.065,0
V0798,10,3,0.4502,-0.166,1
V0798,10,2,0.116,-0.28,0
V0798,10,1,0.12410000000000002,-0.253,0
V0798,10,0,0.4259,-0.247,1
V0798,19,7,0.2426,0.142,0
V0798,19,6,0.2456,0.152,0
V0798,19,5,0.21830000000000002,0.061,0
V0798,19,4,0.1796,-0.068,0
V0798,19,3,0.2132,0.044,0
V0798,19,2,0.1517,-0.161,0
V0798,19,1,0.18680000000000002,-0.044,0
V0798,19,0,0.34009999999999996,-0.533,1
V0800,11,7,0.1877,-0.041,0
V0800,11,6,0.1835,-0.055,0
V0800,11,5,0.1511,-0.163,0
V0800,11,4,0.1754,-0.082,0
V0800,11,3,0.1607,-0.131,0
V0800,11,2,0.1739,-0.087,0
V0800,11,1,0.125,-0.25,0
V0800,11,0,0.1865,-0.045,0
V0802,11,7,0.10940000000000001,-0.302,0
V0802,11,6,0.4622,-0.126,1
V0802,11,5,0.13880000000000003,-0.204,0
V0802,11,4,0.19190000000000002,-0.027,0
V0802,11,3,0.1385,-0.205,0
V0802,11,2,0.15530000000000002,-0.149,0
V0802,11,1,0.15530000000000002,-0.149,0
V0802,11,0,0.1451,-0.183,0
V0802,15,7,0.1385,-0.205,0
V0802,15,6,0.15530000000000002,-0.149,0
V0802,15,5,0.15530000000000002,-0.149,0
V0802,15,4,0.1451,-0.183,0
V0802,15,3,0.3821,-0.393,1
V0802,15,2,0.05120000000000002,-0.496,0
V0802,15,1,0.020300000000000012,-0.599,0
V0802,15,0,0.0,-0.684,0
V0802,17,7,0.15530000000000002,-0.149,0
V0802,17,6,0.1451,-0.183,0
V0802,17,5,0.3821,-0.393,1
V0802,17,4,0.05120000000000002,-0.496,0
V0802,17,3,0.020300000000000012,-0.599,0
V0802,17,2,0.0,-0.684,0
V0802,17,1,0.05210000000000001,-0.493,0
V0802,17,0,0.03890000000000002,-0.537,0
V0802,19,7,0.3821,-0.393,1
V0802,19,6,0.05120000000000002,-0.496,0
V0802,19,5,0.020300000000000012,-0.599,0
V0802,19,4,0.0,-0.684,0
V0802,19,3,0.05210000000000001,-0.493,0
V0802,19,2,0.03890000000000002,-0.537,0
V0802,19,1,0.08810000000000001,-0.373,0
V0802,19,0,0.27290000000000003,-0.757,1
V0802,20,7,0.05120000000000002,-0.496,0
V0802,20,6,0.020300000000000012,-0.599,0
V0802,20,5,0.0,-0.684,0
V0802,20,4,0.05210000000000001,-0.493,0
V0802,20,3,0.03890000000000002,-0.537,0
V0802,20,2,0.08810000000000001,-0.373,0
V0802,20,1,0.27290000000000003,-0.757,1
V0802,20,0,0.0,-0.757,0
V0802,21,7,0.020300000000000012,-0.599,0
V0802,21,6,0.0,-0.684,0
V0802,21,5,0.05210000000000001,-0.493,0
V0802,21,4,0.03890000000000002,-0.537,0
V0802,21,3,0.08810000000000001,-0.373,0
V0802,21,2,0.27290000000000003,-0.757,1
V0802,21,1,0.0,-0.757,0
V0802,21,0,0.007700000000000012,-0.641,0
V0802,22,7,0.0,-0.684,0
V0802,22,6,0.05210000000000001,-0.493,0
V0802,22,5,0.03890000000000002,-0.537,0
V0802,22,4,0.08810000000000001,-0.373,0
V0802,22,3,0.27290000000000003,-0.757,1
V0802,22,2,0.0,-0.757,0
V0802,22,1,0.007700000000000012,-0.641,0
V0802,22,0,0.005600000000000022,-0.648,0
V0802,23,7,0.05210000000000001,-0.493,0
V0802,23,6,0.03890000000000002,-0.537,0
V0802,23,5,0.08810000000000001,-0.373,0
V0802,23,4,0.27290000000000003,-0.757,1
V0802,23,3,0.0,-0.757,0
V0802,23,2,0.007700000000000012,-0.641,0
V0802,23,1,0.005600000000000022,-0.648,0
V0802,23,0,0.024200000000000027,-0.586,0
V0806,12,7,0.1862,-0.046,0
V0806,12,6,0.2489,0.163,0
V0806,12,5,0.2102,0.034,0
V0806,12,4,0.20600000000000002,0.02,0
V0806,12,3,0.1592,-0.136,0
V0806,12,2,0.1844,-0.052,0
V0806,12,1,0.1574,-0.142,0
V0806,12,0,0.18530000000000002,-0.049,0
V0807,22,7,0.1652,-0.116,0
V0807,22,6,0.1346,-0.218,0
V0807,22,5,0.1307,-0.231,0
V0807,22,4,0.13820000000000002,-0.206,0
V0807,22,3,0.08870000000000001,-0.371,0
V0807,22,2,0.1208,-0.264,0
V0807,22,1,0.08480000000000001,-0.384,0
V0807,22,0,0.13790000000000002,-0.207,0
V0808,19,7,0.12200000000000001,-0.26,0
V0808,19,6,0.15230000000000002,-0.159,0
V0808,19,5,0.15860000000000002,-0.138,0
V0808,19,4,0.203,0.01,0
V0808,19,3,0.17930000000000001,-0.069,0
V0808,19,2,0.1574,-0.142,0
V0808,19,1,0.23,0.1,0
V0808,19,0,0.1937,-0.021,0
V0809,16,7,0.1991,-0.003,0
V0809,16,6,0.1832,-0.056,0
V0809,16,5,0.2054,0.018,0
V0809,16,4,0.1859,-0.047,0
V0809,16,3,0.16970000000000002,-0.101,0
V0809,16,2,0.2516,0.172,0
V0809,16,1,0.1496,-0.168,0
V0809,16,0,0.17720000000000002,-0.076,0
V0809,21,7,0.2516,0.172,0
V0809,21,6,0.1496,-0.168,0
V0809,21,5,0.17720000000000002,-0.076,0
V0809,21,4,0.1829,-0.057,0
V0809,21,3,0.188,-0.04,0
V0809,21,2,0.1628,-0.124,0
V0809,21,1,0.098,-0.34,0
V0809,21,0,0.07970000000000001,-0.401,0
V0809,22,7,0.1496,-0.168,0
V0809,22,6,0.17720000000000002,-0.076,0
V0809,22,5,0.1829,-0.057,0
V0809,22,4,0.188,-0.04,0
V0809,22,3,0.1628,-0.124,0
V0809,22,2,0.098,-0.34,0
V0809,22,1,0.07970000000000001,-0.401,0
V0809,22,0,0.128,-0.24,0
V0810,14,7,0.10430000000000002,-0.319,0
V0810,14,6,0.5525,0.175,1
V0810,14,5,0.128,-0.24,0
V0810,14,4,0.164,-0.12,0
V0810,14,3,0.17120000000000002,-0.096,0
V0810,14,2,0.10640000000000001,-0.312,0
V0810,14,1,0.10490000000000001,-0.317,0
V0810,14,0,0.07340000000000002,-0.422,0
V0810,19,7,0.10640000000000001,-0.312,0
V0810,19,6,0.10490000000000001,-0.317,0
V0810,19,5,0.07340000000000002,-0.422,0
V0810,19,4,0.0632,-0.456,0
V0810,19,3,0.0,-0.685,0
V0810,19,2,0.1451,-0.183,0
V0810,19,1,0.08330000000000001,-0.389,0
V0810,19,0,0.09770000000000001,-0.341,0
V0811,20,7,0.08720000000000001,-0.376,0
V0811,20,6,0.08990000000000002,-0.367,0
V0811,20,5,0.11540000000000002,-0.282,0
V0811,20,4,0.09380000000000002,-0.354,0
V0811,20,3,0.035,-0.55,0
V0811,20,2,0.13130000000000003,-0.229,0
V0811,20,1,0.10430000000000002,-0.319,0
V0811,20,0,0.4373,-0.209,1
V0813,22,7,0.2558,0.186,0
V0813,22,6,0.2432,0.144,0
V0813,22,5,0.21530000000000002,0.051,0
V0813,22,4,0.1895,-0.035,0
V0813,22,3,0.2159,0.053,0
V0813,22,2,0.17600000000000002,-0.08,0
V0813,22,1,0.15080000000000002,-0.164,0
V0813,22,0,0.14780000000000001,-0.174,0
V0814,22,7,0.17450000000000002,-0.085,0
V0814,22,6,0.12680000000000002,-0.244,0
V0814,22,5,0.07520000000000002,-0.416,0
V0814,22,4,0.16910000000000003,-0.103,0
V0814,22,3,0.185,-0.05,0
V0814,22,2,0.15410000000000001,-0.153,0
V0814,22,1,0.1799,-0.067,0
V0814,22,0,0.17450000000000002,-0.085,0
V0817,23,7,0.16760000000000003,-0.108,0
V0817,23,6,0.08780000000000002,-0.374,0
V0817,23,5,0.11030000000000002,-0.299,0
V0817,23,4,0.08630000000000002,-0.379,0
V0817,23,3,0.08480000000000001,-0.384,0
V0817,23,2,0.08510000000000001,-0.383,0
V0817,23,1,0.035,-0.55,0
V0817,23,0,0.037099999999999994,-0.543,0
V0819,10,7,0.5114,0.038,1
V0819,10,6,0.1832,-0.056,0
V0819,10,5,0.2243,0.081,0
V0819,10,4,0.1721,-0.093,0
V0819,10,3,0.20450000000000002,0.015,0
V0819,10,2,0.14570000000000002,-0.181,0
V0819,10,1,0.10700000000000001,-0.31,0
V0819,10,0,0.11450000000000002,-0.285,0
V0819,12,7,0.2243,0.081,0
V0819,12,6,0.1721,-0.093,0
V0819,12,5,0.20450000000000002,0.015,0
V0819,12,4,0.14570000000000002,-0.181,0
V0819,12,3,0.10700000000000001,-0.31,0
V0819,12,2,0.11450000000000002,-0.285,0
V0819,12,1,0.1721,-0.093,0
V0819,12,0,0.11000000000000001,-0.3,0
V0819,14,7,0.20450000000000002,0.015,0
V0819,14,6,0.14570000000000002,-0.181,0
V0819,14,5,0.10700000000000001,-0.31,0
V0819,14,4,0.11450000000000002,-0.285,0
V0819,14,3,0.1721,-0.093,0
V0819,14,2,0.11000000000000001,-0.3,0
V0819,14,1,0.1502,-0.166,0
V0819,14,0,0.12710000000000002,-0.243,0
V0819,16,7,0.10700000000000001,-0.31,0
V0819,16,6,0.11450000000000002,-0.285,0
V0819,16,5,0.1721,-0.093,0
V0819,16,4,0.11000000000000001,-0.3,0
V0819,16,3,0.1502,-0.166,0
V0819,16,2,0.12710000000000002,-0.243,0
V0819,16,1,0.09770000000000001,-0.341,0
V0819,16,0,0.06080000000000002,-0.464,0
V0819,19,7,0.11000000000000001,-0.3,0
V0819,19,6,0.1502,-0.166,0
V0819,19,5,0.12710000000000002,-0.243,0
V0819,19,4,0.09770000000000001,-0.341,0
V0819,19,3,0.06080000000000002,-0.464,0
V0819,19,2,0.05030000000000001,-0.499,0
V0819,19,1,0.08870000000000001,-0.371,0
V0819,19,0,0.10070000000000001,-0.331,0
V0819,23,7,0.06080000000000002,-0.464,0
V0819,23,6,0.05030000000000001,-0.499,0
V0819,23,5,0.08870000000000001,-0.371,0
V0819,23,4,0.10070000000000001,-0.331,0
V0819,23,3,0.07190000000000002,-0.427,0
V0819,23,2,0.05570000000000003,-0.481,0
V0819,23,1,0.12020000000000002,-0.266,0
V0819,23,0,0.04550000000000001,-0.515,0
V0820,18,7,0.2534,0.178,0
V0820,18,6,0.2288,0.096,0
V0820,18,5,0.2873,0.291,0
V0820,18,4,0.15680000000000002,-0.144,0
V0820,18,3,0.21860000000000002,0.062,0
V0820,18,2,0.1811,-0.063,0
V0820,18,1,0.1937,-0.021,0
V0820,18,0,0.20420000000000002,0.014,0
V0822,13,7,0.18050000000000002,-0.065,0
V0822,13,6,0.1607,-0.131,0
V0822,13,5,0.1325,-0.225,0
V0822,13,4,0.131,-0.23,0
V0822,13,3,0.1706,-0.098,0
V0822,13,2,0.15080000000000002,-0.164,0
V0822,13,1,0.1376,-0.208,0
V0822,13,0,0.10820000000000002,-0.306,0
V0826,17,7,0.20240000000000002,0.008,0
V0826,17,6,0.1499,-0.167,0
V0826,17,5,0.16310000000000002,-0.123,0
V0826,17,4,0.16820000000000002,-0.106,0
V0826,17,3,0.19610000000000002,-0.013,0
V0826,17,2,0.21380000000000002,0.046,0
V0826,17,1,0.473,-0.09,1
V0826,17,0,0.1859,-0.047,0
V0828,4,3,0.1769,-0.077,0
V0828,4,2,0.18200000000000002,-0.06,0
V0828,4,1,0.2129,0.043,0
V0828,4,0,0.2129,0.043,0
V0828,17,7,0.14720000000000003,-0.176,0
V0828,17,6,0.07670000000000002,-0.411,0
V0828,17,5,0.1391,-0.203,0
V0828,17,4,0.164,-0.12,0
V0828,17,3,0.43520000000000003,-0.216,1
V0828,17,2,0.16190000000000002,-0.127,0
V0828,17,1,0.1481,-0.173,0
V0828,17,0,0.1208,-0.264,0
V0828,21,7,0.43520000000000003,-0.216,1
V0828,21,6,0.16190000000000002,-0.127,0
V0828,21,5,0.1481,-0.173,0
V0828,21,4,0.1208,-0.264,0
V0828,21,3,0.3887,-0.371,1
V0828,21,2,0.14720000000000003,-0.176,0
V0828,21,1,0.07610000000000003,-0.413,0
V0828,21,0,0.07940000000000001,-0.402,0
V0830,9,7,0.18380000000000002,-0.054,0
V0830,9,6,0.1529,-0.157,0
V0830,9,5,0.11420000000000002,-0.286,0
V0830,9,4,0.19490000000000002,-0.017,0
V0830,9,3,0.16970000000000002,-0.101,0
V0830,9,2,0.1502,-0.166,0
V0830,9,1,0.1583,-0.139,0
V0830,9,0,0.22970000000000002,0.099,0
V0831,3,2,0.2018,0.006,0
V0831,3,1,0.224,0.08,0
V0831,3,0,0.245,0.15,0
V0833,16,7,0.1841,-0.053,0
V0833,16,6,0.1481,-0.173,0
V0833,16,5,0.1658,-0.114,0
V0833,16,4,0.4448,-0.184,1
V0833,16,3,0.13040000000000002,-0.232,0
V0833,16,2,0.101,-0.33,0
V0833,16,1,0.05090000000000003,-0.497,0
V0833,16,0,0.1685,-0.105,0
V0833,18,7,0.1658,-0.114,0
V0833,18,6,0.4448,-0.184,1
V0833,18,5,0.13040000000000002,-0.232,0
V0833,18,4,0.101,-0.33,0
V0833,18,3,0.05090000000000003,-0.497,0
V0833,18,2,0.1685,-0.105,0
V0833,18,1,0.09620000000000002,-0.346,0
V0833,18,0,0.031700000000000006,-0.561,0
V0834,10,7,0.2189,0.063,0
V0834,10,6,0.1685,-0.105,0
V0834,10,5,0.1514,-0.162,0
V0834,10,4,0.2039,0.013,0
V0834,10,3,0.19790000000000002,-0.007,0
V0834,10,2,0.18050000000000002,-0.065,0
V0834,10,1,0.4691,-0.103,1
V0834,10,0,0.09050000000000001,-0.365,0
V0834,21,7,0.12410000000000002,-0.253,0
V0834,21,6,0.13730000000000003,-0.209,0
V0834,21,5,0.09560000000000002,-0.348,0
V0834,21,4,0.4397,-0.201,1
V0834,21,3,0.10880000000000002,-0.304,0
V0834,21,2,0.17600000000000002,-0.08,0
V0834,21,1,0.1625,-0.125,0
V0834,21,0,0.12110000000000001,-0.263,0
V0834,23,7,0.09560000000000002,-0.348,0
V0834,23,6,0.4397,-0.201,1
V0834,23,5,0.10880000000000002,-0.304,0
V0834,23,4,0.17600000000000002,-0.08,0
V0834,23,3,0.1625,-0.125,0
V0834,23,2,0.12110000000000001,-0.263,0
V0834,23,1,0.0971,-0.343,0
V0834,23,0,0.09320000000000002,-0.356,0
V0836,12,7,0.1499,-0.167,0
V0836,12,6,0.19310000000000002,-0.023,0
V0836,12,5,0.4961,-0.013,1
V0836,12,4,0.2003,0.001,0
V0836,12,3,0.23270000000000002,0.109,0
V0836,12,2,0.15200000000000002,-0.16,0
V0836,12,1,0.17,-0.1,0
V0836,12,0,0.1925,-0.025,0
V0836,21,7,0.4961,-0.013,1
V0836,21,6,0.2003,0.001,0
V0836,21,5,0.2336,0.112,0
V0836,21,4,0.4739,-0.087,1
V0836,21,3,0.13280000000000003,-0.224,0
V0836,21,2,0.16190000000000002,-0.127,0
V0836,21,1,0.44630000000000003,-0.179,1
V0836,21,0,0.08120000000000001,-0.396,0
V0836,23,7,0.2336,0.112,0
V0836,23,6,0.4739,-0.087,1
V0836,23,5,0.13280000000000003,-0.224,0
V0836,23,4,0.16190000000000002,-0.127,0
V0836,23,3,0.44630000000000003,-0.179,1
V0836,23,2,0.08120000000000001,-0.396,0
V0836,23,1,0.1754,-0.082,0
V0836,23,0,0.044300000000000006,-0.519,0
V0837,17,7,0.19460000000000002,-0.018,0
V0837,17,6,0.17570000000000002,-0.081,0
V0837,17,5,0.2054,0.018,0
V0837,17,4,0.1865,-0.045,0
V0837,17,3,0.1943,-0.019,0
V0837,17,2,0.1502,-0.166,0
V0837,17,1,0.1763,-0.079,0
V0837,17,0,0.08300000000000002,-0.39,0
V0837,18,7,0.17570000000000002,-0.081,0
V0837,18,6,0.2054,0.018,0
V0837,18,5,0.1865,-0.045,0
V0837,18,4,0.1943,-0.019,0
V0837,18,3,0.1502,-0.166,0
V0837,18,2,0.1763,-0.079,0
V0837,18,1,0.08300000000000002,-0.39,0
V0837,18,0,0.11000000000000001,-0.3,0
V0837,20,7,0.1865,-0.045,0
V0837,20,6,0.1943,-0.019,0
V0837,20,5,0.1502,-0.166,0
V0837,20,4,0.1763,-0.079,0
V0837,20,3,0.08300000000000002,-0.39,0
V0837,20,2,0.11000000000000001,-0.3,0
V0837,20,1,0.3422,-0.526,1
V0837,20,0,0.03559999999999999,-0.548,0
V0837,22,7,0.1502,-0.166,0
V0837,22,6,0.1763,-0.079,0
V0837,22,5,0.08300000000000002,-0.39,0
V0837,22,4,0.11000000000000001,-0.3,0
V0837,22,3,0.3422,-0.526,1
V0837,22,2,0.03559999999999999,-0.548,0
V0837,22,1,0.08300000000000002,-0.39,0
V0837,22,0,0.012200000000000016,-0.626,0
V0837,23,7,0.1763,-0.079,0
V0837,23,6,0.08300000000000002,-0.39,0
V0837,23,5,0.11000000000000001,-0.3,0
V0837,23,4,0.3422,-0.526,1
V0837,23,3,0.03559999999999999,-0.548,0
V0837,23,2,0.08300000000000002,-0.39,0
V0837,23,1,0.012200000000000016,-0.626,0
V0837,23,0,0.0353,-0.549,0
V0838,10,7,0.191,-0.03,0
V0838,10,6,0.15050000000000002,-0.165,0
V0838,10,5,0.13940000000000002,-0.202,0
V0838,10,4,0.14750000000000002,-0.175,0
V0838,10,3,0.18230000000000002,-0.059,0
V0838,10,2,0.1463,-0.179,0
V0838,10,1,0.422,-0.26,1
V0838,10,0,0.07790000000000002,-0.407,0
V0838,15,7,0.1463,-0.179,0
V0838,15,6,0.422,-0.26,1
V0838,15,5,0.07790000000000002,-0.407,0
V0838,15,4,0.4259,-0.247,1
V0838,15,3,0.09440000000000003,-0.352,0
V0838,15,2,0.12560000000000002,-0.248,0
V0838,15,1,0.07460000000000003,-0.418,0
V0838,15,0,0.04730000000000001,-0.509,0
V0838,17,7,0.07790000000000002,-0.407,0
V0838,17,6,0.4259,-0.247,1
V0838,17,5,0.09440000000000003,-0.352,0
V0838,17,4,0.12560000000000002,-0.248,0
V0838,17,3,0.07460000000000003,-0.418,0
V0838,17,2,0.04730000000000001,-0.509,0
V0838,17,1,0.08480000000000001,-0.384,0
V0838,17,0,0.04580000000000001,-0.514,0
V0838,19,7,0.09440000000000003,-0.352,0
V0838,19,6,0.12560000000000002,-0.248,0
V0838,19,5,0.07460000000000003,-0.418,0
V0838,19,4,0.04730000000000001,-0.509,0
V0838,19,3,0.08480000000000001,-0.384,0
V0838,19,2,0.04580000000000001,-0.514,0
V0838,19,1,0.08000000000000002,-0.4,0
V0838,19,0,0.03409999999999999,-0.553,0
V0838,22,7,0.04730000000000001,-0.509,0
V0838,22,6,0.08480000000000001,-0.384,0
V0838,22,5,0.04580000000000001,-0.514,0
V0838,22,4,0.08000000000000002,-0.4,0
V0838,22,3,0.03409999999999999,-0.553,0
V0838,22,2,0.1184,-0.272,0
V0838,22,1,0.12110000000000001,-0.263,0
V0838,22,0,0.08330000000000001,-0.389,0
V0838,23,7,0.08480000000000001,-0.384,0
V0838,23,6,0.04580000000000001,-0.514,0
V0838,23,5,0.08000000000000002,-0.4,0
V0838,23,4,0.03409999999999999,-0.553,0
V0838,23,3,0.1184,-0.272,0
V0838,23,2,0.12110000000000001,-0.263,0
V0838,23,1,0.08330000000000001,-0.389,0
V0838,23,0,0.4313,-0.229,1
V0840,8,7,0.4925,-0.025,1
V0840,8,6,0.24530000000000002,0.151,0
V0840,8,5,0.2738,0.246,0
V0840,8,4,0.23120000000000002,0.104,0
V0840,8,3,0.263,0.21,0
V0840,8,2,0.2021,0.007,0
V0840,8,1,0.19940000000000002,-0.002,0
V0840,8,0,0.2681,0.227,0
V0840,22,7,0.2174,0.058,0
V0840,22,6,0.17900000000000002,-0.07,0
V0840,22,5,0.17720000000000002,-0.076,0
V0840,22,4,0.1385,-0.205,0
V0840,22,3,0.2615,0.205,0
V0840,22,2,0.1316,-0.228,0
V0840,22,1,0.4763,-0.079,1
V0840,22,0,0.13490000000000002,-0.217,0
V0841,8,7,0.4874,-0.042,1
V0841,8,6,0.2177,0.059,0
V0841,8,5,0.2069,0.023,0
V0841,8,4,0.21860000000000002,0.062,0
V0841,8,3,0.22340000000000002,0.078,0
V0841,8,2,0.1208,-0.264,0
V0841,8,1,0.15650000000000003,-0.145,0
V0841,8,0,0.12980000000000003,-0.234,0
V0841,9,7,0.2177,0.059,0
V0841,9,6,0.2069,0.023,0
V0841,9,5,0.21860000000000002,0.062,0
V0841,9,4,0.22340000000000002,0.078,0
V0841,9,3,0.1208,-0.264,0
V0841,9,2,0.15650000000000003,-0.145,0
V0841,9,1,0.12980000000000003,-0.234,0
V0841,9,0,0.12170000000000002,-0.261,0
V0841,11,7,0.21860000000000002,0.062,0
V0841,11,6,0.22340000000000002,0.078,0
V0841,11,5,0.1208,-0.264,0
V0841,11,4,0.15650000000000003,-0.145,0
V0841,11,3,0.12980000000000003,-0.234,0
V0841,11,2,0.12170000000000002,-0.261,0
V0841,11,1,0.13820000000000002,-0.206,0
V0841,11,0,0.09620000000000002,-0.346,0
V0841,13,7,0.1208,-0.264,0
V0841,13,6,0.15650000000000003,-0.145,0
V0841,13,5,0.12980000000000003,-0.234,0
V0841,13,4,0.12170000000000002,-0.261,0
V0841,13,3,0.13820000000000002,-0.206,0
V0841,13,2,0.09620000000000002,-0.346,0
V0841,13,1,0.3827,-0.391,1
V0841,13,0,0.14900000000000002,-0.17,0
V0841,14,7,0.15650000000000003,-0.145,0
V0841,14,6,0.12980000000000003,-0.234,0
V0841,14,5,0.12170000000000002,-0.261,0
V0841,14,4,0.13820000000000002,-0.206,0
V0841,14,3,0.09620000000000002,-0.346,0
V0841,14,2,0.3827,-0.391,1
V0841,14,1,0.14900000000000002,-0.17,0
V0841,14,0,0.12860000000000002,-0.238,0
V0841,20,7,0.14900000000000002,-0.17,0
V0841,20,6,0.12860000000000002,-0.238,0
V0841,20,5,0.07700000000000003,-0.41,0
V0841,20,4,0.10310000000000001,-0.323,0
V0841,20,3,0.06620000000000001,-0.446,0
V0841,20,2,0.10490000000000001,-0.317,0
V0841,20,1,0.116,-0.28,0
V0841,20,0,0.1355,-0.215,0
V0842,15,7,0.128,-0.24,0
V0842,15,6,0.09320000000000002,-0.356,0
V0842,15,5,0.08660000000000001,-0.378,0
V0842,15,4,0.13880000000000003,-0.204,0
V0842,15,3,0.07790000000000002,-0.407,0
V0842,15,2,0.05300000000000002,-0.49,0
V0842,15,1,0.0989,-0.337,0
V0842,15,0,0.1385,-0.205,0
V0843,7,6,0.2156,0.052,0
V0843,7,5,0.15050000000000002,-0.165,0
V0843,7,4,0.1433,-0.189,0
V0843,7,3,0.1748,-0.084,0
V0843,7,2,0.15560000000000002,-0.148,0
V0843,7,1,0.17,-0.1,0
V0843,7,0,0.08450000000000002,-0.385,0
V0843,12,7,0.15560000000000002,-0.148,0
V0843,12,6,0.17,-0.1,0
V0843,12,5,0.08450000000000002,-0.385,0
V0843,12,4,0.21080000000000002,0.036,0
V0843,12,3,0.4868,-0.044,1
V0843,12,2,0.4586,-0.138,1
V0843,12,1,0.1421,-0.193,0
V0843,12,0,0.12890000000000001,-0.237,0
V0843,18,7,0.1421,-0.193,0
V0843,18,6,0.12890000000000001,-0.237,0
V0843,18,5,0.1622,-0.126,0
V0843,18,4,0.1193,-0.269,0
V0843,18,3,0.3842,-0.386,1
V0843,18,2,0.14270000000000002,-0.191,0
V0843,18,1,0.14780000000000001,-0.174,0
V0843,18,0,0.14150000000000001,-0.195,0
V0843,20,7,0.1622,-0.126,0
V0843,20,6,0.1193,-0.269,0
V0843,20,5,0.3842,-0.386,1
V0843,20,4,0.14270000000000002,-0.191,0
V0843,20,3,0.14780000000000001,-0.174,0
V0843,20,2,0.14150000000000001,-0.195,0
V0843,20,1,0.1178,-0.274,0
V0843,20,0,0.1325,-0.225,0
V0843,21,7,0.1193,-0.269,0
V0843,21,6,0.3842,-0.386,1
V0843,21,5,0.14270000000000002,-0.191,0
V0843,21,4,0.14780000000000001,-0.174,0
V0843,21,3,0.14150000000000001,-0.195,0
V0843,21,2,0.1178,-0.274,0
V0843,21,1,0.1325,-0.225,0
V0843,21,0,0.14090000000000003,-0.197,0
V0843,22,7,0.3842,-0.386,1
V0843,22,6,0.14270000000000002,-0.191,0
V0843,22,5,0.14780000000000001,-0.174,0
V0843,22,4,0.14150000000000001,-0.195,0
V0843,22,3,0.1178,-0.274,0
V0843,22,2,0.1325,-0.225,0
V0843,22,1,0.14090000000000003,-0.197,0
V0843,22,0,0.11180000000000002,-0.294,0
V0843,23,7,0.14270000000000002,-0.191,0
V0843,23,6,0.14780000000000001,-0.174,0
V0843,23,5,0.14150000000000001,-0.195,0
V0843,23,4,0.1178,-0.274,0
V0843,23,3,0.1325,-0.225,0
V0843,23,2,0.14090000000000003,-0.197,0
V0843,23,1,0.11180000000000002,-0.294,0
V0843,23,0,0.4652,-0.116,1
V0844,5,4,0.5471,0.157,1
V0844,5,3,0.19190000000000002,-0.027,0
V0844,5,2,0.17750000000000002,-0.075,0
V0844,5,1,0.49670000000000003,-0.011,1
V0844,5,0,0.22970000000000002,0.099,0
V0844,16,7,0.2093,0.031,0
V0844,16,6,0.21860000000000002,0.062,0
V0844,16,5,0.16670000000000001,-0.111,0
V0844,16,4,0.1499,-0.167,0
V0844,16,3,0.08780000000000002,-0.374,0
V0844,16,2,0.11720000000000001,-0.276,0
V0844,16,1,0.1463,-0.179,0
V0844,16,0,0.3659,-0.447,1
V0844,19,7,0.1499,-0.167,0
V0844,19,6,0.08780000000000002,-0.374,0
V0844,19,5,0.11720000000000001,-0.276,0
V0844,19,4,0.1463,-0.179,0
V0844,19,3,0.3659,-0.447,1
V0844,19,2,0.11870000000000001,-0.271,0
V0844,19,1,0.10970000000000002,-0.301,0
V0844,19,0,0.09980000000000001,-0.334,0
V0844,21,7,0.11720000000000001,-0.276,0
V0844,21,6,0.1463,-0.179,0
V0844,21,5,0.3659,-0.447,1
V0844,21,4,0.11870000000000001,-0.271,0
V0844,21,3,0.10970000000000002,-0.301,0
V0844,21,2,0.09980000000000001,-0.334,0
V0844,21,1,0.04490000000000002,-0.517,0
V0844,21,0,0.12260000000000001,-0.258,0
V0847,14,7,0.16310000000000002,-0.123,0
V0847,14,6,0.13880000000000003,-0.204,0
V0847,14,5,0.1562,-0.146,0
V0847,14,4,0.15710000000000002,-0.143,0
V0847,14,3,0.1376,-0.208,0
V0847,14,2,0.09650000000000002,-0.345,0
V0847,14,1,0.1547,-0.151,0
V0847,14,0,0.473,-0.09,1
V0848,10,7,0.21500000000000002,0.05,0
V0848,10,6,0.2393,0.131,0
V0848,10,5,0.2414,0.138,0
V0848,10,4,0.4196,-0.268,1
V0848,10,3,0.1436,-0.188,0
V0848,10,2,0.1595,-0.135,0
V0848,10,1,0.2237,0.079,0
V0848,10,0,0.2018,0.006,0
V0849,14,7,0.10490000000000001,-0.317,0
V0849,14,6,0.08990000000000002,-0.367,0
V0849,14,5,0.0416,-0.528,0
V0849,14,4,0.07550000000000003,-0.415,0
V0849,14,3,0.4031,-0.323,1
V0849,14,2,0.04670000000000002,-0.511,0
V0849,14,1,0.09770000000000001,-0.341,0
V0849,14,0,0.03559999999999999,-0.548,0
V0849,17,7,0.07550000000000003,-0.415,0
V0849,17,6,0.4031,-0.323,1
V0849,17,5,0.04670000000000002,-0.511,0
V0849,17,4,0.09770000000000001,-0.341,0
V0849,17,3,0.03559999999999999,-0.548,0
V0849,17,2,0.09410000000000002,-0.353,0
V0849,17,1,0.03259999999999999,-0.558,0
V0849,17,0,0.019700000000000023,-0.601,0
V0850,6,5,0.1589,-0.137,0
V0850,6,4,0.1748,-0.084,0
V0850,6,3,0.17420000000000002,-0.086,0
V0850,6,2,0.1223,-0.259,0
V0850,6,1,0.2069,0.023,0
V0850,6,0,0.194,-0.02,0
V0850,10,7,0.17420000000000002,-0.086,0
V0850,10,6,0.1223,-0.259,0
V0850,10,5,0.2069,0.023,0
V0850,10,4,0.194,-0.02,0
V0850,10,3,0.19340000000000002,-0.022,0
V0850,10,2,0.21860000000000002,0.062,0
V0850,10,1,0.14270000000000002,-0.191,0
V0850,10,0,0.16760000000000003,-0.108,0
V0850,17,7,0.16760000000000003,-0.108,0
V0850,17,6,0.4295,-0.235,1
V0850,17,5,0.11720000000000001,-0.276,0
V0850,17,4,0.06470000000000001,-0.451,0
V0850,17,3,0.04400000000000001,-0.52,0
V0850,17,2,0.11060000000000002,-0.298,0
V0850,17,1,0.054800000000000015,-0.484,0
V0850,17,0,0.09470000000000002,-0.351,0
V0850,20,7,0.06470000000000001,-0.451,0
V0850,20,6,0.04400000000000001,-0.52,0
V0850,20,5,0.11060000000000002,-0.298,0
V0850,20,4,0.054800000000000015,-0.484,0
V0850,20,3,0.09470000000000002,-0.351,0
V0850,20,2,0.08900000000000001,-0.37,0
V0850,20,1,0.13280000000000003,-0.224,0
V0850,20,0,0.050600000000000006,-0.498,0
V0850,21,7,0.04400000000000001,-0.52,0
V0850,21,6,0.11060000000000002,-0.298,0
V0850,21,5,0.054800000000000015,-0.484,0
V0850,21,4,0.09470000000000002,-0.351,0
V0850,21,3,0.08900000000000001,-0.37,0
V0850,21,2,0.13280000000000003,-0.224,0
V0850,21,1,0.050600000000000006,-0.498,0
V0850,21,0,0.12320000000000002,-0.256,0
V0850,23,7,0.054800000000000015,-0.484,0
V0850,23,6,0.09470000000000002,-0.351,0
V0850,23,5,0.08900000000000001,-0.37,0
V0850,23,4,0.13280000000000003,-0.224,0
V0850,23,3,0.050600000000000006,-0.498,0
V0850,23,2,0.12320000000000002,-0.256,0
V0850,23,1,0.065,-0.45,0
V0850,23,0,0.07220000000000001,-0.426,0
V0859,5,4,0.07850000000000001,-0.405,0
V0859,5,3,0.12290000000000001,-0.257,0
V0859,5,2,0.08510000000000001,-0.383,0
V0859,5,1,0.11150000000000002,-0.295,0
V0859,5,0,0.05780000000000002,-0.474,0
V0859,6,5,0.07850000000000001,-0.405,0
V0859,6,4,0.12290000000000001,-0.257,0
V0859,6,3,0.08510000000000001,-0.383,0
V0859,6,2,0.11150000000000002,-0.295,0
V0859,6,1,0.05780000000000002,-0.474,0
V0859,6,0,0.04400000000000001,-0.52,0
V0859,11,7,0.11150000000000002,-0.295,0
V0859,11,6,0.05780000000000002,-0.474,0
V0859,11,5,0.04400000000000001,-0.52,0
V0859,11,4,0.09530000000000002,-0.349,0
V0859,11,3,0.08720000000000001,-0.376,0
V0859,11,2,0.1259,-0.247,0
V0859,11,1,0.04190000000000002,-0.527,0
V0859,11,0,0.017900000000000027,-0.607,0
V0859,14,7,0.09530000000000002,-0.349,0
V0859,14,6,0.08720000000000001,-0.376,0
V0859,14,5,0.1259,-0.247,0
V0859,14,4,0.04190000000000002,-0.527,0
V0859,14,3,0.017900000000000027,-0.607,0
V0859,14,2,0.004400000000000015,-0.652,0
V0859,14,1,0.34099999999999997,-0.53,1
V0859,14,0,0.09020000000000002,-0.366,0
V0859,18,7,0.017900000000000027,-0.607,0
V0859,18,6,0.004400000000000015,-0.652,0
V0859,18,5,0.34099999999999997,-0.53,1
V0859,18,4,0.09020000000000002,-0.366,0
V0859,18,3,0.042200000000000015,-0.526,0
V0859,18,2,0.3269,-0.577,1
V0859,18,1,0.0,-0.701,0
V0859,18,0,0.05660000000000001,-0.478,0
V0859,20,7,0.34099999999999997,-0.53,1
V0859,20,6,0.09020000000000002,-0.366,0
V0859,20,5,0.042200000000000015,-0.526,0
V0859,20,4,0.3269,-0.577,1
V0859,20,3,0.0,-0.701,0
V0859,20,2,0.05660000000000001,-0.478,0
V0859,20,1,0.33709999999999996,-0.543,1
V0859,20,0,0.0,-0.751,0
V0859,21,7,0.09020000000000002,-0.366,0
V0859,21,6,0.042200000000000015,-0.526,0
V0859,21,5,0.3269,-0.577,1
V0859,21,4,0.0,-0.701,0
V0859,21,3,0.05660000000000001,-0.478,0
V0859,21,2,0.33709999999999996,-0.543,1
V0859,21,1,0.0,-0.751,0
V0859,21,0,0.026900000000000035,-0.577,0
V0860,12,7,0.07940000000000001,-0.402,0
V0860,12,6,0.012200000000000016,-0.626,0
V0860,12,5,0.042800000000000005,-0.524,0
V0860,12,4,0.0,-0.676,0
V0860,12,3,0.02780000000000002,-0.574,0
V0860,12,2,0.3407,-0.531,1
V0860,12,1,0.009500000000000008,-0.635,0
V0860,12,0,0.05000000000000002,-0.5,0
V0860,13,7,0.012200000000000016,-0.626,0
V0860,13,6,0.042800000000000005,-0.524,0
V0860,13,5,0.0,-0.676,0
V0860,13,4,0.02780000000000002,-0.574,0
V0860,13,3,0.3407,-0.531,1
V0860,13,2,0.009500000000000008,-0.635,0
V0860,13,1,0.05000000000000002,-0.5,0
V0860,13,0,0.0,-0.667,0
V0860,15,7,0.0,-0.676,0
V0860,15,6,0.02780000000000002,-0.574,0
V0860,15,5,0.3407,-0.531,1
V0860,15,4,0.009500000000000008,-0.635,0
V0860,15,3,0.05000000000000002,-0.5,0
V0860,15,2,0.0,-0.667,0
V0860,15,1,0.020300000000000012,-0.599,0
V0860,15,0,0.0,-0.668,0
V0860,16,7,0.02780000000000002,-0.574,0
V0860,16,6,0.3407,-0.531,1
V0860,16,5,0.009500000000000008,-0.635,0
V0860,16,4,0.05000000000000002,-0.5,0
V0860,16,3,0.0,-0.667,0
V0860,16,2,0.020300000000000012,-0.599,0
V0860,16,1,0.0,-0.668,0
V0860,16,0,0.0,-0.737,0
V0860,18,7,0.009500000000000008,-0.635,0
V0860,18,6,0.05000000000000002,-0.5,0
V0860,18,5,0.0,-0.667,0
V0860,18,4,0.020300000000000012,-0.599,0
V0860,18,3,0.0,-0.668,0
V0860,18,2,0.0,-0.737,0
V0860,18,1,0.0,-0.739,0
V0860,18,0,0.0398,-0.534,0
V0860,20,7,0.0,-0.667,0
V0860,20,6,0.020300000000000012,-0.599,0
V0860,20,5,0.0,-0.668,0
V0860,20,4,0.0,-0.737,0
V0860,20,3,0.0,-0.739,0
V0860,20,2,0.0398,-0.534,0
V0860,20,1,0.0,-0.875,0
V0860,20,0,0.0,-0.733,0
V0860,22,7,0.0,-0.668,0
V0860,22,6,0.0,-0.737,0
V0860,22,5,0.0,-0.739,0
V0860,22,4,0.0398,-0.534,0
V0860,22,3,0.0,-0.875,0
V0860,22,2,0.0,-0.733,0
V0860,22,1,0.013700000000000018,-0.621,0
V0860,22,0,0.0398,-0.534,0
V0861,19,7,0.1547,-0.151,0
V0861,19,6,0.16310000000000002,-0.123,0
V0861,19,5,0.12440000000000001,-0.252,0
V0861,19,4,0.1322,-0.226,0
V0861,19,3,0.10610000000000001,-0.313,0
V0861,19,2,0.395,-0.35,1
V0861,19,1,0.09110000000000001,-0.363,0
V0861,19,0,0.08900000000000001,-0.37,0
V0862,11,7,0.2303,0.101,0
V0862,11,6,0.27590000000000003,0.253,0
V0862,11,5,0.21080000000000002,0.036,0
V0862,11,4,0.2585,0.195,0
V0862,11,3,0.2207,0.069,0
V0862,11,2,0.21680000000000002,0.056,0
V0862,11,1,0.1943,-0.019,0
V0862,11,0,0.1748,-0.084,0
V0863,15,7,0.13640000000000002,-0.212,0
V0863,15,6,0.17,-0.1,0
V0863,15,5,0.1577,-0.141,0
V0863,15,4,0.08390000000000002,-0.387,0
V0863,15,3,0.1004,-0.332,0
V0863,15,2,0.0791,-0.403,0
V0863,15,1,0.08510000000000001,-0.383,0
V0863,15,0,0.04970000000000002,-0.501,0
V0863,16,7,0.17,-0.1,0
V0863,16,6,0.1577,-0.141,0
V0863,16,5,0.08390000000000002,-0.387,0
V0863,16,4,0.1004,-0.332,0
V0863,16,3,0.0791,-0.403,0
V0863,16,2,0.08510000000000001,-0.383,0
V0863,16,1,0.04970000000000002,-0.501,0
V0863,16,0,0.0,-0.758,0
V0863,18,7,0.08390000000000002,-0.387,0
V0863,18,6,0.1004,-0.332,0
V0863,18,5,0.0791,-0.403,0
V0863,18,4,0.08510000000000001,-0.383,0
V0863,18,3,0.04970000000000002,-0.501,0
V0863,18,2,0.0,-0.758,0
V0863,18,1,0.024500000000000022,-0.585,0
V0863,18,0,0.2825,-0.725,1
V0863,19,7,0.1004,-0.332,0
V0863,19,6,0.0791,-0.403,0
V0863,19,5,0.08510000000000001,-0.383,0
V0863,19,4,0.04970000000000002,-0.501,0
V0863,19,3,0.0,-0.758,0
V0863,19,2,0.024500000000000022,-0.585,0
V0863,19,1,0.2825,-0.725,1
V0863,19,0,0.0,-0.877,0
V0863,20,7,0.0791,-0.403,0
V0863,20,6,0.08510000000000001,-0.383,0
V0863,20,5,0.04970000000000002,-0.501,0
V0863,20,4,0.0,-0.758,0
V0863,20,3,0.024500000000000022,-0.585,0
V0863,20,2,0.2825,-0.725,1
V0863,20,1,0.0,-0.877,0
V0863,20,0,0.0,-0.777,0
V0864,15,7,0.1643,-0.119,0
V0864,15,6,0.1592,-0.136,0
V0864,15,5,0.11090000000000001,-0.297,0
V0864,15,4,0.0632,-0.456,0
V0864,15,3,0.10010000000000001,-0.333,0
V0864,15,2,0.14240000000000003,-0.192,0
V0864,15,1,0.101,-0.33,0
V0864,15,0,0.054800000000000015,-0.484,0
V0864,21,7,0.101,-0.33,0
V0864,21,6,0.054800000000000015,-0.484,0
V0864,21,5,0.1385,-0.205,0
V0864,21,4,0.08960000000000001,-0.368,0
V0864,21,3,0.09410000000000002,-0.353,0
V0864,21,2,0.026900000000000035,-0.577,0
V0864,21,1,0.0,-0.783,0
V0864,21,0,0.015200000000000019,-0.616,0
V0864,23,7,0.1385,-0.205,0
V0864,23,6,0.08960000000000001,-0.368,0
V0864,23,5,0.09410000000000002,-0.353,0
V0864,23,4,0.026900000000000035,-0.577,0
V0864,23,3,0.0,-0.783,0
V0864,23,2,0.015200000000000019,-0.616,0
V0864,23,1,0.05720000000000003,-0.476,0
V0864,23,0,0.0605,-0.465,0
V0865,17,7,0.2411,0.137,0
V0865,17,6,0.27290000000000003,0.243,0
V0865,17,5,0.2999,0.333,0
V0865,17,4,0.16460000000000002,-0.118,0
V0865,17,3,0.2066,0.022,0
V0865,17,2,0.2549,0.183,0
V0865,17,1,0.2255,0.085,0
V0865,17,0,0.18380000000000002,-0.054,0
V0866,22,7,0.1826,-0.058,0
V0866,22,6,0.1943,-0.019,0
V0866,22,5,0.11150000000000002,-0.295,0
V0866,22,4,0.06560000000000002,-0.448,0
V0866,22,3,0.4439,-0.187,1
V0866,22,2,0.4406,-0.198,1
V0866,22,1,0.4247,-0.251,1
V0866,22,0,0.1421,-0.193,0
V0866,23,7,0.1943,-0.019,0
V0866,23,6,0.11150000000000002,-0.295,0
V0866,23,5,0.06560000000000002,-0.448,0
V0866,23,4,0.4439,-0.187,1
V0866,23,3,0.4406,-0.198,1
V0866,23,2,0.4247,-0.251,1
V0866,23,1,0.1421,-0.193,0
V0866,23,0,0.116,-0.28,0
V0869,8,7,0.1835,-0.055,0
V0869,8,6,0.20600000000000002,0.02,0
V0869,8,5,0.5252,0.084,1
V0869,8,4,0.1958,-0.014,0
V0869,8,3,0.12290000000000001,-0.257,0
V0869,8,2,0.4004,-0.332,1
V0869,8,1,0.4688,-0.104,1
V0869,8,0,0.12050000000000001,-0.265,0
V0873,13,7,0.2252,0.084,0
V0873,13,6,0.24050000000000002,0.135,0
V0873,13,5,0.17570000000000002,-0.081,0
V0873,13,4,0.2252,0.084,0
V0873,13,3,0.2189,0.063,0
V0873,13,2,0.17930000000000001,-0.069,0
V0873,13,1,0.14300000000000002,-0.19,0
V0873,13,0,0.22490000000000002,0.083,0
V0875,15,7,0.2054,0.018,0
V0875,15,6,0.15530000000000002,-0.149,0
V0875,15,5,0.1658,-0.114,0
V0875,15,4,0.1403,-0.199,0
V0875,15,3,0.137,-0.21,0
V0875,15,2,0.2243,0.081,0
V0875,15,1,0.1988,-0.004,0
V0875,15,0,0.1265,-0.245,0
V0875,21,7,0.1988,-0.004,0
V0875,21,6,0.1265,-0.245,0
V0875,21,5,0.1385,-0.205,0
V0875,21,4,0.1337,-0.221,0
V0875,21,3,0.1892,-0.036,0
V0875,21,2,0.1448,-0.184,0
V0875,21,1,0.16790000000000002,-0.107,0
V0875,21,0,0.10250000000000001,-0.325,0
V0876,16,7,0.13340000000000002,-0.222,0
V0876,16,6,0.13040000000000002,-0.232,0
V0876,16,5,0.098,-0.34,0
V0876,16,4,0.13130000000000003,-0.229,0
V0876,16,3,0.06470000000000001,-0.451,0
V0876,16,2,0.1259,-0.247,0
V0876,16,1,0.16970000000000002,-0.101,0
V0876,16,0,0.10520000000000002,-0.316,0
V0876,21,7,0.1259,-0.247,0
V0876,21,6,0.16970000000000002,-0.101,0
V0876,21,5,0.10520000000000002,-0.316,0
V0876,21,4,0.08450000000000002,-0.385,0
V0876,21,3,0.10010000000000001,-0.333,0
V0876,21,2,0.12890000000000001,-0.237,0
V0876,21,1,0.018500000000000016,-0.605,0
V0876,21,0,0.07190000000000002,-0.427,0
V0876,22,7,0.16970000000000002,-0.101,0
V0876,22,6,0.10520000000000002,-0.316,0
V0876,22,5,0.08450000000000002,-0.385,0
V0876,22,4,0.10010000000000001,-0.333,0
V0876,22,3,0.12890000000000001,-0.237,0
V0876,22,2,0.018500000000000016,-0.605,0
V0876,22,1,0.07190000000000002,-0.427,0
V0876,22,0,0.03559999999999999,-0.548,0
V0876,23,7,0.10520000000000002,-0.316,0
V0876,23,6,0.08450000000000002,-0.385,0
V0876,23,5,0.10010000000000001,-0.333,0
V0876,23,4,0.12890000000000001,-0.237,0
V0876,23,3,0.018500000000000016,-0.605,0
V0876,23,2,0.07190000000000002,-0.427,0
V0876,23,1,0.03559999999999999,-0.548,0
V0876,23,0,0.13520000000000001,-0.216,0
V0877,2,1,0.08330000000000001,-0.389,0
V0877,2,0,0.13580000000000003,-0.214,0
V0877,15,7,0.08570000000000001,-0.381,0
V0877,15,6,0.05030000000000001,-0.499,0
V0877,15,5,0.034400000000000014,-0.552,0
V0877,15,4,0.13280000000000003,-0.224,0
V0877,15,3,0.3095,-0.635,1
V0877,15,2,0.01100000000000001,-0.63,0
V0877,15,1,0.09350000000000001,-0.355,0
V0877,15,0,0.09530000000000002,-0.349,0
V0879,14,7,0.2141,0.047,0
V0879,14,6,0.2354,0.118,0
V0879,14,5,0.14780000000000001,-0.174,0
V0879,14,4,0.1481,-0.173,0
V0879,14,3,0.1814,-0.062,0
V0879,14,2,0.2447,0.149,0
V0879,14,1,0.11480000000000003,-0.284,0
V0879,14,0,0.2069,0.023,0
V0879,15,7,0.2354,0.118,0
V0879,15,6,0.14780000000000001,-0.174,0
V0879,15,5,0.1481,-0.173,0
V0879,15,4,0.1814,-0.062,0
V0879,15,3,0.2447,0.149,0
V0879,15,2,0.11480000000000003,-0.284,0
V0879,15,1,0.2069,0.023,0
V0879,15,0,0.5129,0.043,1
V0879,17,7,0.1481,-0.173,0
V0879,17,6,0.1814,-0.062,0
V0879,17,5,0.2447,0.149,0
V0879,17,4,0.11480000000000003,-0.284,0
V0879,17,3,0.2069,0.023,0
V0879,17,2,0.5129,0.043,1
V0879,17,1,0.15050000000000002,-0.165,0
V0879,17,0,0.1391,-0.203,0
V0879,19,7,0.2447,0.149,0
V0879,19,6,0.11480000000000003,-0.284,0
V0879,19,5,0.2069,0.023,0
V0879,19,4,0.5129,0.043,1
V0879,19,3,0.15050000000000002,-0.165,0
V0879,19,2,0.1391,-0.203,0
V0879,19,1,0.08690000000000002,-0.377,0
V0879,19,0,0.3947,-0.351,1
V0879,22,7,0.5129,0.043,1
V0879,22,6,0.15050000000000002,-0.165,0
V0879,22,5,0.1391,-0.203,0
V0879,22,4,0.08690000000000002,-0.377,0
V0879,22,3,0.3947,-0.351,1
V0879,22,2,0.0431,-0.523,0
V0879,22,1,0.15560000000000002,-0.148,0
V0879,22,0,0.08150000000000002,-0.395,0
V0879,23,7,0.15050000000000002,-0.165,0
V0879,23,6,0.1391,-0.203,0
V0879,23,5,0.08690000000000002,-0.377,0
V0879,23,4,0.3947,-0.351,1
V0879,23,3,0.0431,-0.523,0
V0879,23,2,0.15560000000000002,-0.148,0
V0879,23,1,0.08150000000000002,-0.395,0
V0879,23,0,0.1034,-0.322,0
V0880,3,2,0.1526,-0.158,0
V0880,3,1,0.1184,-0.272,0
V0880,3,0,0.1361,-0.213,0
V0880,22,7,0.06230000000000002,-0.459,0
V0880,22,6,0.07670000000000002,-0.411,0
V0880,22,5,0.3965,-0.345,1
V0880,22,4,0.3857,-0.381,1
V0880,22,3,0.0,-0.699,0
V0880,22,2,0.07220000000000001,-0.426,0
V0880,22,1,0.06140000000000001,-0.462,0
V0880,22,0,0.008000000000000007,-0.64,0
V0881,20,7,0.2666,0.222,0
V0881,20,6,0.22760000000000002,0.092,0
V0881,20,5,0.2039,0.013,0
V0881,20,4,0.1721,-0.093,0
V0881,20,3,0.16820000000000002,-0.106,0
V0881,20,2,0.1307,-0.231,0
V0881,20,1,0.25730000000000003,0.191,0
V0881,20,0,0.2252,0.084,0
V0881,23,7,0.1721,-0.093,0
V0881,23,6,0.16820000000000002,-0.106,0
V0881,23,5,0.1307,-0.231,0
V0881,23,4,0.25730000000000003,0.191,0
V0881,23,3,0.2252,0.084,0
V0881,23,2,0.21500000000000002,0.05,0
V0881,23,1,0.13880000000000003,-0.204,0
V0881,23,0,0.1658,-0.114,0
V0882,20,7,0.20270000000000002,0.009,0
V0882,20,6,0.19130000000000003,-0.029,0
V0882,20,5,0.2189,0.063,0
V0882,20,4,0.1829,-0.057,0
V0882,20,3,0.5078,0.026,1
V0882,20,2,0.14090000000000003,-0.197,0
V0882,20,1,0.1937,-0.021,0
V0882,20,0,0.1517,-0.161,0
V0883,17,7,0.09770000000000001,-0.341,0
V0883,17,6,0.10970000000000002,-0.301,0
V0883,17,5,0.07040000000000002,-0.432,0
V0883,17,4,0.1529,-0.157,0
V0883,17,3,0.018500000000000016,-0.605,0
V0883,17,2,0.1418,-0.194,0
V0883,17,1,0.061700000000000005,-0.461,0
V0883,17,0,0.0431,-0.523,0
V0883,18,7,0.10970000000000002,-0.301,0
V0883,18,6,0.07040000000000002,-0.432,0
V0883,18,5,0.1529,-0.157,0
V0883,18,4,0.018500000000000016,-0.605,0
V0883,18,3,0.1418,-0.194,0
V0883,18,2,0.061700000000000005,-0.461,0
V0883,18,1,0.0431,-0.523,0
V0883,18,0,0.07370000000000002,-0.421,0
V0883,19,7,0.07040000000000002,-0.432,0
V0883,19,6,0.1529,-0.157,0
V0883,19,5,0.018500000000000016,-0.605,0
V0883,19,4,0.1418,-0.194,0
V0883,19,3,0.061700000000000005,-0.461,0
V0883,19,2,0.0431,-0.523,0
V0883,19,1,0.07370000000000002,-0.421,0
V0883,19,0,0.08330000000000001,-0.389,0
V0883,21,7,0.018500000000000016,-0.605,0
V0883,21,6,0.1418,-0.194,0
V0883,21,5,0.061700000000000005,-0.461,0
V0883,21,4,0.0431,-0.523,0
V0883,21,3,0.07370000000000002,-0.421,0
V0883,21,2,0.08330000000000001,-0.389,0
V0883,21,1,0.08120000000000001,-0.396,0
V0883,21,0,0.04580000000000001,-0.514,0
V0883,23,7,0.061700000000000005,-0.461,0
V0883,23,6,0.0431,-0.523,0
V0883,23,5,0.07370000000000002,-0.421,0
V0883,23,4,0.08330000000000001,-0.389,0
V0883,23,3,0.08120000000000001,-0.396,0
V0883,23,2,0.04580000000000001,-0.514,0
V0883,23,1,0.04490000000000002,-0.517,0
V0883,23,0,0.06920000000000001,-0.436,0
V0886,22,7,0.17720000000000002,-0.076,0
V0886,22,6,0.12140000000000001,-0.262,0
V0886,22,5,0.11450000000000002,-0.285,0
V0886,22,4,0.19160000000000002,-0.028,0
V0886,22,3,0.4217,-0.261,1
V0886,22,2,0.137,-0.21,0
V0886,22,1,0.10730000000000002,-0.309,0
V0886,22,0,0.4274,-0.242,1
V0886,23,7,0.12140000000000001,-0.262,0
V0886,23,6,0.11450000000000002,-0.285,0
V0886,23,5,0.19160000000000002,-0.028,0
V0886,23,4,0.4217,-0.261,1
V0886,23,3,0.137,-0.21,0
V0886,23,2,0.10730000000000002,-0.309,0
V0886,23,1,0.4274,-0.242,1
V0886,23,0,0.07730000000000002,-0.409,0
V0888,17,7,0.2162,0.054,0
V0888,17,6,0.1517,-0.161,0
V0888,17,5,0.1907,-0.031,0
V0888,17,4,0.11720000000000001,-0.276,0
V0888,17,3,0.1274,-0.242,0
V0888,17,2,0.11540000000000002,-0.282,0
V0888,17,1,0.14720000000000003,-0.176,0
V0888,17,0,0.1169,-0.277,0
V0888,21,7,0.1274,-0.242,0
V0888,21,6,0.11540000000000002,-0.282,0
V0888,21,5,0.14720000000000003,-0.176,0
V0888,21,4,0.1169,-0.277,0
V0888,21,3,0.12620000000000003,-0.246,0
V0888,21,2,0.06740000000000002,-0.442,0
V0888,21,1,0.061700000000000005,-0.461,0
V0888,21,0,0.09440000000000003,-0.352,0
V0888,22,7,0.11540000000000002,-0.282,0
V0888,22,6,0.14720000000000003,-0.176,0
V0888,22,5,0.1169,-0.277,0
V0888,22,4,0.12620000000000003,-0.246,0
V0888,22,3,0.06740000000000002,-0.442,0
V0888,22,2,0.061700000000000005,-0.461,0
V0888,22,1,0.09440000000000003,-0.352,0
V0888,22,0,0.08330000000000001,-0.389,0
V0891,16,7,0.4343,-0.219,1
V0891,16,6,0.19190000000000002,-0.027,0
V0891,16,5,0.10550000000000001,-0.315,0
V0891,16,4,0.14390000000000003,-0.187,0
V0891,16,3,0.17270000000000002,-0.091,0
V0891,16,2,0.17300000000000001,-0.09,0
V0891,16,1,0.11510000000000002,-0.283,0
V0891,16,0,0.1751,-0.083,0
V0892,10,7,0.1574,-0.142,0
V0892,10,6,0.1496,-0.168,0
V0892,10,5,0.16790000000000002,-0.107,0
V0892,10,4,0.19790000000000002,-0.007,0
V0892,10,3,0.18980000000000002,-0.034,0
V0892,10,2,0.1463,-0.179,0
V0892,10,1,0.1703,-0.099,0
V0892,10,0,0.10850000000000001,-0.305,0
V0896,1,0,0.21860000000000002,0.062,0
V0896,12,7,0.1628,-0.124,0
V0896,12,6,0.2426,0.142,0
V0896,12,5,0.18530000000000002,-0.049,0
V0896,12,4,0.1985,-0.005,0
V0896,12,3,0.40700000000000003,-0.31,1
V0896,12,2,0.14780000000000001,-0.174,0
V0896,12,1,0.14120000000000002,-0.196,0
V0896,12,0,0.4679,-0.107,1
V0896,18,7,0.14120000000000002,-0.196,0
V0896,18,6,0.4679,-0.107,1
V0896,18,5,0.12770000000000004,-0.241,0
V0896,18,4,0.15860000000000002,-0.138,0
V0896,18,3,0.1922,-0.026,0
V0896,18,2,0.12920000000000004,-0.236,0
V0896,18,1,0.15410000000000001,-0.153,0
V0896,18,0,0.2117,0.039,0
V0900,9,7,0.08810000000000001,-0.373,0
V0900,9,6,0.10010000000000001,-0.333,0
V0900,9,5,0.07850000000000001,-0.405,0
V0900,9,4,0.06710000000000002,-0.443,0
V0900,9,3,0.1019,-0.327,0
V0900,9,2,0.08870000000000001,-0.371,0
V0900,9,1,0.06380000000000002,-0.454,0
V0900,9,0,0.0782,-0.406,0
V0900,10,7,0.10010000000000001,-0.333,0
V0900,10,6,0.07850000000000001,-0.405,0
V0900,10,5,0.06710000000000002,-0.443,0
V0900,10,4,0.1019,-0.327,0
V0900,10,3,0.08870000000000001,-0.371,0
V0900,10,2,0.06380000000000002,-0.454,0
V0900,10,1,0.0782,-0.406,0
V0900,10,0,0.029000000000000026,-0.57,0
V0900,19,7,0.038000000000000006,-0.54,0
V0900,19,6,0.0665,-0.445,0
V0900,19,5,0.0,-0.885,0
V0900,19,4,0.0,-0.708,0
V0900,19,3,0.008300000000000002,-0.639,0
V0900,19,2,0.35,-0.5,1
V0900,19,1,0.02300000000000002,-0.59,0
V0900,19,0,0.038000000000000006,-0.54,0
V0900,22,7,0.0,-0.708,0
V0900,22,6,0.008300000000000002,-0.639,0
V0900,22,5,0.35,-0.5,1
V0900,22,4,0.02300000000000002,-0.59,0
V0900,22,3,0.038000000000000006,-0.54,0
V0900,22,2,0.04670000000000002,-0.511,0
V0900,22,1,0.016400000000000026,-0.612,0
V0900,22,0,0.0,-0.832,0
V0900,23,7,0.008300000000000002,-0.639,0
V0900,23,6,0.35,-0.5,1
V0900,23,5,0.02300000000000002,-0.59,0
V0900,23,4,0.038000000000000006,-0.54,0
V0900,23,3,0.04670000000000002,-0.511,0
V0900,23,2,0.016400000000000026,-0.612,0
V0900,23,1,0.0,-0.832,0
V0900,23,0,0.0,-0.793,0
V0901,4,3,0.11480000000000003,-0.284,0
V0901,4,2,0.4178,-0.274,1
V0901,4,1,0.10370000000000001,-0.321,0
V0901,4,0,0.12320000000000002,-0.256,0
V0901,16,7,0.013700000000000018,-0.621,0
V0901,16,6,0.0,-0.68,0
V0901,16,5,0.4229,-0.257,1
V0901,16,4,0.14450000000000002,-0.185,0
V0901,16,3,0.08090000000000001,-0.397,0
V0901,16,2,0.13340000000000002,-0.222,0
V0901,16,1,0.05300000000000002,-0.49,0
V0901,16,0,0.09920000000000001,-0.336,0
V0901,20,7,0.08090000000000001,-0.397,0
V0901,20,6,0.13340000000000002,-0.222,0
V0901,20,5,0.05300000000000002,-0.49,0
V0901,20,4,0.09920000000000001,-0.336,0
V0901,20,3,0.08600000000000002,-0.38,0
V0901,20,2,0.05570000000000003,-0.481,0
V0901,20,1,0.0020000000000000018,-0.66,0
V0901,20,0,0.0,-0.874,0
V0901,23,7,0.09920000000000001,-0.336,0
V0901,23,6,0.08600000000000002,-0.38,0
V0901,23,5,0.05570000000000003,-0.481,0
V0901,23,4,0.0020000000000000018,-0.66,0
V0901,23,3,0.0,-0.874,0
V0901,23,2,0.3428,-0.524,1
V0901,23,1,0.017600000000000032,-0.608,0
V0901,23,0,0.017900000000000027,-0.607,0
V0903,20,7,0.2273,0.091,0
V0903,20,6,0.14900000000000002,-0.17,0
V0903,20,5,0.19490000000000002,-0.017,0
V0903,20,4,0.1004,-0.332,0
V0903,20,3,0.09320000000000002,-0.356,0
V0903,20,2,0.12980000000000003,-0.234,0
V0903,20,1,0.0971,-0.343,0
V0903,20,0,0.12530000000000002,-0.249,0
V0903,22,7,0.19490000000000002,-0.017,0
V0903,22,6,0.1004,-0.332,0
V0903,22,5,0.09320000000000002,-0.356,0
V0903,22,4,0.12980000000000003,-0.234,0
V0903,22,3,0.0971,-0.343,0
V0903,22,2,0.12530000000000002,-0.249,0
V0903,22,1,0.07010000000000002,-0.433,0
V0903,22,0,0.04670000000000002,-0.511,0
V0903,23,7,0.1004,-0.332,0
V0903,23,6,0.09320000000000002,-0.356,0
V0903,23,5,0.12980000000000003,-0.234,0
V0903,23,4,0.0971,-0.343,0
V0903,23,3,0.12530000000000002,-0.249,0
V0903,23,2,0.07010000000000002,-0.433,0
V0903,23,1,0.04670000000000002,-0.511,0
V0903,23,0,0.07310000000000003,-0.423,0
V0905,13,7,0.3305,0.435,0
V0905,13,6,0.2492,0.164,0
V0905,13,5,0.2378,0.126,0
V0905,13,4,0.22940000000000002,0.098,0
V0905,13,3,0.2441,0.147,0
V0905,13,2,0.257,0.19,0
V0905,13,1,0.2555,0.185,0
V0905,13,0,0.2306,0.102,0
V0905,16,7,0.22940000000000002,0.098,0
V0905,16,6,0.2441,0.147,0
V0905,16,5,0.257,0.19,0
V0905,16,4,0.2555,0.185,0
V0905,16,3,0.2306,0.102,0
V0905,16,2,0.2462,0.154,0
V0905,16,1,0.257,0.19,0
V0905,16,0,0.2309,0.103,0
V0906,4,3,0.21680000000000002,0.056,0
V0906,4,2,0.2159,0.053,0
V0906,4,1,0.2501,0.167,0
V0906,4,0,0.2177,0.059,0
V0906,8,7,0.21680000000000002,0.056,0
V0906,8,6,0.2159,0.053,0
V0906,8,5,0.2501,0.167,0
V0906,8,4,0.2177,0.059,0
V0906,8,3,0.4436,-0.188,1
V0906,8,2,0.1937,-0.021,0
V0906,8,1,0.4337,-0.221,1
V0906,8,0,0.14720000000000003,-0.176,0
V0906,19,7,0.1976,-0.008,0
V0906,19,6,0.14090000000000003,-0.197,0
V0906,19,5,0.07310000000000003,-0.423,0
V0906,19,4,0.08030000000000001,-0.399,0
V0906,19,3,0.12890000000000001,-0.237,0
V0906,19,2,0.07100000000000001,-0.43,0
V0906,19,1,0.09770000000000001,-0.341,0
V0906,19,0,0.09020000000000002,-0.366,0
V0906,22,7,0.08030000000000001,-0.399,0
V0906,22,6,0.12890000000000001,-0.237,0
V0906,22,5,0.07100000000000001,-0.43,0
V0906,22,4,0.09770000000000001,-0.341,0
V0906,22,3,0.09020000000000002,-0.366,0
V0906,22,2,0.12410000000000002,-0.253,0
V0906,22,1,0.1265,-0.245,0
V0906,22,0,0.4106,-0.298,1
V0907,3,2,0.24020000000000002,0.134,0
V0907,3,1,0.23450000000000001,0.115,0
V0907,3,0,0.21200000000000002,0.04,0
V0910,11,7,0.43069999999999997,-0.231,1
V0910,11,6,0.1628,-0.124,0
V0910,11,5,0.10610000000000001,-0.313,0
V0910,11,4,0.1208,-0.264,0
V0910,11,3,0.12410000000000002,-0.253,0
V0910,11,2,0.15080000000000002,-0.164,0
V0910,11,1,0.12200000000000001,-0.26,0
V0910,11,0,0.12020000000000002,-0.266,0
V0910,17,7,0.12200000000000001,-0.26,0
V0910,17,6,0.12020000000000002,-0.266,0
V0910,17,5,0.10940000000000001,-0.302,0
V0910,17,4,0.13520000000000001,-0.216,0
V0910,17,3,0.1448,-0.184,0
V0910,17,2,0.1733,-0.089,0
V0910,17,1,0.1451,-0.183,0
V0910,17,0,0.09830000000000001,-0.339,0
V0914,21,7,0.21200000000000002,0.04,0
V0914,21,6,0.18530000000000002,-0.049,0
V0914,21,5,0.1223,-0.259,0
V0914,21,4,0.1628,-0.124,0
V0914,21,3,0.22190000000000001,0.073,0
V0914,21,2,0.1496,-0.168,0
V0914,21,1,0.13820000000000002,-0.206,0
V0914,21,0,0.09980000000000001,-0.334,0
V0914,22,7,0.18530000000000002,-0.049,0
V0914,22,6,0.1223,-0.259,0
V0914,22,5,0.1628,-0.124,0
V0914,22,4,0.22190000000000001,0.073,0
V0914,22,3,0.1496,-0.168,0
V0914,22,2,0.13820000000000002,-0.206,0
V0914,22,1,0.09980000000000001,-0.334,0
V0914,22,0,0.10610000000000001,-0.313,0
V0915,22,7,0.0806,-0.398,0
V0915,22,6,0.13670000000000002,-0.211,0
V0915,22,5,0.06530000000000002,-0.449,0
V0915,22,4,0.1178,-0.274,0
V0915,22,3,0.07370000000000002,-0.421,0
V0915,22,2,0.11360000000000002,-0.288,0
V0915,22,1,0.09830000000000001,-0.339,0
V0915,22,0,0.065,-0.45,0
V0916,3,2,0.1841,-0.053,0
V0916,3,1,0.16610000000000003,-0.113,0
V0916,3,0,0.1703,-0.099,0
V0916,8,7,0.1841,-0.053,0
V0916,8,6,0.16610000000000003,-0.113,0
V0916,8,5,0.1703,-0.099,0
V0916,8,4,0.16340000000000002,-0.122,0
V0916,8,3,0.18980000000000002,-0.034,0
V0916,8,2,0.12470000000000002,-0.251,0
V0916,8,1,0.12020000000000002,-0.266,0
V0916,8,0,0.11810000000000001,-0.273,0
V0916,13,7,0.12470000000000002,-0.251,0
V0916,13,6,0.12020000000000002,-0.266,0
V0916,13,5,0.11810000000000001,-0.273,0
V0916,13,4,0.14720000000000003,-0.176,0
V0916,13,3,0.11540000000000002,-0.282,0
V0916,13,2,0.14690000000000003,-0.177,0
V0916,13,1,0.1562,-0.146,0
V0916,13,0,0.1403,-0.199,0
V0916,14,7,0.12020000000000002,-0.266,0
V0916,14,6,0.11810000000000001,-0.273,0
V0916,14,5,0.14720000000000003,-0.176,0
V0916,14,4,0.11540000000000002,-0.282,0
V0916,14,3,0.14690000000000003,-0.177,0
V0916,14,2,0.1562,-0.146,0
V0916,14,1,0.1403,-0.199,0
V0916,14,0,0.44720000000000004,-0.176,1
V0916,19,7,0.1562,-0.146,0
V0916,19,6,0.1403,-0.199,0
V0916,19,5,0.44720000000000004,-0.176,1
V0916,19,4,0.1721,-0.093,0
V0916,19,3,0.1607,-0.131,0
V0916,19,2,0.14690000000000003,-0.177,0
V0916,19,1,0.1922,-0.026,0
V0916,19,0,0.1178,-0.274,0
V0916,21,7,0.44720000000000004,-0.176,1
V0916,21,6,0.1721,-0.093,0
V0916,21,5,0.1607,-0.131,0
V0916,21,4,0.14690000000000003,-0.177,0
V0916,21,3,0.1922,-0.026,0
V0916,21,2,0.1178,-0.274,0
V0916,21,1,0.1526,-0.158,0
V0916,21,0,0.1514,-0.162,0
V0916,23,7,0.1607,-0.131,0
V0916,23,6,0.14690000000000003,-0.177,0
V0916,23,5,0.1922,-0.026,0
V0916,23,4,0.1178,-0.274,0
V0916,23,3,0.1526,-0.158,0
V0916,23,2,0.1514,-0.162,0
V0916,23,1,0.10790000000000001,-0.307,0
V0916,23,0,0.4415,-0.195,1
V0919,18,7,0.07370000000000002,-0.421,0
V0919,18,6,0.10310000000000001,-0.323,0
V0919,18,5,0.08930000000000002,-0.369,0
V0919,18,4,0.08750000000000002,-0.375,0
V0919,18,3,0.12620000000000003,-0.246,0
V0919,18,2,0.1433,-0.189,0
V0919,18,1,0.061700000000000005,-0.461,0
V0919,18,0,0.05930000000000002,-0.469,0
V0919,21,7,0.08750000000000002,-0.375,0
V0919,21,6,0.12620000000000003,-0.246,0
V0919,21,5,0.1433,-0.189,0
V0919,21,4,0.061700000000000005,-0.461,0
V0919,21,3,0.05930000000000002,-0.469,0
V0919,21,2,0.08120000000000001,-0.396,0
V0919,21,1,0.030800000000000022,-0.564,0
V0919,21,0,0.0,-0.671,0
V0920,20,7,0.1862,-0.046,0
V0920,20,6,0.1718,-0.094,0
V0920,20,5,0.2288,0.096,0
V0920,20,4,0.11570000000000001,-0.281,0
V0920,20,3,0.1559,-0.147,0
V0920,20,2,0.1796,-0.068,0
V0920,20,1,0.09320000000000002,-0.356,0
V0920,20,0,0.07100000000000001,-0.43,0
V0920,22,7,0.2288,0.096,0
V0920,22,6,0.11570000000000001,-0.281,0
V0920,22,5,0.1559,-0.147,0
V0920,22,4,0.1796,-0.068,0
V0920,22,3,0.09320000000000002,-0.356,0
V0920,22,2,0.07100000000000001,-0.43,0
V0920,22,1,0.11090000000000001,-0.297,0
V0920,22,0,0.12980000000000003,-0.234,0
V0920,23,7,0.11570000000000001,-0.281,0
V0920,23,6,0.1559,-0.147,0
V0920,23,5,0.1796,-0.068,0
V0920,23,4,0.09320000000000002,-0.356,0
V0920,23,3,0.07100000000000001,-0.43,0
V0920,23,2,0.11090000000000001,-0.297,0
V0920,23,1,0.12980000000000003,-0.234,0
V0920,23,0,0.15230000000000002,-0.159,0
V0921,9,7,0.18980000000000002,-0.034,0
V0921,9,6,0.13490000000000002,-0.217,0
V0921,9,5,0.1739,-0.087,0
V0921,9,4,0.4457,-0.181,1
V0921,9,3,0.11510000000000002,-0.283,0
V0921,9,2,0.137,-0.21,0
V0921,9,1,0.1709,-0.097,0
V0921,9,0,0.10130000000000002,-0.329,0
V0921,11,7,0.1739,-0.087,0
V0921,11,6,0.4457,-0.181,1
V0921,11,5,0.11510000000000002,-0.283,0
V0921,11,4,0.137,-0.21,0
V0921,11,3,0.1709,-0.097,0
V0921,11,2,0.10130000000000002,-0.329,0
V0921,11,1,0.11300000000000002,-0.29,0
V0921,11,0,0.14570000000000002,-0.181,0
V0921,12,7,0.4457,-0.181,1
V0921,12,6,0.11510000000000002,-0.283,0
V0921,12,5,0.137,-0.21,0
V0921,12,4,0.1709,-0.097,0
V0921,12,3,0.10130000000000002,-0.329,0
V0921,12,2,0.11300000000000002,-0.29,0
V0921,12,1,0.14570000000000002,-0.181,0
V0921,12,0,0.12260000000000001,-0.258,0
V0921,13,7,0.11510000000000002,-0.283,0
V0921,13,6,0.137,-0.21,0
V0921,13,5,0.1709,-0.097,0
V0921,13,4,0.10130000000000002,-0.329,0
V0921,13,3,0.11300000000000002,-0.29,0
V0921,13,2,0.14570000000000002,-0.181,0
V0921,13,1,0.12260000000000001,-0.258,0
V0921,13,0,0.10730000000000002,-0.309,0
V0921,16,7,0.10130000000000002,-0.329,0
V0921,16,6,0.11300000000000002,-0.29,0
V0921,16,5,0.14570000000000002,-0.181,0
V0921,16,4,0.12260000000000001,-0.258,0
V0921,16,3,0.10730000000000002,-0.309,0
V0921,16,2,0.09320000000000002,-0.356,0
V0921,16,1,0.0068000000000000005,-0.644,0
V0921,16,0,0.07100000000000001,-0.43,0
V0921,17,7,0.11300000000000002,-0.29,0
V0921,17,6,0.14570000000000002,-0.181,0
V0921,17,5,0.12260000000000001,-0.258,0
V0921,17,4,0.10730000000000002,-0.309,0
V0921,17,3,0.09320000000000002,-0.356,0
V0921,17,2,0.0068000000000000005,-0.644,0
V0921,17,1,0.07100000000000001,-0.43,0
V0921,17,0,0.3146,-0.618,1
V0921,21,7,0.09320000000000002,-0.356,0
V0921,21,6,0.0068000000000000005,-0.644,0
V0921,21,5,0.07100000000000001,-0.43,0
V0921,21,4,0.3146,-0.618,1
V0921,21,3,0.06260000000000002,-0.458,0
V0921,21,2,0.08990000000000002,-0.367,0
V0921,21,1,0.0605,-0.465,0
V0921,21,0,0.03140000000000001,-0.562,0
V0921,22,7,0.0068000000000000005,-0.644,0
V0921,22,6,0.07100000000000001,-0.43,0
V0921,22,5,0.3146,-0.618,1
V0921,22,4,0.06260000000000002,-0.458,0
V0921,22,3,0.08990000000000002,-0.367,0
V0921,22,2,0.0605,-0.465,0
V0921,22,1,0.03140000000000001,-0.562,0
V0921,22,0,0.09260000000000002,-0.358,0
V0921,23,7,0.07100000000000001,-0.43,0
V0921,23,6,0.3146,-0.618,1
V0921,23,5,0.06260000000000002,-0.458,0
V0921,23,4,0.08990000000000002,-0.367,0
V0921,23,3,0.0605,-0.465,0
V0921,23,2,0.03140000000000001,-0.562,0
V0921,23,1,0.09260000000000002,-0.358,0
V0921,23,0,0.04670000000000002,-0.511,0
V0924,16,7,0.24860000000000002,0.162,0
V0924,16,6,0.2048,0.016,0
V0924,16,5,0.19160000000000002,-0.028,0
V0924,16,4,0.20900000000000002,0.03,0
V0924,16,3,0.2036,0.012,0
V0924,16,2,0.1421,-0.193,0
V0924,16,1,0.2441,0.147,0
V0924,16,0,0.1583,-0.139,0
V0924,19,7,0.20900000000000002,0.03,0
V0924,19,6,0.2036,0.012,0
V0924,19,5,0.1421,-0.193,0
V0924,19,4,0.2441,0.147,0
V0924,19,3,0.1583,-0.139,0
V0924,19,2,0.15530000000000002,-0.149,0
V0924,19,1,0.1847,-0.051,0
V0924,19,0,0.14840000000000003,-0.172,0
V0924,21,7,0.1421,-0.193,0
V0924,21,6,0.2441,0.147,0
V0924,21,5,0.1583,-0.139,0
V0924,21,4,0.15530000000000002,-0.149,0
V0924,21,3,0.1847,-0.051,0
V0924,21,2,0.14840000000000003,-0.172,0
V0924,21,1,0.1355,-0.215,0
V0924,21,0,0.11900000000000001,-0.27,0
V0924,22,7,0.2441,0.147,0
V0924,22,6,0.1583,-0.139,0
V0924,22,5,0.15530000000000002,-0.149,0
V0924,22,4,0.1847,-0.051,0
V0924,22,3,0.14840000000000003,-0.172,0
V0924,22,2,0.1355,-0.215,0
V0924,22,1,0.11900000000000001,-0.27,0
V0924,22,0,0.11360000000000002,-0.288,0
V0924,23,7,0.1583,-0.139,0
V0924,23,6,0.15530000000000002,-0.149,0
V0924,23,5,0.1847,-0.051,0
V0924,23,4,0.14840000000000003,-0.172,0
V0924,23,3,0.1355,-0.215,0
V0924,23,2,0.11900000000000001,-0.27,0
V0924,23,1,0.11360000000000002,-0.288,0
V0924,23,0,0.10610000000000001,-0.313,0
V0929,20,7,0.2411,0.137,0
V0929,20,6,0.19790000000000002,-0.007,0
V0929,20,5,0.4469,-0.177,1
V0929,20,4,0.1829,-0.057,0
V0929,20,3,0.46040000000000003,-0.132,1
V0929,20,2,0.1778,-0.074,0
V0929,20,1,0.13280000000000003,-0.224,0
V0929,20,0,0.4778,-0.074,1
V0929,21,7,0.19790000000000002,-0.007,0
V0929,21,6,0.4469,-0.177,1
V0929,21,5,0.1829,-0.057,0
V0929,21,4,0.46040000000000003,-0.132,1
V0929,21,3,0.1778,-0.074,0
V0929,21,2,0.13280000000000003,-0.224,0
V0929,21,1,0.4778,-0.074,1
V0929,21,0,0.2021,0.007,0
V0931,15,7,0.16160000000000002,-0.128,0
V0931,15,6,0.17930000000000001,-0.069,0
V0931,15,5,0.1724,-0.092,0
V0931,15,4,0.23,0.1,0
V0931,15,3,0.15410000000000001,-0.153,0
V0931,15,2,0.164,-0.12,0
V0931,15,1,0.2195,0.065,0
V0931,15,0,0.1622,-0.126,0
V0931,18,7,0.23,0.1,0
V0931,18,6,0.15410000000000001,-0.153,0
V0931,18,5,0.164,-0.12,0
V0931,18,4,0.2195,0.065,0
V0931,18,3,0.1622,-0.126,0
V0931,18,2,0.11060000000000002,-0.298,0
V0931,18,1,0.14540000000000003,-0.182,0
V0931,18,0,0.1988,-0.004,0
V0931,21,7,0.2195,0.065,0
V0931,21,6,0.1622,-0.126,0
V0931,21,5,0.11060000000000002,-0.298,0
V0931,21,4,0.14540000000000003,-0.182,0
V0931,21,3,0.1988,-0.004,0
V0931,21,2,0.12050000000000001,-0.265,0
V0931,21,1,0.10520000000000002,-0.316,0
V0931,21,0,0.10010000000000001,-0.333,0
V0932,17,7,0.21710000000000002,0.057,0
V0932,17,6,0.2474,0.158,0
V0932,17,5,0.24230000000000002,0.141,0
V0932,17,4,0.16970000000000002,-0.101,0
V0932,17,3,0.2558,0.186,0
V0932,17,2,0.18560000000000001,-0.048,0
V0932,17,1,0.221,0.07,0
V0932,17,0,0.16340000000000002,-0.122,0
V0932,20,7,0.16970000000000002,-0.101,0
V0932,20,6,0.2558,0.186,0
V0932,20,5,0.18560000000000001,-0.048,0
V0932,20,4,0.221,0.07,0
V0932,20,3,0.16340000000000002,-0.122,0
V0932,20,2,0.10940000000000001,-0.302,0
V0932,20,1,0.11570000000000001,-0.281,0
V0932,20,0,0.45799999999999996,-0.14,1
V0933,18,7,0.15230000000000002,-0.159,0
V0933,18,6,0.18710000000000002,-0.043,0
V0933,18,5,0.2039,0.013,0
V0933,18,4,0.1673,-0.109,0
V0933,18,3,0.2354,0.118,0
V0933,18,2,0.18980000000000002,-0.034,0
V0933,18,1,0.15350000000000003,-0.155,0
V0933,18,0,0.1529,-0.157,0
V0933,20,7,0.2039,0.013,0
V0933,20,6,0.1673,-0.109,0
V0933,20,5,0.2354,0.118,0
V0933,20,4,0.18980000000000002,-0.034,0
V0933,20,3,0.15350000000000003,-0.155,0
V0933,20,2,0.1529,-0.157,0
V0933,20,1,0.07070000000000001,-0.431,0
V0933,20,0,0.11870000000000001,-0.271,0
V0933,21,7,0.1673,-0.109,0
V0933,21,6,0.2354,0.118,0
V0933,21,5,0.18980000000000002,-0.034,0
V0933,21,4,0.15350000000000003,-0.155,0
V0933,21,3,0.1529,-0.157,0
V0933,21,2,0.07070000000000001,-0.431,0
V0933,21,1,0.11870000000000001,-0.271,0
V0933,21,0,0.1706,-0.098,0
V0934,12,7,0.2177,0.059,0
V0934,12,6,0.2738,0.246,0
V0934,12,5,0.17300000000000001,-0.09,0
V0934,12,4,0.1724,-0.092,0
V0934,12,3,0.20450000000000002,0.015,0
V0934,12,2,0.21530000000000002,0.051,0
V0934,12,1,0.4895,-0.035,1
V0934,12,0,0.1721,-0.093,0
V0934,14,7,0.17300000000000001,-0.09,0
V0934,14,6,0.1724,-0.092,0
V0934,14,5,0.20450000000000002,0.015,0
V0934,14,4,0.21530000000000002,0.051,0
V0934,14,3,0.4895,-0.035,1
V0934,14,2,0.1721,-0.093,0
V0934,14,1,0.1595,-0.135,0
V0934,14,0,0.15680000000000002,-0.144,0
V0934,17,7,0.21530000000000002,0.051,0
V0934,17,6,0.4895,-0.035,1
V0934,17,5,0.1721,-0.093,0
V0934,17,4,0.1595,-0.135,0
V0934,17,3,0.15680000000000002,-0.144,0
V0934,17,2,0.158,-0.14,0
V0934,17,1,0.19190000000000002,-0.027,0
V0934,17,0,0.14720000000000003,-0.176,0
V0934,21,7,0.15680000000000002,-0.144,0
V0934,21,6,0.158,-0.14,0
V0934,21,5,0.19190000000000002,-0.027,0
V0934,21,4,0.14720000000000003,-0.176,0
V0934,21,3,0.434,-0.22,1
V0934,21,2,0.09050000000000001,-0.365,0
V0934,21,1,0.128,-0.24,0
V0934,21,0,0.10850000000000001,-0.305,0
V0937,18,7,0.10700000000000001,-0.31,0
V0937,18,6,0.05600000000000002,-0.48,0
V0937,18,5,0.0401,-0.533,0
V0937,18,4,0.09230000000000002,-0.359,0
V0937,18,3,0.1526,-0.158,0
V0937,18,2,0.030500000000000027,-0.565,0
V0937,18,1,0.07100000000000001,-0.43,0
V0937,18,0,0.061700000000000005,-0.461,0
V0937,19,7,0.05600000000000002,-0.48,0
V0937,19,6,0.0401,-0.533,0
V0937,19,5,0.09230000000000002,-0.359,0
V0937,19,4,0.1526,-0.158,0
V0937,19,3,0.030500000000000027,-0.565,0
V0937,19,2,0.07100000000000001,-0.43,0
V0937,19,1,0.061700000000000005,-0.461,0
V0937,19,0,0.068,-0.44,0
V0937,20,7,0.0401,-0.533,0
V0937,20,6,0.09230000000000002,-0.359,0
V0937,20,5,0.1526,-0.158,0
V0937,20,4,0.030500000000000027,-0.565,0
V0937,20,3,0.07100000000000001,-0.43,0
V0937,20,2,0.061700000000000005,-0.461,0
V0937,20,1,0.068,-0.44,0
V0937,20,0,0.07070000000000001,-0.431,0
V0937,21,7,0.09230000000000002,-0.359,0
V0937,21,6,0.1526,-0.158,0
V0937,21,5,0.030500000000000027,-0.565,0
V0937,21,4,0.07100000000000001,-0.43,0
V0937,21,3,0.061700000000000005,-0.461,0
V0937,21,2,0.068,-0.44,0
V0937,21,1,0.07070000000000001,-0.431,0
V0937,21,0,0.0695,-0.435,0
V0937,23,7,0.030500000000000027,-0.565,0
V0937,23,6,0.07100000000000001,-0.43,0
V0937,23,5,0.061700000000000005,-0.461,0
V0937,23,4,0.068,-0.44,0
V0937,23,3,0.07070000000000001,-0.431,0
V0937,23,2,0.0695,-0.435,0
V0937,23,1,0.0461,-0.513,0
V0937,23,0,0.134,-0.22,0
V0938,11,7,0.2411,0.137,0
V0938,11,6,0.18710000000000002,-0.043,0
V0938,11,5,0.2087,0.029,0
V0938,11,4,0.1715,-0.095,0
V0938,11,3,0.24980000000000002,0.166,0
V0938,11,2,0.1562,-0.146,0
V0938,11,1,0.18830000000000002,-0.039,0
V0938,11,0,0.11030000000000002,-0.299,0
V0938,15,7,0.24980000000000002,0.166,0
V0938,15,6,0.1562,-0.146,0
V0938,15,5,0.18830000000000002,-0.039,0
V0938,15,4,0.11030000000000002,-0.299,0
V0938,15,3,0.16790000000000002,-0.107,0
V0938,15,2,0.21710000000000002,0.057,0
V0938,15,1,0.164,-0.12,0
V0938,15,0,0.1034,-0.322,0
V0938,16,7,0.1562,-0.146,0
V0938,16,6,0.18830000000000002,-0.039,0
V0938,16,5,0.11030000000000002,-0.299,0
V0938,16,4,0.16790000000000002,-0.107,0
V0938,16,3,0.21710000000000002,0.057,0
V0938,16,2,0.164,-0.12,0
V0938,16,1,0.1034,-0.322,0
V0938,16,0,0.14120000000000002,-0.196,0
V0938,17,7,0.18830000000000002,-0.039,0
V0938,17,6,0.11030000000000002,-0.299,0
V0938,17,5,0.16790000000000002,-0.107,0
V0938,17,4,0.21710000000000002,0.057,0
V0938,17,3,0.164,-0.12,0
V0938,17,2,0.1034,-0.322,0
V0938,17,1,0.14120000000000002,-0.196,0
V0938,17,0,0.1208,-0.264,0
V0938,21,7,0.164,-0.12,0
V0938,21,6,0.1034,-0.322,0
V0938,21,5,0.14120000000000002,-0.196,0
V0938,21,4,0.1208,-0.264,0
V0938,21,3,0.41300000000000003,-0.29,1
V0938,21,2,0.4466,-0.178,1
V0938,21,1,0.06440000000000001,-0.452,0
V0938,21,0,0.10370000000000001,-0.321,0
V0938,22,7,0.1034,-0.322,0
V0938,22,6,0.14120000000000002,-0.196,0
V0938,22,5,0.1208,-0.264,0
V0938,22,4,0.41300000000000003,-0.29,1
V0938,22,3,0.4466,-0.178,1
V0938,22,2,0.06440000000000001,-0.452,0
V0938,22,1,0.10370000000000001,-0.321,0
V0938,22,0,0.08420000000000001,-0.386,0
V0938,23,7,0.14120000000000002,-0.196,0
V0938,23,6,0.1208,-0.264,0
V0938,23,5,0.41300000000000003,-0.29,1
V0938,23,4,0.4466,-0.178,1
V0938,23,3,0.06440000000000001,-0.452,0
V0938,23,2,0.10370000000000001,-0.321,0
V0938,23,1,0.08420000000000001,-0.386,0
V0938,23,0,0.3857,-0.381,1
V0940,13,7,0.116,-0.28,0
V0940,13,6,0.12050000000000001,-0.265,0
V0940,13,5,0.09860000000000001,-0.338,0
V0940,13,4,0.1799,-0.067,0
V0940,13,3,0.15710000000000002,-0.143,0
V0940,13,2,0.15200000000000002,-0.16,0
V0940,13,1,0.10670000000000002,-0.311,0
V0940,13,0,0.12530000000000002,-0.249,0
V0941,17,7,0.1895,-0.035,0
V0941,17,6,0.20720000000000002,0.024,0
V0941,17,5,0.1721,-0.093,0
V0941,17,4,0.11060000000000002,-0.298,0
V0941,17,3,0.13880000000000003,-0.204,0
V0941,17,2,0.13580000000000003,-0.214,0
V0941,17,1,0.1577,-0.141,0
V0941,17,0,0.16910000000000003,-0.103,0
V0941,19,7,0.1721,-0.093,0
V0941,19,6,0.11060000000000002,-0.298,0
V0941,19,5,0.13880000000000003,-0.204,0
V0941,19,4,0.13580000000000003,-0.214,0
V0941,19,3,0.1577,-0.141,0
V0941,19,2,0.16910000000000003,-0.103,0
V0941,19,1,0.06830000000000003,-0.439,0
V0941,19,0,0.09350000000000001,-0.355,0
V0941,20,7,0.11060000000000002,-0.298,0
V0941,20,6,0.13880000000000003,-0.204,0
V0941,20,5,0.13580000000000003,-0.214,0
V0941,20,4,0.1577,-0.141,0
V0941,20,3,0.16910000000000003,-0.103,0
V0941,20,2,0.06830000000000003,-0.439,0
V0941,20,1,0.09350000000000001,-0.355,0
V0941,20,0,0.4082,-0.306,1
V0943,17,7,0.1958,-0.014,0
V0943,17,6,0.1967,-0.011,0
V0943,17,5,0.1748,-0.084,0
V0943,17,4,0.2351,0.117,0
V0943,17,3,0.14300000000000002,-0.19,0
V0943,17,2,0.1376,-0.208,0
V0943,17,1,0.4208,-0.264,1
V0943,17,0,0.16670000000000001,-0.111,0
V0943,21,7,0.14300000000000002,-0.19,0
V0943,21,6,0.1376,-0.208,0
V0943,21,5,0.4208,-0.264,1
V0943,21,4,0.16670000000000001,-0.111,0
V0943,21,3,0.1193,-0.269,0
V0943,21,2,0.11540000000000002,-0.282,0
V0943,21,1,0.37460000000000004,-0.418,1
V0943,21,0,0.13790000000000002,-0.207,0
V0944,16,7,0.10760000000000002,-0.308,0
V0944,16,6,0.16310000000000002,-0.123,0
V0944,16,5,0.16160000000000002,-0.128,0
V0944,16,4,0.161,-0.13,0
V0944,16,3,0.1466,-0.178,0
V0944,16,2,0.13730000000000003,-0.209,0
V0944,16,1,0.14150000000000001,-0.195,0
V0944,16,0,0.09050000000000001,-0.365,0
V0944,17,7,0.16310000000000002,-0.123,0
V0944,17,6,0.16160000000000002,-0.128,0
V0944,17,5,0.161,-0.13,0
V0944,17,4,0.1466,-0.178,0
V0944,17,3,0.13730000000000003,-0.209,0
V0944,17,2,0.14150000000000001,-0.195,0
V0944,17,1,0.09050000000000001,-0.365,0
V0944,17,0,0.09350000000000001,-0.355,0
V0947,12,7,0.09590000000000003,-0.347,0
V0947,12,6,0.2018,0.006,0
V0947,12,5,0.18830000000000002,-0.039,0
V0947,12,4,0.16460000000000002,-0.118,0
V0947,12,3,0.4841,-0.053,1
V0947,12,2,0.15860000000000002,-0.138,0
V0947,12,1,0.203,0.01,0
V0947,12,0,0.10520000000000002,-0.316,0
V0947,13,7,0.2018,0.006,0
V0947,13,6,0.18830000000000002,-0.039,0
V0947,13,5,0.16460000000000002,-0.118,0
V0947,13,4,0.4841,-0.053,1
V0947,13,3,0.15860000000000002,-0.138,0
V0947,13,2,0.203,0.01,0
V0947,13,1,0.10520000000000002,-0.316,0
V0947,13,0,0.1403,-0.199,0
V0948,8,7,0.1814,-0.062,0
V0948,8,6,0.21650000000000003,0.055,0
V0948,8,5,0.1766,-0.078,0
V0948,8,4,0.2351,0.117,0
V0948,8,3,0.16820000000000002,-0.106,0
V0948,8,2,0.2384,0.128,0
V0948,8,1,0.2414,0.138,0
V0948,8,0,0.22790000000000002,0.093,0
V0948,18,7,0.224,0.08,0
V0948,18,6,0.1337,-0.221,0
V0948,18,5,0.1799,-0.067,0
V0948,18,4,0.12320000000000002,-0.256,0
V0948,18,3,0.1514,-0.162,0
V0948,18,2,0.21530000000000002,0.051,0
V0948,18,1,0.2213,0.071,0
V0948,18,0,0.22820000000000001,0.094,0
V0948,22,7,0.1514,-0.162,0
V0948,22,6,0.21530000000000002,0.051,0
V0948,22,5,0.2213,0.071,0
V0948,22,4,0.22820000000000001,0.094,0
V0948,22,3,0.19160000000000002,-0.028,0
V0948,22,2,0.13040000000000002,-0.232,0
V0948,22,1,0.1526,-0.158,0
V0948,22,0,0.13520000000000001,-0.216,0
V0953,6,5,0.2132,0.044,0
V0953,6,4,0.1826,-0.058,0
V0953,6,3,0.19340000000000002,-0.022,0
V0953,6,2,0.1433,-0.189,0
V0953,6,1,0.4367,-0.211,1
V0953,6,0,0.1643,-0.119,0
V0953,15,7,0.12890000000000001,-0.237,0
V0953,15,6,0.13190000000000002,-0.227,0
V0953,15,5,0.09080000000000002,-0.364,0
V0953,15,4,0.08600000000000002,-0.38,0
V0953,15,3,0.05780000000000002,-0.474,0
V0953,15,2,0.12350000000000001,-0.255,0
V0953,15,1,0.08030000000000001,-0.399,0
V0953,15,0,0.08480000000000001,-0.384,0
V0953,18,7,0.08600000000000002,-0.38,0
V0953,18,6,0.05780000000000002,-0.474,0
V0953,18,5,0.12350000000000001,-0.255,0
V0953,18,4,0.08030000000000001,-0.399,0
V0953,18,3,0.08480000000000001,-0.384,0
V0953,18,2,0.0,-0.813,0
V0953,18,1,0.02150000000000002,-0.595,0
V0953,18,0,0.0476,-0.508,0
V0953,20,7,0.12350000000000001,-0.255,0
V0953,20,6,0.08030000000000001,-0.399,0
V0953,20,5,0.08480000000000001,-0.384,0
V0953,20,4,0.0,-0.813,0
V0953,20,3,0.02150000000000002,-0.595,0
V0953,20,2,0.0476,-0.508,0
V0953,20,1,0.04370000000000002,-0.521,0
V0953,20,0,0.365,-0.45,1
V0954,22,7,0.1841,-0.053,0
V0954,22,6,0.19640000000000002,-0.012,0
V0954,22,5,0.17870000000000003,-0.071,0
V0954,22,4,0.2195,0.065,0
V0954,22,3,0.17270000000000002,-0.091,0
V0954,22,2,0.191,-0.03,0
V0954,22,1,0.1826,-0.058,0
V0954,22,0,0.1952,-0.016,0
V0955,14,7,0.13820000000000002,-0.206,0
V0955,14,6,0.13430000000000003,-0.219,0
V0955,14,5,0.12980000000000003,-0.234,0
V0955,14,4,0.14390000000000003,-0.187,0
V0955,14,3,0.14750000000000002,-0.175,0
V0955,14,2,0.14390000000000003,-0.187,0
V0955,14,1,0.10790000000000001,-0.307,0
V0955,14,0,0.14780000000000001,-0.174,0
V0955,19,7,0.14390000000000003,-0.187,0
V0955,19,6,0.10790000000000001,-0.307,0
V0955,19,5,0.14780000000000001,-0.174,0
V0955,19,4,0.08480000000000001,-0.384,0
V0955,19,3,0.3614,-0.462,1
V0955,19,2,0.12440000000000001,-0.252,0
V0955,19,1,0.02300000000000002,-0.59,0
V0955,19,0,0.05660000000000001,-0.478,0
V0955,22,7,0.08480000000000001,-0.384,0
V0955,22,6,0.3614,-0.462,1
V0955,22,5,0.12440000000000001,-0.252,0
V0955,22,4,0.02300000000000002,-0.59,0
V0955,22,3,0.05660000000000001,-0.478,0
V0955,22,2,0.0782,-0.406,0
V0955,22,1,0.3209,-0.597,1
V0955,22,0,0.052700000000000025,-0.491,0
V0957,3,2,0.2666,0.222,0
V0957,3,1,0.2513,0.171,0
V0957,3,0,0.22640000000000002,0.088,0
V0957,17,7,0.2396,0.132,0
V0957,17,6,0.2237,0.079,0
V0957,17,5,0.2324,0.108,0
V0957,17,4,0.2381,0.127,0
V0957,17,3,0.2432,0.144,0
V0957,17,2,0.2708,0.236,0
V0957,17,1,0.22310000000000002,0.077,0
V0957,17,0,0.14600000000000002,-0.18,0
V0958,16,7,0.2366,0.122,0
V0958,16,6,0.4808,-0.064,1
V0958,16,5,0.1943,-0.019,0
V0958,16,4,0.1625,-0.125,0
V0958,16,3,0.23450000000000001,0.115,0
V0958,16,2,0.2867,0.289,0
V0958,16,1,0.2519,0.173,0
V0958,16,0,0.2519,0.173,0
V0958,22,7,0.2519,0.173,0
V0958,22,6,0.2519,0.173,0
V0958,22,5,0.14900000000000002,-0.17,0
V0958,22,4,0.21830000000000002,0.061,0
V0958,22,3,0.1763,-0.079,0
V0958,22,2,0.14840000000000003,-0.172,0
V0958,22,1,0.11060000000000002,-0.298,0
V0958,22,0,0.116,-0.28,0
V0958,23,7,0.2519,0.173,0
V0958,23,6,0.14900000000000002,-0.17,0
V0958,23,5,0.21830000000000002,0.061,0
V0958,23,4,0.1763,-0.079,0
V0958,23,3,0.14840000000000003,-0.172,0
V0958,23,2,0.11060000000000002,-0.298,0
V0958,23,1,0.116,-0.28,0
V0958,23,0,0.12170000000000002,-0.261,0
V0959,19,7,0.134,-0.22,0
V0959,19,6,0.11300000000000002,-0.29,0
V0959,19,5,0.1754,-0.082,0
V0959,19,4,0.15350000000000003,-0.155,0
V0959,19,3,0.11420000000000002,-0.286,0
V0959,19,2,0.13580000000000003,-0.214,0
V0959,19,1,0.08120000000000001,-0.396,0
V0959,19,0,0.1532,-0.156,0
V0961,3,2,0.21380000000000002,0.046,0
V0961,3,1,0.19160000000000002,-0.028,0
V0961,3,0,0.5645,0.215,1
V0961,12,7,0.19460000000000002,-0.018,0
V0961,12,6,0.16970000000000002,-0.101,0
V0961,12,5,0.1802,-0.066,0
V0961,12,4,0.18200000000000002,-0.06,0
V0961,12,3,0.2114,0.038,0
V0961,12,2,0.1835,-0.055,0
V0961,12,1,0.1859,-0.047,0
V0961,12,0,0.18560000000000001,-0.048,0
V0961,13,7,0.16970000000000002,-0.101,0
V0961,13,6,0.1802,-0.066,0
V0961,13,5,0.18200000000000002,-0.06,0
V0961,13,4,0.2114,0.038,0
V0961,13,3,0.1835,-0.055,0
V0961,13,2,0.1859,-0.047,0
V0961,13,1,0.18560000000000001,-0.048,0
V0961,13,0,0.4457,-0.181,1
V0961,14,7,0.1802,-0.066,0
V0961,14,6,0.18200000000000002,-0.06,0
V0961,14,5,0.2114,0.038,0
V0961,14,4,0.1835,-0.055,0
V0961,14,3,0.1859,-0.047,0
V0961,14,2,0.18560000000000001,-0.048,0
V0961,14,1,0.4457,-0.181,1
V0961,14,0,0.14750000000000002,-0.175,0
V0961,15,7,0.18200000000000002,-0.06,0
V0961,15,6,0.2114,0.038,0
V0961,15,5,0.1835,-0.055,0
V0961,15,4,0.1859,-0.047,0
V0961,15,3,0.18560000000000001,-0.048,0
V0961,15,2,0.4457,-0.181,1
V0961,15,1,0.14750000000000002,-0.175,0
V0961,15,0,0.1208,-0.264,0
V0961,16,7,0.2114,0.038,0
V0961,16,6,0.1835,-0.055,0
V0961,16,5,0.1859,-0.047,0
V0961,16,4,0.18560000000000001,-0.048,0
V0961,16,3,0.4457,-0.181,1
V0961,16,2,0.14750000000000002,-0.175,0
V0961,16,1,0.1208,-0.264,0
V0961,16,0,0.4148,-0.284,1
V0961,19,7,0.18560000000000001,-0.048,0
V0961,19,6,0.4457,-0.181,1
V0961,19,5,0.14750000000000002,-0.175,0
V0961,19,4,0.1208,-0.264,0
V0961,19,3,0.4148,-0.284,1
V0961,19,2,0.14420000000000002,-0.186,0
V0961,19,1,0.13520000000000001,-0.216,0
V0961,19,0,0.1325,-0.225,0
V0961,21,7,0.14750000000000002,-0.175,0
V0961,21,6,0.1208,-0.264,0
V0961,21,5,0.4148,-0.284,1
V0961,21,4,0.14420000000000002,-0.186,0
V0961,21,3,0.13520000000000001,-0.216,0
V0961,21,2,0.1325,-0.225,0
V0961,21,1,0.10970000000000002,-0.301,0
V0961,21,0,0.1385,-0.205,0
V0961,23,7,0.4148,-0.284,1
V0961,23,6,0.14420000000000002,-0.186,0
V0961,23,5,0.13520000000000001,-0.216,0
V0961,23,4,0.1325,-0.225,0
V0961,23,3,0.10970000000000002,-0.301,0
V0961,23,2,0.1385,-0.205,0
V0961,23,1,0.11570000000000001,-0.281,0
V0961,23,0,0.1826,-0.058,0
V0963,13,7,0.16910000000000003,-0.103,0
V0963,13,6,0.18710000000000002,-0.043,0
V0963,13,5,0.17420000000000002,-0.086,0
V0963,13,4,0.14240000000000003,-0.192,0
V0963,13,3,0.10940000000000001,-0.302,0
V0963,13,2,0.1547,-0.151,0
V0963,13,1,0.4265,-0.245,1
V0963,13,0,0.125,-0.25,0
V0963,16,7,0.14240000000000003,-0.192,0
V0963,16,6,0.10940000000000001,-0.302,0
V0963,16,5,0.1547,-0.151,0
V0963,16,4,0.4265,-0.245,1
V0963,16,3,0.125,-0.25,0
V0963,16,2,0.1391,-0.203,0
V0963,16,1,0.12200000000000001,-0.26,0
V0963,16,0,0.12920000000000004,-0.236,0
V0964,18,7,0.43069999999999997,-0.231,1
V0964,18,6,0.16190000000000002,-0.127,0
V0964,18,5,0.5042,0.014,1
V0964,18,4,0.12350000000000001,-0.255,0
V0964,18,3,0.128,-0.24,0
V0964,18,2,0.203,0.01,0
V0964,18,1,0.43220000000000003,-0.226,1
V0964,18,0,0.09020000000000002,-0.366,0
V0966,22,7,0.2363,0.121,0
V0966,22,6,0.5756,0.252,1
V0966,22,5,0.1274,-0.242,0
V0966,22,4,0.19340000000000002,-0.022,0
V0966,22,3,0.1733,-0.089,0
V0966,22,2,0.1937,-0.021,0
V0966,22,1,0.17120000000000002,-0.096,0
V0966,22,0,0.137,-0.21,0
V0969,5,4,0.11900000000000001,-0.27,0
V0969,5,3,0.10490000000000001,-0.317,0
V0969,5,2,0.10010000000000001,-0.333,0
V0969,5,1,0.14900000000000002,-0.17,0
V0969,5,0,0.07430000000000003,-0.419,0
V0969,10,7,0.10010000000000001,-0.333,0
V0969,10,6,0.14900000000000002,-0.17,0
V0969,10,5,0.07430000000000003,-0.419,0
V0969,10,4,0.07220000000000001,-0.426,0
V0969,10,3,0.06920000000000001,-0.436,0
V0969,10,2,0.04670000000000002,-0.511,0
V0969,10,1,0.044300000000000006,-0.519,0
V0969,10,0,0.04940000000000003,-0.502,0
V0969,11,7,0.14900000000000002,-0.17,0
V0969,11,6,0.07430000000000003,-0.419,0
V0969,11,5,0.07220000000000001,-0.426,0
V0969,11,4,0.06920000000000001,-0.436,0
V0969,11,3,0.04670000000000002,-0.511,0
V0969,11,2,0.044300000000000006,-0.519,0
V0969,11,1,0.04940000000000003,-0.502,0
V0969,11,0,0.07640000000000002,-0.412,0
V0970,11,7,0.1988,-0.004,0
V0970,11,6,0.16790000000000002,-0.107,0
V0970,11,5,0.1703,-0.099,0
V0970,11,4,0.13490000000000002,-0.217,0
V0970,11,3,0.1532,-0.156,0
V0970,11,2,0.4187,-0.271,1
V0970,11,1,0.1826,-0.058,0
V0970,11,0,0.1325,-0.225,0
V0970,13,7,0.1703,-0.099,0
V0970,13,6,0.13490000000000002,-0.217,0
V0970,13,5,0.1532,-0.156,0
V0970,13,4,0.4187,-0.271,1
V0970,13,3,0.1826,-0.058,0
V0970,13,2,0.1325,-0.225,0
V0970,13,1,0.0989,-0.337,0
V0970,13,0,0.12260000000000001,-0.258,0
V0974,15,7,0.4187,-0.271,1
V0974,15,6,0.1865,-0.045,0
V0974,15,5,0.15410000000000001,-0.153,0
V0974,15,4,0.4481,-0.173,1
V0974,15,3,0.10460000000000001,-0.318,0
V0974,15,2,0.101,-0.33,0
V0974,15,1,0.03320000000000001,-0.556,0
V0974,15,0,0.06230000000000002,-0.459,0
V0974,21,7,0.03320000000000001,-0.556,0
V0974,21,6,0.06230000000000002,-0.459,0
V0974,21,5,0.07160000000000002,-0.428,0
V0974,21,4,0.036500000000000005,-0.545,0
V0974,21,3,0.07790000000000002,-0.407,0
V0974,21,2,0.06290000000000001,-0.457,0
V0974,21,1,0.0446,-0.518,0
V0974,21,0,0.07430000000000003,-0.419,0
V0976,8,7,0.1487,-0.171,0
V0976,8,6,0.19640000000000002,-0.012,0
V0976,8,5,0.1487,-0.171,0
V0976,8,4,0.09290000000000002,-0.357,0
V0976,8,3,0.13040000000000002,-0.232,0
V0976,8,2,0.5287999999999999,0.096,1
V0976,8,1,0.1652,-0.116,0
V0976,8,0,0.2255,0.085,0
V0976,21,7,0.18080000000000002,-0.064,0
V0976,21,6,0.08990000000000002,-0.367,0
V0976,21,5,0.15350000000000003,-0.155,0
V0976,21,4,0.15650000000000003,-0.145,0
V0976,21,3,0.1613,-0.129,0
V0976,21,2,0.4277,-0.241,1
V0976,21,1,0.13280000000000003,-0.224,0
V0976,21,0,0.18980000000000002,-0.034,0
V0977,1,0,0.14390000000000003,-0.187,0
V0977,5,4,0.14390000000000003,-0.187,0
V0977,5,3,0.1322,-0.226,0
V0977,5,2,0.09920000000000001,-0.336,0
V0977,5,1,0.11210000000000002,-0.293,0
V0977,5,0,0.1433,-0.189,0
V0977,9,7,0.1322,-0.226,0
V0977,9,6,0.09920000000000001,-0.336,0
V0977,9,5,0.11210000000000002,-0.293,0
V0977,9,4,0.1433,-0.189,0
V0977,9,3,0.12140000000000001,-0.262,0
V0977,9,2,0.07400000000000001,-0.42,0
V0977,9,1,0.1337,-0.221,0
V0977,9,0,0.1802,-0.066,0
V0977,11,7,0.11210000000000002,-0.293,0
V0977,11,6,0.1433,-0.189,0
V0977,11,5,0.12140000000000001,-0.262,0
V0977,11,4,0.07400000000000001,-0.42,0
V0977,11,3,0.1337,-0.221,0
V0977,11,2,0.1802,-0.066,0
V0977,11,1,0.09560000000000002,-0.348,0
V0977,11,0,0.1685,-0.105,0
V0977,14,7,0.07400000000000001,-0.42,0
V0977,14,6,0.1337,-0.221,0
V0977,14,5,0.1802,-0.066,0
V0977,14,4,0.09560000000000002,-0.348,0
V0977,14,3,0.1685,-0.105,0
V0977,14,2,0.12980000000000003,-0.234,0
V0977,14,1,0.09260000000000002,-0.358,0
V0977,14,0,0.04940000000000003,-0.502,0
V0977,15,7,0.1337,-0.221,0
V0977,15,6,0.1802,-0.066,0
V0977,15,5,0.09560000000000002,-0.348,0
V0977,15,4,0.1685,-0.105,0
V0977,15,3,0.12980000000000003,-0.234,0
V0977,15,2,0.09260000000000002,-0.358,0
V0977,15,1,0.04940000000000003,-0.502,0
V0977,15,0,0.14300000000000002,-0.19,0
V0977,20,7,0.09260000000000002,-0.358,0
V0977,20,6,0.04940000000000003,-0.502,0
V0977,20,5,0.14300000000000002,-0.19,0
V0977,20,4,0.08990000000000002,-0.367,0
V0977,20,3,0.1403,-0.199,0
V0977,20,2,0.05300000000000002,-0.49,0
V0977,20,1,0.08810000000000001,-0.373,0
V0977,20,0,0.09110000000000001,-0.363,0
V0977,23,7,0.08990000000000002,-0.367,0
V0977,23,6,0.1403,-0.199,0
V0977,23,5,0.05300000000000002,-0.49,0
V0977,23,4,0.08810000000000001,-0.373,0
V0977,23,3,0.09110000000000001,-0.363,0
V0977,23,2,0.11090000000000001,-0.297,0
V0977,23,1,0.09650000000000002,-0.345,0
V0977,23,0,0.39080000000000004,-0.364,1
V0978,3,2,0.09980000000000001,-0.334,0
V0978,3,1,0.11120000000000002,-0.296,0
V0978,3,0,0.08120000000000001,-0.396,0
V0978,9,7,0.11120000000000002,-0.296,0
V0978,9,6,0.08120000000000001,-0.396,0
V0978,9,5,0.12410000000000002,-0.253,0
V0978,9,4,0.1544,-0.152,0
V0978,9,3,0.07880000000000001,-0.404,0
V0978,9,2,0.1361,-0.213,0
V0978,9,1,0.12140000000000001,-0.262,0
V0978,9,0,0.1361,-0.213,0
V0978,14,7,0.1361,-0.213,0
V0978,14,6,0.12140000000000001,-0.262,0
V0978,14,5,0.1361,-0.213,0
V0978,14,4,0.10610000000000001,-0.313,0
V0978,14,3,0.1574,-0.142,0
V0978,14,2,0.1355,-0.215,0
V0978,14,1,0.11420000000000002,-0.286,0
V0978,14,0,0.4571,-0.143,1
V0982,12,7,0.11210000000000002,-0.293,0
V0982,12,6,0.09260000000000002,-0.358,0
V0982,12,5,0.10010000000000001,-0.333,0
V0982,12,4,0.12350000000000001,-0.255,0
V0982,12,3,0.167,-0.11,0
V0982,12,2,0.18860000000000002,-0.038,0
V0982,12,1,0.1967,-0.011,0
V0982,12,0,0.11870000000000001,-0.271,0
V0982,18,7,0.1967,-0.011,0
V0982,18,6,0.11870000000000001,-0.271,0
V0982,18,5,0.15500000000000003,-0.15,0
V0982,18,4,0.1466,-0.178,0
V0982,18,3,0.39080000000000004,-0.364,1
V0982,18,2,0.13340000000000002,-0.222,0
V0982,18,1,0.13490000000000002,-0.217,0
V0982,18,0,0.11870000000000001,-0.271,0
V0985,1,0,0.1766,-0.078,0
V0985,13,7,0.15530000000000002,-0.149,0
V0985,13,6,0.4757,-0.081,1
V0985,13,5,0.15050000000000002,-0.165,0
V0985,13,4,0.2069,0.023,0
V0985,13,3,0.22340000000000002,0.078,0
V0985,13,2,0.15710000000000002,-0.143,0
V0985,13,1,0.2066,0.022,0
V0985,13,0,0.218,0.06,0
V0985,14,7,0.4757,-0.081,1
V0985,14,6,0.15050000000000002,-0.165,0
V0985,14,5,0.2069,0.023,0
V0985,14,4,0.22340000000000002,0.078,0
V0985,14,3,0.15710000000000002,-0.143,0
V0985,14,2,0.2066,0.022,0
V0985,14,1,0.218,0.06,0
V0985,14,0,0.11810000000000001,-0.273,0
V0985,16,7,0.2069,0.023,0
V0985,16,6,0.22340000000000002,0.078,0
V0985,16,5,0.15710000000000002,-0.143,0
V0985,16,4,0.2066,0.022,0
V0985,16,3,0.218,0.06,0
V0985,16,2,0.11810000000000001,-0.273,0
V0985,16,1,0.10760000000000002,-0.308,0
V0985,16,0,0.08630000000000002,-0.379,0
V0985,17,7,0.22340000000000002,0.078,0
V0985,17,6,0.15710000000000002,-0.143,0
V0985,17,5,0.2066,0.022,0
V0985,17,4,0.218,0.06,0
V0985,17,3,0.11810000000000001,-0.273,0
V0985,17,2,0.10760000000000002,-0.308,0
V0985,17,1,0.08630000000000002,-0.379,0
V0985,17,0,0.031100000000000044,-0.563,0
V0985,21,7,0.11810000000000001,-0.273,0
V0985,21,6,0.10760000000000002,-0.308,0
V0985,21,5,0.08630000000000002,-0.379,0
V0985,21,4,0.031100000000000044,-0.563,0
V0985,21,3,0.11090000000000001,-0.297,0
V0985,21,2,0.11420000000000002,-0.286,0
V0985,21,1,0.11150000000000002,-0.295,0
V0985,21,0,0.10820000000000002,-0.306,0
V0988,18,7,0.16820000000000002,-0.106,0
V0988,18,6,0.1391,-0.203,0
V0988,18,5,0.44120000000000004,-0.196,1
V0988,18,4,0.11960000000000001,-0.268,0
V0988,18,3,0.1658,-0.114,0
V0988,18,2,0.1655,-0.115,0
V0988,18,1,0.15680000000000002,-0.144,0
V0988,18,0,0.1481,-0.173,0
V0989,22,7,0.16670000000000001,-0.111,0
V0989,22,6,0.10790000000000001,-0.307,0
V0989,22,5,0.1463,-0.179,0
V0989,22,4,0.131,-0.23,0
V0989,22,3,0.1577,-0.141,0
V0989,22,2,0.15050000000000002,-0.165,0
V0989,22,1,0.1355,-0.215,0
V0989,22,0,0.0476,-0.508,0
V0990,10,7,0.1802,-0.066,0
V0990,10,6,0.233,0.11,0
V0990,10,5,0.188,-0.04,0
V0990,10,4,0.185,-0.05,0
V0990,10,3,0.23870000000000002,0.129,0
V0990,10,2,0.2021,0.007,0
V0990,10,1,0.22010000000000002,0.067,0
V0990,10,0,0.4565,-0.145,1
V0990,14,7,0.23870000000000002,0.129,0
V0990,14,6,0.2021,0.007,0
V0990,14,5,0.22010000000000002,0.067,0
V0990,14,4,0.4565,-0.145,1
V0990,14,3,0.16790000000000002,-0.107,0
V0990,14,2,0.1169,-0.277,0
V0990,14,1,0.13670000000000002,-0.211,0
V0990,14,0,0.13940000000000002,-0.202,0
V0990,16,7,0.22010000000000002,0.067,0
V0990,16,6,0.4565,-0.145,1
V0990,16,5,0.16790000000000002,-0.107,0
V0990,16,4,0.1169,-0.277,0
V0990,16,3,0.13670000000000002,-0.211,0
V0990,16,2,0.13940000000000002,-0.202,0
V0990,16,1,0.13790000000000002,-0.207,0
V0990,16,0,0.1643,-0.119,0
V0991,21,7,0.11540000000000002,-0.282,0
V0991,21,6,0.048500000000000015,-0.505,0
V0991,21,5,0.08180000000000001,-0.394,0
V0991,21,4,0.06230000000000002,-0.459,0
V0991,21,3,0.11480000000000003,-0.284,0
V0991,21,2,0.09410000000000002,-0.353,0
V0991,21,1,0.08150000000000002,-0.395,0
V0991,21,0,0.05930000000000002,-0.469,0
V0993,1,0,0.12260000000000001,-0.258,0
V0993,22,7,0.12140000000000001,-0.262,0
V0993,22,6,0.07160000000000002,-0.428,0
V0993,22,5,0.07730000000000002,-0.409,0
V0993,22,4,0.4109,-0.297,1
V0993,22,3,0.14270000000000002,-0.191,0
V0993,22,2,0.07370000000000002,-0.421,0
V0993,22,1,0.14090000000000003,-0.197,0
V0993,22,0,0.10010000000000001,-0.333,0
V0994,16,7,0.22490000000000002,0.083,0
V0994,16,6,0.2399,0.133,0
V0994,16,5,0.2651,0.217,0
V0994,16,4,0.2159,0.053,0
V0994,16,3,0.21860000000000002,0.062,0
V0994,16,2,0.1331,-0.223,0
V0994,16,1,0.15560000000000002,-0.148,0
V0994,16,0,0.22640000000000002,0.088,0
V0994,21,7,0.1331,-0.223,0
V0994,21,6,0.15560000000000002,-0.148,0
V0994,21,5,0.22640000000000002,0.088,0
V0994,21,4,0.2225,0.075,0
V0994,21,3,0.19970000000000002,-0.001,0
V0994,21,2,0.15680000000000002,-0.144,0
V0994,21,1,0.21500000000000002,0.05,0
V0994,21,0,0.22970000000000002,0.099,0
V0995,7,6,0.509,0.03,1
V0995,7,5,0.21230000000000002,0.041,0
V0995,7,4,0.1907,-0.031,0
V0995,7,3,0.18710000000000002,-0.043,0
V0995,7,2,0.1892,-0.036,0
V0995,7,1,0.1922,-0.026,0
V0995,7,0,0.11360000000000002,-0.288,0
V0995,8,7,0.509,0.03,1
V0995,8,6,0.21230000000000002,0.041,0
V0995,8,5,0.1907,-0.031,0
V0995,8,4,0.18710000000000002,-0.043,0
V0995,8,3,0.1892,-0.036,0
V0995,8,2,0.1922,-0.026,0
V0995,8,1,0.11360000000000002,-0.288,0
V0995,8,0,0.455,-0.15,1
V0995,17,7,0.10910000000000002,-0.303,0
V0995,17,6,0.15410000000000001,-0.153,0
V0995,17,5,0.14900000000000002,-0.17,0
V0995,17,4,0.1418,-0.194,0
V0995,17,3,0.14090000000000003,-0.197,0
V0995,17,2,0.14420000000000002,-0.186,0
V0995,17,1,0.0782,-0.406,0
V0995,17,0,0.10850000000000001,-0.305,0
V0995,18,7,0.15410000000000001,-0.153,0
V0995,18,6,0.14900000000000002,-0.17,0
V0995,18,5,0.1418,-0.194,0
V0995,18,4,0.14090000000000003,-0.197,0
V0995,18,3,0.14420000000000002,-0.186,0
V0995,18,2,0.0782,-0.406,0
V0995,18,1,0.10850000000000001,-0.305,0
V0995,18,0,0.07970000000000001,-0.401,0
V0997,23,7,0.548,0.16,1
V0997,23,6,0.48619999999999997,-0.046,1
V0997,23,5,0.20120000000000002,0.004,0
V0997,23,4,0.1754,-0.082,0
V0997,23,3,0.17720000000000002,-0.076,0
V0997,23,2,0.2087,0.029,0
V0997,23,1,0.16460000000000002,-0.118,0
V0997,23,0,0.1958,-0.014,0
V0999,8,7,0.2159,0.053,0
V0999,8,6,0.1937,-0.021,0
V0999,8,5,0.227,0.09,0
V0999,8,4,0.20450000000000002,0.015,0
V0999,8,3,0.164,-0.12,0
V0999,8,2,0.14780000000000001,-0.174,0
V0999,8,1,0.14780000000000001,-0.174,0
V0999,8,0,0.13520000000000001,-0.216,0
V0999,17,7,0.1577,-0.141,0
V0999,17,6,0.11120000000000002,-0.296,0
V0999,17,5,0.185,-0.05,0
V0999,17,4,0.11870000000000001,-0.271,0
V0999,17,3,0.1721,-0.093,0
V0999,17,2,0.12020000000000002,-0.266,0
V0999,17,1,0.12980000000000003,-0.234,0
V0999,17,0,0.1295,-0.235,0
V0999,18,7,0.11120000000000002,-0.296,0
V0999,18,6,0.185,-0.05,0
V0999,18,5,0.11870000000000001,-0.271,0
V0999,18,4,0.1721,-0.093,0
V0999,18,3,0.12020000000000002,-0.266,0
V0999,18,2,0.12980000000000003,-0.234,0
V0999,18,1,0.1295,-0.235,0
V0999,18,0,0.11090000000000001,-0.297,0
V0999,23,7,0.12980000000000003,-0.234,0
V0999,23,6,0.1295,-0.235,0
V0999,23,5,0.11090000000000001,-0.297,0
V0999,23,4,0.10910000000000002,-0.303,0
V0999,23,3,0.07250000000000001,-0.425,0
V0999,23,2,0.1307,-0.231,0
V0999,23,1,0.03470000000000001,-0.551,0
V0999,23,0,0.3986,-0.338,1
V1000,5,4,0.14270000000000002,-0.191,0
V1000,5,3,0.10700000000000001,-0.31,0
V1000,5,2,0.1736,-0.088,0
V1000,5,1,0.10880000000000002,-0.304,0
V1000,5,0,0.4169,-0.277,1
V1000,6,5,0.14270000000000002,-0.191,0
V1000,6,4,0.10700000000000001,-0.31,0
V1000,6,3,0.1736,-0.088,0
V1000,6,2,0.10880000000000002,-0.304,0
V1000,6,1,0.4169,-0.277,1
V1000,6,0,0.4439,-0.187,1
V1000,17,7,0.08180000000000001,-0.394,0
V1000,17,6,0.09410000000000002,-0.353,0
V1000,17,5,0.09200000000000001,-0.36,0
V1000,17,4,0.09230000000000002,-0.359,0
V1000,17,3,0.04490000000000002,-0.517,0
V1000,17,2,0.056900000000000034,-0.477,0
V1000,17,1,0.08570000000000001,-0.381,0
V1000,17,0,0.05990000000000001,-0.467,0
